7.05,,Min,3.43
5.66,,Max,313.55
4.77,,Sum,89564
8.57,,Mean,8.9564
5.67,,Varaince,73.21949101
5.41,,Std. Dev,8.556838844
6.79,,CoV,0.955388197
6.67,,,
5.85,,,
5.8,,,
8.05,,,
4.49,,,
4.77,,,
6.29,,,
5.6,,,
7.56,,,
5.76,,,
5.83,,,
10.14,,,
8.58,,,
5.19,,,
4.95,,,
7.44,,,
5.63,,,
5.83,,,
5.28,,,
4.99,,,
7.18,,,
6.24,,,
7.65,,,
5.52,,,
5.08,,,
8.98,,,
4.92,,,
4.84,,,
7.78,,,
5.52,,,
6.93,,,
5.43,,,
8.27,,,
5.12,,,
5.39,,,
5.14,,,
5.59,,,
7.44,,,
15.47,,,
7.47,,,
4.14,,,
5.05,,,
8.17,,,
4.86,,,
4.64,,,
7.48,,,
5.52,,,
5.1,,,
7.79,,,
4.91,,,
6.1,,,
8.65,,,
8.79,,,
7.54,,,
309.4,,,
6.42,,,
7.14,,,
62.64,,,
4.72,,,
7.69,,,
4.69,,,
4.56,,,
8.26,,,
5.15,,,
4.92,,,
4.78,,,
8.99,,,
5.98,,,
7.09,,,
10.11,,,
5.9,,,
6.03,,,
5.34,,,
5.74,,,
8.21,,,
4.56,,,
9.34,,,
7.4,,,
10.82,,,
6.71,,,
9.09,,,
5.22,,,
6.19,,,
5.81,,,
5.23,,,
7.85,,,
4.84,,,
4.96,,,
8.04,,,
7.15,,,
5.67,,,
12.67,,,
4.91,,,
7.54,,,
5.07,,,
4.93,,,
8.85,,,
4.84,,,
8.81,,,
4.71,,,
5.4,,,
8.28,,,
4.73,,,
6.66,,,
4.63,,,
5.46,,,
4.71,,,
5.58,,,
5.44,,,
18.32,,,
5.55,,,
6.66,,,
5.4,,,
19.53,,,
5.02,,,
7.78,,,
6.3,,,
4.68,,,
8.31,,,
4.73,,,
5.81,,,
6.61,,,
5.91,,,
7,,,
5.96,,,
5.4,,,
5.83,,,
4.89,,,
6.37,,,
6.29,,,
6.56,,,
8,,,
6.15,,,
8.42,,,
4.11,,,
6.33,,,
9.2,,,
5.47,,,
9.4,,,
5.64,,,
6.88,,,
6.84,,,
6.5,,,
8.96,,,
6.18,,,
9.31,,,
6.59,,,
6.27,,,
7.6,,,
7.62,,,
8.46,,,
4.69,,,
7.84,,,
4.15,,,
5.23,,,
6.6,,,
5.11,,,
4.67,,,
9.25,,,
6.84,,,
9.64,,,
4.32,,,
5.08,,,
8.06,,,
5.38,,,
6.53,,,
6.15,,,
4.99,,,
5.44,,,
8.65,,,
5.38,,,
7.81,,,
6.78,,,
5.91,,,
8.77,,,
7.36,,,
9.42,,,
5.1,,,
7.07,,,
4.67,,,
8.46,,,
4.61,,,
6.26,,,
8.51,,,
5.34,,,
7.61,,,
4.72,,,
4.53,,,
6.22,,,
4.93,,,
10.88,,,
5.27,,,
7.12,,,
4.77,,,
4.78,,,
4.3,,,
5.69,,,
5.33,,,
4.87,,,
4.82,,,
4.6,,,
6.72,,,
5.37,,,
7.93,,,
5.35,,,
7.64,,,
5,,,
6.95,,,
5.36,,,
4.67,,,
9.87,,,
5.41,,,
9.17,,,
5.23,,,
4.85,,,
7.98,,,
4.67,,,
5.09,,,
9.63,,,
4.65,,,
8.27,,,
5.16,,,
4.92,,,
6.3,,,
5.31,,,
8.31,,,
5.66,,,
11.35,,,
5.34,,,
6.57,,,
8.21,,,
6.34,,,
6.44,,,
5.05,,,
4.91,,,
8.41,,,
5.11,,,
6.7,,,
5.93,,,
4.93,,,
4.91,,,
6.08,,,
8.19,,,
5.56,,,
8.66,,,
5.3,,,
4.99,,,
8.4,,,
5.27,,,
7.46,,,
4.68,,,
4.54,,,
6.79,,,
7.03,,,
7.03,,,
5.11,,,
8.53,,,
5.79,,,
7.91,,,
8.43,,,
6.26,,,
8.04,,,
7.28,,,
8.02,,,
5.38,,,
6.64,,,
5.96,,,
6.19,,,
5.32,,,
6.24,,,
6.47,,,
5.73,,,
6.58,,,
8.28,,,
5.23,,,
4.41,,,
7.7,,,
6.34,,,
8.73,,,
5.66,,,
4.39,,,
4.43,,,
5.73,,,
6.22,,,
4.63,,,
4.79,,,
7.2,,,
6.43,,,
50.92,,,
8.92,,,
6.06,,,
14.63,,,
5.78,,,
9.29,,,
6.5,,,
5.61,,,
7.4,,,
6.37,,,
9,,,
4.91,,,
8.39,,,
5.89,,,
9.34,,,
7.63,,,
7.77,,,
5.23,,,
6.96,,,
5.64,,,
6.12,,,
6.45,,,
10.33,,,
6.8,,,
9.1,,,
6.78,,,
9.46,,,
6.71,,,
13.46,,,
5.82,,,
6.81,,,
6.42,,,
8.61,,,
6.12,,,
7.81,,,
6.46,,,
4.7,,,
8.34,,,
8.12,,,
8.43,,,
5.94,,,
10.01,,,
4.89,,,
7.36,,,
7.42,,,
6.14,,,
6.04,,,
6.88,,,
6.1,,,
5.36,,,
5.41,,,
8.42,,,
6.31,,,
6.12,,,
6.76,,,
16.58,,,
5.38,,,
5.24,,,
7.37,,,
11.73,,,
9.36,,,
5.68,,,
8.92,,,
6.17,,,
9.02,,,
5.79,,,
5.85,,,
7.14,,,
6.54,,,
7.81,,,
6.42,,,
7.34,,,
9.74,,,
4.81,,,
8.61,,,
6.28,,,
9.34,,,
5.95,,,
10.74,,,
6.32,,,
6.67,,,
8.2,,,
5.27,,,
9.5,,,
5.92,,,
8.01,,,
5.52,,,
8.61,,,
5.2,,,
7.29,,,
5.99,,,
5.58,,,
9.27,,,
5,,,
8.72,,,
8.47,,,
10.05,,,
5.48,,,
5.96,,,
8.63,,,
5.43,,,
8.79,,,
5.58,,,
61.55,,,
5.17,,,
5.55,,,
7.89,,,
5.76,,,
9.6,,,
6.51,,,
10.68,,,
5.51,,,
7.21,,,
8.8,,,
4.41,,,
6.73,,,
9.83,,,
6.98,,,
11.71,,,
9.61,,,
6.2,,,
5.34,,,
7.88,,,
5.94,,,
5.17,,,
4.96,,,
6.88,,,
5.81,,,
19.35,,,
4.61,,,
8.06,,,
5.31,,,
8.65,,,
6.19,,,
6.51,,,
7.65,,,
5.64,,,
9.23,,,
5.25,,,
8.29,,,
5.19,,,
4.98,,,
8.18,,,
6.04,,,
7.91,,,
5.45,,,
7.67,,,
6.08,,,
5.77,,,
7.97,,,
4.89,,,
4.74,,,
7.4,,,
4.56,,,
7.9,,,
6.41,,,
10.34,,,
6.91,,,
6.17,,,
8.06,,,
6.38,,,
7.29,,,
6.38,,,
7.36,,,
5.31,,,
4.58,,,
5.62,,,
6.49,,,
6.62,,,
6.68,,,
4.93,,,
8.74,,,
6.57,,,
8.65,,,
5.26,,,
5.6,,,
8.44,,,
6.54,,,
14.05,,,
5.29,,,
7.33,,,
6.73,,,
5.5,,,
6.59,,,
6.07,,,
4.71,,,
8.53,,,
8.39,,,
10.75,,,
8.46,,,
5.59,,,
5.44,,,
5.46,,,
10.05,,,
9.99,,,
15.74,,,
4.76,,,
8.05,,,
28.46,,,
5.02,,,
10.01,,,
8.18,,,
7.06,,,
14.58,,,
6.67,,,
8.37,,,
5.89,,,
6.28,,,
6.63,,,
6.12,,,
7.11,,,
18.38,,,
6.96,,,
7.44,,,
6.63,,,
7.95,,,
7,,,
8.84,,,
6.03,,,
8.66,,,
8.99,,,
8.87,,,
6.65,,,
8.42,,,
7.05,,,
8.07,,,
6.52,,,
5.45,,,
7.47,,,
5.91,,,
7.8,,,
5.07,,,
7.18,,,
5.22,,,
4.99,,,
5.74,,,
4.4,,,
4.51,,,
5.09,,,
7.15,,,
4.78,,,
5.5,,,
4.9,,,
4.93,,,
5.52,,,
7.51,,,
4.9,,,
4.9,,,
6.22,,,
6.34,,,
4.77,,,
6.52,,,
7.83,,,
5.99,,,
7,,,
5.2,,,
5.52,,,
9.7,,,
4.67,,,
5.19,,,
7.59,,,
5.73,,,
53.16,,,
5.13,,,
4.55,,,
6.65,,,
4.59,,,
30.93,,,
4.59,,,
7.8,,,
5.63,,,
7.44,,,
5.4,,,
6.52,,,
6.16,,,
5.16,,,
9.02,,,
5.43,,,
13.57,,,
5.23,,,
5.31,,,
6.62,,,
5.12,,,
7.51,,,
5.86,,,
7.57,,,
7.74,,,
4.98,,,
7.83,,,
5.13,,,
5.87,,,
9.45,,,
6.08,,,
6.46,,,
5.8,,,
5.43,,,
7.39,,,
4.45,,,
4.42,,,
6.91,,,
5.21,,,
6.02,,,
7.9,,,
4.88,,,
8.05,,,
4.92,,,
6.44,,,
6.91,,,
5.16,,,
9.19,,,
5.52,,,
7.4,,,
6.01,,,
7.12,,,
7.97,,,
5.16,,,
6,,,
5.07,,,
5.5,,,
9.19,,,
6.11,,,
7.25,,,
6.43,,,
5.8,,,
11.77,,,
5.2,,,
28.69,,,
4.3,,,
13.52,,,
5,,,
6.32,,,
5.3,,,
6.16,,,
9.43,,,
6.38,,,
9.25,,,
5,,,
8.64,,,
6.02,,,
5.87,,,
8.36,,,
5.78,,,
8.01,,,
6.42,,,
5.22,,,
8.9,,,
5.34,,,
6.23,,,
7.48,,,
5.47,,,
7.69,,,
6.25,,,
9.13,,,
4.84,,,
5.26,,,
7.73,,,
4.91,,,
5.12,,,
6.75,,,
6.31,,,
8.69,,,
6.56,,,
5.87,,,
5.78,,,
4.85,,,
6.33,,,
6.4,,,
8.82,,,
6,,,
8.58,,,
4.71,,,
4.63,,,
8.04,,,
5.26,,,
7.27,,,
5.94,,,
4.64,,,
7.74,,,
4.69,,,
5.93,,,
8.93,,,
5.19,,,
4.41,,,
7.54,,,
6.07,,,
5.6,,,
8.09,,,
5.26,,,
7.81,,,
4.67,,,
4.67,,,
8.06,,,
4.43,,,
4.86,,,
7.12,,,
4.67,,,
7.34,,,
5.58,,,
5.49,,,
7.46,,,
5.36,,,
4.74,,,
7.03,,,
6.05,,,
4.82,,,
6.91,,,
5.55,,,
52.81,,,
7.26,,,
6.01,,,
8.36,,,
5.07,,,
4.81,,,
6.58,,,
5.46,,,
6.29,,,
9.83,,,
3.9,,,
6.19,,,
5.07,,,
4.49,,,
6.78,,,
5.6,,,
8.6,,,
5.7,,,
6.25,,,
8.12,,,
5.77,,,
13.77,,,
7.2,,,
4.99,,,
7.41,,,
5.47,,,
7.29,,,
6.58,,,
6.03,,,
8.3,,,
5.32,,,
8.54,,,
5.95,,,
4.96,,,
8.35,,,
5.16,,,
7.32,,,
6.37,,,
4.85,,,
7.91,,,
29.79,,,
5.22,,,
5.71,,,
10.3,,,
5.55,,,
5.35,,,
5.89,,,
6.04,,,
8.2,,,
6.63,,,
8.43,,,
6.67,,,
10.56,,,
5.67,,,
6.08,,,
6.37,,,
5.64,,,
8.9,,,
5.09,,,
8.73,,,
6.64,,,
5.34,,,
7.93,,,
6.36,,,
5.22,,,
6.98,,,
6.8,,,
7.35,,,
6.07,,,
5.16,,,
5.65,,,
5.36,,,
5.45,,,
5.13,,,
6.05,,,
8.03,,,
5.16,,,
9.17,,,
5.14,,,
5.88,,,
6.83,,,
6.56,,,
6.94,,,
6.4,,,
6.51,,,
5.97,,,
5.23,,,
5.25,,,
4.85,,,
7.05,,,
6,,,
8.05,,,
5.74,,,
5.15,,,
8.74,,,
6.54,,,
13.27,,,
5.87,,,
9.64,,,
6.95,,,
7.85,,,
4.37,,,
4.67,,,
7.62,,,
4.34,,,
10.37,,,
4.78,,,
4.34,,,
8.82,,,
5.05,,,
8.33,,,
5.18,,,
6.56,,,
9.27,,,
5.95,,,
4.96,,,
8.33,,,
5.9,,,
8.46,,,
5.26,,,
9.52,,,
6.54,,,
5.38,,,
8.83,,,
5.27,,,
7.01,,,
5.28,,,
5.79,,,
9.8,,,
5.57,,,
5.5,,,
7.22,,,
4.58,,,
7.77,,,
5.96,,,
5.44,,,
8.71,,,
5.54,,,
4.43,,,
8.24,,,
6.17,,,
7.77,,,
5.88,,,
29.72,,,
5.94,,,
8.03,,,
5.02,,,
8.99,,,
5.67,,,
7.16,,,
14.34,,,
5.19,,,
9.38,,,
6.39,,,
6.5,,,
5.76,,,
8.83,,,
6.7,,,
7.72,,,
6.02,,,
8.85,,,
4.93,,,
5.28,,,
6.38,,,
5.27,,,
5.48,,,
7.85,,,
4.19,,,
5.42,,,
9.28,,,
6.32,,,
13.91,,,
5.49,,,
8.15,,,
5.17,,,
5.49,,,
8.18,,,
8.45,,,
5.41,,,
6.42,,,
8.76,,,
6.33,,,
7.35,,,
5.99,,,
8.01,,,
5.38,,,
8.51,,,
5.67,,,
5.4,,,
7.42,,,
5.95,,,
8.71,,,
5.9,,,
5.9,,,
7.69,,,
6.15,,,
15.33,,,
5.61,,,
5.4,,,
6.25,,,
6.26,,,
7.3,,,
5.39,,,
4.92,,,
5.32,,,
5.25,,,
5.5,,,
8.35,,,
8.74,,,
5.3,,,
5.54,,,
6.57,,,
7.18,,,
4.94,,,
8.81,,,
9.55,,,
7.1,,,
14.36,,,
6.59,,,
7.16,,,
10.82,,,
11.7,,,
7.43,,,
6.2,,,
9.98,,,
5.05,,,
4.88,,,
6.76,,,
9.35,,,
6.55,,,
7.71,,,
6.46,,,
6.76,,,
5.47,,,
5.8,,,
8.49,,,
6.29,,,
9.41,,,
4.99,,,
7.64,,,
5.9,,,
6.08,,,
5.72,,,
5.22,,,
5.19,,,
5.69,,,
5.62,,,
4.88,,,
7.38,,,
5.21,,,
7.36,,,
5.92,,,
6.36,,,
7.3,,,
5.63,,,
5.07,,,
8.21,,,
6.31,,,
7.63,,,
6.08,,,
5.83,,,
6.51,,,
8.22,,,
10.15,,,
5.26,,,
6.94,,,
6.21,,,
4.94,,,
6.5,,,
6.27,,,
4.61,,,
5.07,,,
6.45,,,
4.97,,,
5.85,,,
4.86,,,
8.44,,,
53.38,,,
4.34,,,
6.64,,,
4.75,,,
4.4,,,
4.74,,,
5.03,,,
5.38,,,
21.21,,,
7.3,,,
5.06,,,
5.39,,,
8.92,,,
5.23,,,
4.04,,,
9.04,,,
5.48,,,
5.62,,,
7.98,,,
4.62,,,
5.72,,,
6.49,,,
4.71,,,
7.6,,,
4.67,,,
6.34,,,
8.75,,,
4.73,,,
8.03,,,
5.13,,,
4.63,,,
6.72,,,
4.3,,,
4.54,,,
6.56,,,
4.5,,,
5.42,,,
5.11,,,
5.49,,,
8.57,,,
5.34,,,
7.55,,,
9.39,,,
5.96,,,
14.29,,,
5.24,,,
8.46,,,
5.23,,,
5.05,,,
6.72,,,
5.9,,,
6.4,,,
7.36,,,
5.16,,,
8.22,,,
5.89,,,
7.41,,,
7.03,,,
58.24,,,
6.41,,,
4.59,,,
4.69,,,
8.25,,,
5.13,,,
7.97,,,
6.33,,,
6.42,,,
8.21,,,
8.16,,,
5.55,,,
5.33,,,
7.38,,,
5.56,,,
7.72,,,
5.86,,,
5.12,,,
9.72,,,
5.53,,,
10.38,,,
5.26,,,
7.25,,,
6.63,,,
4.77,,,
8.38,,,
5.01,,,
5.07,,,
6.83,,,
4.72,,,
8.25,,,
9.58,,,
6.03,,,
6.56,,,
5,,,
4.96,,,
12.05,,,
4.88,,,
7.04,,,
4.99,,,
4.71,,,
7.09,,,
6.02,,,
7.25,,,
6.33,,,
5.02,,,
9.29,,,
5.82,,,
6.06,,,
5.53,,,
5.49,,,
9.64,,,
5.27,,,
5.17,,,
7.33,,,
7.21,,,
7.03,,,
9.01,,,
9.14,,,
5.73,,,
5.82,,,
11.28,,,
5.24,,,
4.53,,,
4.94,,,
4.36,,,
7.68,,,
5.31,,,
4.35,,,
8.95,,,
6.08,,,
6.42,,,
5.47,,,
6.89,,,
6.11,,,
9.08,,,
6.13,,,
5.5,,,
7.46,,,
5.67,,,
6.17,,,
5.63,,,
7.83,,,
4.57,,,
5.29,,,
9.73,,,
5.48,,,
5.33,,,
8.36,,,
4.51,,,
9.16,,,
5.74,,,
5.21,,,
8.41,,,
5.7,,,
5.75,,,
5.5,,,
5.59,,,
9.15,,,
5.05,,,
7,,,
5.19,,,
5.39,,,
9.98,,,
4.61,,,
7.73,,,
7.22,,,
7.78,,,
6.66,,,
12.24,,,
5.46,,,
13.04,,,
6.17,,,
6.65,,,
5.34,,,
7.36,,,
5.31,,,
5.29,,,
8.37,,,
5.92,,,
5.11,,,
6.98,,,
5.05,,,
8.15,,,
6.55,,,
4.9,,,
10.25,,,
5.44,,,
7.9,,,
5.25,,,
4.58,,,
8.37,,,
6.33,,,
8.3,,,
6.23,,,
5.32,,,
13.62,,,
6.05,,,
7.7,,,
5.26,,,
7.76,,,
5.2,,,
5.7,,,
8.93,,,
5.2,,,
8.21,,,
6.27,,,
4.1,,,
8.88,,,
4.54,,,
8.83,,,
4.72,,,
5.57,,,
6.54,,,
5.09,,,
5.78,,,
5.96,,,
5.9,,,
4.62,,,
8.15,,,
6.22,,,
14.42,,,
5.25,,,
6.98,,,
6.55,,,
5.65,,,
7.85,,,
10.7,,,
8.93,,,
8.3,,,
6.55,,,
9.48,,,
5.81,,,
8.3,,,
6.17,,,
7.72,,,
5.89,,,
5.86,,,
7.68,,,
5.4,,,
7.47,,,
5.89,,,
5.84,,,
19.16,,,
4.49,,,
7,,,
4.21,,,
5,,,
6.47,,,
5.59,,,
6.52,,,
7.53,,,
6.5,,,
11.49,,,
4.9,,,
11.24,,,
5.63,,,
5.13,,,
8.97,,,
5.78,,,
9.1,,,
8.51,,,
5.77,,,
4.67,,,
5.59,,,
6.97,,,
5.06,,,
4.95,,,
9.21,,,
5.64,,,
4.75,,,
5.71,,,
6.33,,,
7.3,,,
6.31,,,
7.46,,,
5.57,,,
4.76,,,
7.99,,,
6.37,,,
7.83,,,
5.11,,,
6.73,,,
5.33,,,
5.55,,,
8.76,,,
5.11,,,
6.98,,,
5.74,,,
5.24,,,
8.95,,,
5.12,,,
6.43,,,
6.93,,,
5.46,,,
6.84,,,
5.95,,,
5.27,,,
9.1,,,
5.31,,,
6.87,,,
7.09,,,
7.63,,,
8.53,,,
12.36,,,
7.38,,,
6.23,,,
7.45,,,
4.74,,,
7.6,,,
6.48,,,
7.35,,,
10.06,,,
5.16,,,
8.18,,,
5.99,,,
10.82,,,
5.24,,,
8.26,,,
5.02,,,
6.45,,,
14.58,,,
8.05,,,
8.47,,,
5.35,,,
8.58,,,
6.46,,,
6.73,,,
6.58,,,
4.53,,,
5.75,,,
6.16,,,
4.61,,,
6.64,,,
5.02,,,
4.47,,,
7.06,,,
5.72,,,
6.69,,,
7.18,,,
6.27,,,
8.18,,,
5.52,,,
9.1,,,
4.81,,,
8.22,,,
5.37,,,
5.95,,,
53.6,,,
5.94,,,
7.7,,,
5.28,,,
5.37,,,
8.79,,,
4.83,,,
5.87,,,
5.46,,,
6.18,,,
5.62,,,
5.93,,,
5.07,,,
7.55,,,
5.52,,,
7.14,,,
4.93,,,
5.16,,,
7.4,,,
5,,,
8.97,,,
5.59,,,
7.06,,,
5.72,,,
5.03,,,
7.54,,,
4.98,,,
8.88,,,
5.3,,,
7.32,,,
5.99,,,
5.12,,,
9.39,,,
5.57,,,
5.06,,,
6.93,,,
5.49,,,
6.73,,,
7.02,,,
9.45,,,
10.38,,,
8.59,,,
12.37,,,
7.8,,,
7.97,,,
6.27,,,
5.27,,,
4.19,,,
12.09,,,
4.78,,,
8.49,,,
8.64,,,
5.21,,,
7.04,,,
5.37,,,
5.36,,,
7.22,,,
6.1,,,
8.31,,,
5.8,,,
5.05,,,
7.25,,,
4.88,,,
8.97,,,
6.25,,,
6.34,,,
5.2,,,
5.71,,,
8.33,,,
4.95,,,
6.02,,,
6.53,,,
5.6,,,
5.87,,,
5,,,
4.94,,,
8,,,
4.84,,,
7.66,,,
9.88,,,
5.4,,,
5.21,,,
5.77,,,
5.29,,,
7.01,,,
6.03,,,
7.62,,,
5.23,,,
8.45,,,
6.02,,,
7.61,,,
5.93,,,
5.43,,,
7.36,,,
6.13,,,
5.13,,,
6.7,,,
5.38,,,
12.84,,,
4.95,,,
4.26,,,
7.19,,,
4.53,,,
6.18,,,
6.4,,,
5.38,,,
9.53,,,
6.86,,,
5.39,,,
9.05,,,
5.49,,,
8.34,,,
4.77,,,
6.47,,,
5.37,,,
4.52,,,
9.48,,,
5.35,,,
9.87,,,
5.63,,,
5.36,,,
9.16,,,
5.61,,,
17.92,,,
5.42,,,
8.55,,,
6.01,,,
4.61,,,
6.67,,,
5.38,,,
4.98,,,
12.99,,,
4.74,,,
5.28,,,
5,,,
7.39,,,
5.12,,,
7.63,,,
5.7,,,
6.3,,,
4.92,,,
5.27,,,
10.1,,,
5.47,,,
9.64,,,
5.08,,,
6.64,,,
6.52,,,
5.83,,,
9.17,,,
5.08,,,
5.89,,,
7.12,,,
4.91,,,
7.7,,,
5.31,,,
8.13,,,
5.58,,,
6.7,,,
8.57,,,
4.94,,,
18.78,,,
7.79,,,
13.75,,,
5.52,,,
5.13,,,
18.05,,,
6.92,,,
5.73,,,
7.09,,,
7.03,,,
5.1,,,
7.63,,,
14.25,,,
5.74,,,
5.06,,,
5.19,,,
5.25,,,
5.59,,,
5.69,,,
7.03,,,
5.88,,,
8.31,,,
6.22,,,
4.95,,,
6.54,,,
5.43,,,
6.31,,,
13.32,,,
9.55,,,
5.5,,,
6.11,,,
19.8,,,
6.73,,,
17.85,,,
10.12,,,
4.83,,,
5.85,,,
6.63,,,
8.67,,,
11.22,,,
5.22,,,
7.07,,,
5.66,,,
4.67,,,
8.72,,,
8.01,,,
12.96,,,
22.6,,,
7.47,,,
6.06,,,
7.86,,,
24.63,,,
8.66,,,
9.17,,,
7.28,,,
6.89,,,
5.77,,,
9.03,,,
6.37,,,
3.43,,,
7.27,,,
5.35,,,
5.84,,,
5.13,,,
6.67,,,
21.48,,,
6.97,,,
5.51,,,
5.09,,,
6.18,,,
5.95,,,
4.82,,,
5.65,,,
4.81,,,
5.27,,,
5.64,,,
6.95,,,
4.79,,,
8.32,,,
6.61,,,
5.49,,,
6.38,,,
4.21,,,
7.22,,,
19.5,,,
6.31,,,
6.03,,,
12.5,,,
7.85,,,
9.22,,,
6.6,,,
6.7,,,
8,,,
5.94,,,
6.42,,,
6.87,,,
5.92,,,
6.94,,,
6.92,,,
6.16,,,
6.74,,,
5.29,,,
6.95,,,
7.1,,,
8.13,,,
7.86,,,
8.52,,,
5.62,,,
26.66,,,
5.63,,,
7.08,,,
4.77,,,
18.2,,,
11.45,,,
7.33,,,
5.63,,,
7.49,,,
7,,,
7,,,
5.25,,,
7.15,,,
8.76,,,
7.02,,,
6.41,,,
6.63,,,
8.58,,,
26.63,,,
10.1,,,
30.71,,,
10.03,,,
5.96,,,
7.67,,,
8.46,,,
10.18,,,
7.01,,,
5.06,,,
6.44,,,
5.67,,,
4.58,,,
7.04,,,
7.33,,,
5.89,,,
6.26,,,
7.58,,,
5.49,,,
8.89,,,
5.19,,,
8.25,,,
16.66,,,
5.94,,,
18.35,,,
7.74,,,
17.03,,,
5.52,,,
21.25,,,
11.41,,,
8.32,,,
5.54,,,
8.18,,,
8.56,,,
8.66,,,
4.86,,,
16.74,,,
16.59,,,
6.79,,,
5.79,,,
5.31,,,
10.54,,,
7.06,,,
12.8,,,
19.34,,,
18.16,,,
4.89,,,
7.52,,,
5.18,,,
5.89,,,
11.92,,,
6.94,,,
4.93,,,
6.09,,,
4.63,,,
5.35,,,
6.26,,,
6.97,,,
6.81,,,
18.48,,,
5.36,,,
4,,,
6.99,,,
10.27,,,
6.29,,,
6.94,,,
5.56,,,
6.79,,,
7.71,,,
14.64,,,
5.62,,,
5,,,
8.42,,,
5.37,,,
11.06,,,
5.6,,,
6.71,,,
5.18,,,
7.45,,,
17.03,,,
8.91,,,
4.99,,,
7.05,,,
4.48,,,
10.41,,,
6.41,,,
19.34,,,
4.86,,,
8.31,,,
6.08,,,
5.1,,,
17.49,,,
8.98,,,
33.86,,,
13.22,,,
7.19,,,
8.2,,,
5.22,,,
8.65,,,
9.23,,,
4.49,,,
14.15,,,
8.6,,,
4.93,,,
20.77,,,
18.06,,,
8.35,,,
9.07,,,
7.53,,,
7.72,,,
9,,,
7.72,,,
6.67,,,
6.86,,,
6.44,,,
7.15,,,
4.99,,,
6.88,,,
8.98,,,
9.86,,,
4.85,,,
10.34,,,
8.79,,,
10.5,,,
15.15,,,
6.44,,,
7.56,,,
7.6,,,
4.93,,,
8.74,,,
5.68,,,
6.94,,,
5.49,,,
6.52,,,
7.3,,,
6.27,,,
7.19,,,
7.32,,,
7.94,,,
6.27,,,
6.31,,,
7.63,,,
5.99,,,
7.03,,,
6.44,,,
9.35,,,
7.94,,,
22.39,,,
6.78,,,
6.53,,,
6.05,,,
6.7,,,
19.51,,,
12.85,,,
15.33,,,
7.72,,,
7.24,,,
11.4,,,
9.07,,,
10.44,,,
10.89,,,
7.57,,,
4.82,,,
7.38,,,
6.55,,,
7.07,,,
4.88,,,
6.69,,,
5.76,,,
8.62,,,
5.35,,,
5.55,,,
4.87,,,
4.95,,,
9.95,,,
5.48,,,
9.03,,,
5.91,,,
7.97,,,
9.49,,,
16.81,,,
7.45,,,
8.5,,,
9.67,,,
19.47,,,
6.93,,,
5.89,,,
14.57,,,
11.5,,,
7.34,,,
7,,,
9.53,,,
7.55,,,
6.45,,,
6.45,,,
8.14,,,
7.31,,,
6.38,,,
7.88,,,
19.19,,,
8.77,,,
8.75,,,
6.54,,,
5.82,,,
5.89,,,
20.02,,,
11.47,,,
6.54,,,
6.15,,,
11.03,,,
6.46,,,
21.25,,,
22.57,,,
5.86,,,
5.78,,,
7.45,,,
4.85,,,
9.5,,,
16.12,,,
18.57,,,
5,,,
4.45,,,
5.48,,,
5.4,,,
17.7,,,
6.87,,,
6.67,,,
5.02,,,
9.75,,,
7.05,,,
8.71,,,
7.15,,,
7.29,,,
7.54,,,
6.86,,,
6.78,,,
17.8,,,
13.21,,,
5.75,,,
4.71,,,
26.86,,,
5.57,,,
10.08,,,
6.11,,,
9.62,,,
14.44,,,
8.99,,,
6.45,,,
21.42,,,
9.65,,,
5.18,,,
8.89,,,
17.88,,,
10.49,,,
6.03,,,
7.53,,,
6.79,,,
8.79,,,
4.92,,,
13.93,,,
21.72,,,
7.61,,,
8.63,,,
6.23,,,
7.17,,,
7.24,,,
7,,,
6.21,,,
8.49,,,
28.24,,,
8.33,,,
9.6,,,
8.61,,,
11.11,,,
8.85,,,
8.81,,,
12.17,,,
7.58,,,
7.4,,,
10.38,,,
8.04,,,
5.46,,,
5.66,,,
6.42,,,
8.88,,,
6.73,,,
7.07,,,
8.45,,,
6.06,,,
9.41,,,
11.03,,,
6.41,,,
5.41,,,
6.59,,,
9.08,,,
5.39,,,
4.69,,,
6.41,,,
8.3,,,
8.71,,,
7.07,,,
93.73,,,
9.31,,,
6.48,,,
9.22,,,
10.29,,,
6.11,,,
9.42,,,
13.44,,,
8.47,,,
5.63,,,
6.63,,,
10.49,,,
5.11,,,
7.12,,,
8.89,,,
5.03,,,
7.34,,,
8.37,,,
10.47,,,
7.87,,,
11.49,,,
7.88,,,
7.87,,,
6.18,,,
7.4,,,
6.41,,,
9.48,,,
6.32,,,
9.89,,,
7.05,,,
12.46,,,
5.56,,,
10.29,,,
5.97,,,
9.2,,,
7.63,,,
9.95,,,
7.45,,,
6.88,,,
8.95,,,
12.23,,,
5.8,,,
7.63,,,
6.04,,,
5.82,,,
7.75,,,
5.78,,,
6.26,,,
10.58,,,
6.86,,,
10.76,,,
6.11,,,
8.29,,,
6,,,
11.13,,,
6.38,,,
5.88,,,
11.96,,,
7.13,,,
5.78,,,
5.3,,,
8.61,,,
7.57,,,
10.1,,,
6.31,,,
12.87,,,
11.16,,,
20.41,,,
8.55,,,
8.4,,,
6.13,,,
5.65,,,
7.91,,,
7.93,,,
12.15,,,
7.76,,,
13.4,,,
10.32,,,
11.57,,,
11.95,,,
8.6,,,
7.56,,,
7.09,,,
7.09,,,
7.17,,,
7.08,,,
7.91,,,
7.48,,,
11.85,,,
5.18,,,
6.3,,,
7.46,,,
9.57,,,
8.93,,,
52.08,,,
8.64,,,
8.18,,,
7.1,,,
8.91,,,
5.97,,,
5.56,,,
5.48,,,
9.91,,,
8.16,,,
8.29,,,
6.71,,,
8.75,,,
7.44,,,
8.95,,,
10.93,,,
9.16,,,
8.25,,,
10.26,,,
8.41,,,
13.91,,,
10.09,,,
8.54,,,
5.92,,,
9.54,,,
6.66,,,
12.9,,,
22.32,,,
8.2,,,
7.29,,,
9.51,,,
10.67,,,
9.77,,,
4.15,,,
4.73,,,
9,,,
7.64,,,
12.28,,,
6.99,,,
8.09,,,
6.87,,,
9.73,,,
6.34,,,
6.89,,,
9.91,,,
7.84,,,
7.62,,,
8.39,,,
9.53,,,
10.31,,,
9.7,,,
8.94,,,
6.39,,,
24.59,,,
10.79,,,
10.96,,,
7.76,,,
5.98,,,
9.49,,,
7.8,,,
8.05,,,
8.88,,,
7.28,,,
5.07,,,
10.33,,,
9.52,,,
7.41,,,
5.69,,,
7.87,,,
6.42,,,
7.14,,,
10.27,,,
7.77,,,
6.41,,,
7.71,,,
21.52,,,
6.95,,,
8.06,,,
5.75,,,
5.46,,,
6.29,,,
8.89,,,
5.04,,,
6.44,,,
8.66,,,
12.98,,,
7.05,,,
9.99,,,
11.31,,,
13.46,,,
6.22,,,
10.89,,,
5.42,,,
8.27,,,
11.83,,,
6.62,,,
7.64,,,
11.02,,,
7.06,,,
6.61,,,
5.61,,,
6.56,,,
7.12,,,
5.89,,,
5.97,,,
10.98,,,
10.13,,,
6.85,,,
10.89,,,
8.3,,,
5.43,,,
8.43,,,
8.64,,,
12.46,,,
10.07,,,
16.8,,,
8.85,,,
7.99,,,
5.8,,,
9.85,,,
10.38,,,
9.45,,,
10.71,,,
8.03,,,
8.55,,,
8.71,,,
11.01,,,
8.57,,,
8.92,,,
11.08,,,
10.07,,,
12.74,,,
12.31,,,
10.55,,,
9.42,,,
8.26,,,
8.15,,,
5.87,,,
9.31,,,
5,,,
4.14,,,
8.34,,,
5.21,,,
5.97,,,
7.43,,,
7.91,,,
10.36,,,
9.25,,,
8.51,,,
6.13,,,
7.06,,,
20.51,,,
10.09,,,
11.6,,,
10.33,,,
8.64,,,
21.04,,,
16.08,,,
8.62,,,
11.42,,,
7.86,,,
5.26,,,
18.71,,,
5.43,,,
10.15,,,
4.06,,,
4.46,,,
7.5,,,
6.97,,,
6.97,,,
6.32,,,
7.86,,,
10.6,,,
8.1,,,
6.62,,,
6.84,,,
6.03,,,
21.58,,,
10.5,,,
5.15,,,
6.24,,,
16.89,,,
5.58,,,
16.38,,,
4.28,,,
6.66,,,
4.96,,,
7.22,,,
5.76,,,
10.36,,,
10.88,,,
5.94,,,
7.16,,,
6.58,,,
9.52,,,
7.99,,,
12.73,,,
6.38,,,
8.27,,,
5.63,,,
10.58,,,
12.7,,,
5.76,,,
5.14,,,
7.12,,,
6.38,,,
10.47,,,
11.97,,,
7.75,,,
8.93,,,
19.05,,,
21.62,,,
6.69,,,
7.32,,,
10.49,,,
6.24,,,
8.63,,,
4.79,,,
5.14,,,
4.75,,,
8.05,,,
18.6,,,
7.22,,,
10.09,,,
5.99,,,
6.69,,,
6.18,,,
8.12,,,
16.23,,,
30.09,,,
6.05,,,
8.52,,,
9.27,,,
12.45,,,
5.69,,,
7.91,,,
6.28,,,
12.2,,,
6.86,,,
6.81,,,
10.74,,,
5.33,,,
7.37,,,
4.1,,,
5.45,,,
6.02,,,
5.47,,,
4.53,,,
6.46,,,
4.83,,,
5.54,,,
7.16,,,
6.64,,,
15.63,,,
8.93,,,
18.49,,,
8.23,,,
6.08,,,
21.52,,,
7.3,,,
7.06,,,
4.71,,,
7.03,,,
17.39,,,
4.77,,,
7.05,,,
6.1,,,
10.49,,,
11.14,,,
8.82,,,
9.91,,,
5.35,,,
7.19,,,
19.15,,,
19.8,,,
8.45,,,
8.87,,,
5.77,,,
6.58,,,
5.8,,,
5.71,,,
5.98,,,
19.82,,,
9.14,,,
8.76,,,
5.29,,,
4.94,,,
4.09,,,
8.31,,,
7.56,,,
8.28,,,
6.88,,,
5.55,,,
7.75,,,
10.27,,,
5.41,,,
9.3,,,
6.62,,,
6.95,,,
5.1,,,
21.5,,,
12.85,,,
7.78,,,
8.77,,,
8.64,,,
8.11,,,
17.08,,,
4.85,,,
10.79,,,
4.44,,,
5.62,,,
6.39,,,
18.4,,,
6.06,,,
8.95,,,
17.13,,,
20.57,,,
16.84,,,
5.47,,,
6.12,,,
7.74,,,
6.98,,,
7.49,,,
8.02,,,
10.17,,,
7.3,,,
4.95,,,
7.39,,,
18.68,,,
6.22,,,
6.05,,,
6.21,,,
13.38,,,
10.28,,,
5.27,,,
43.34,,,
7.34,,,
7.08,,,
8.54,,,
8.55,,,
5.37,,,
19.7,,,
10.75,,,
7.14,,,
7.9,,,
4.73,,,
64.82,,,
7.36,,,
11.25,,,
9.05,,,
5.64,,,
6.5,,,
6.62,,,
5.41,,,
31.61,,,
35.17,,,
10.55,,,
7.83,,,
8.51,,,
9.36,,,
4.29,,,
7.02,,,
9.02,,,
9.3,,,
20.96,,,
4.92,,,
7.5,,,
9.22,,,
6.03,,,
8.87,,,
8.36,,,
6.16,,,
15.73,,,
21.01,,,
6.7,,,
7.06,,,
22.84,,,
5.15,,,
13.29,,,
7.23,,,
9.02,,,
5.64,,,
5.57,,,
5.22,,,
24.41,,,
14.36,,,
11.23,,,
9.25,,,
12.61,,,
6.59,,,
5.61,,,
5.64,,,
20.86,,,
6.37,,,
10.37,,,
5.57,,,
5.25,,,
7.15,,,
4.78,,,
4.54,,,
6.54,,,
8.93,,,
10.93,,,
6.92,,,
4.66,,,
5.42,,,
4.7,,,
4.65,,,
5.48,,,
7.81,,,
19.85,,,
5.14,,,
4.99,,,
5.58,,,
4,,,
4.51,,,
11.16,,,
7.54,,,
6.68,,,
6.19,,,
10.47,,,
5.91,,,
7.66,,,
4.84,,,
6.96,,,
9.2,,,
14.28,,,
4.55,,,
8.77,,,
10.82,,,
9.31,,,
8.02,,,
5.7,,,
10.1,,,
7.28,,,
7.19,,,
7.25,,,
4.82,,,
11.14,,,
7.93,,,
6.04,,,
6.69,,,
7.24,,,
5.5,,,
4.14,,,
5.31,,,
6.12,,,
5.04,,,
5.6,,,
4.98,,,
10.83,,,
12.01,,,
11.34,,,
6.58,,,
7.16,,,
5.3,,,
21.9,,,
4.87,,,
8.69,,,
14.43,,,
18.15,,,
5.52,,,
4.77,,,
8.4,,,
9.13,,,
6.89,,,
4.02,,,
5.17,,,
4.85,,,
3.87,,,
6.71,,,
7.12,,,
5.66,,,
4.56,,,
4.71,,,
4.52,,,
6.51,,,
7.15,,,
6.6,,,
4.33,,,
9.43,,,
6.82,,,
5.63,,,
7.7,,,
10.01,,,
7.99,,,
8.28,,,
5.26,,,
10.4,,,
7.24,,,
11.18,,,
4.27,,,
18.33,,,
20.69,,,
8.19,,,
6.73,,,
5.85,,,
12.59,,,
4.84,,,
6.28,,,
6.74,,,
6.73,,,
6.43,,,
6.04,,,
6.27,,,
7.74,,,
6.65,,,
10.1,,,
8.69,,,
5.41,,,
5.82,,,
6.26,,,
5.15,,,
4.29,,,
4.99,,,
8.93,,,
9,,,
4.9,,,
17.24,,,
29.53,,,
6.77,,,
5.91,,,
7.21,,,
7.57,,,
6.59,,,
7.24,,,
8.49,,,
9.68,,,
6.99,,,
8.85,,,
17.65,,,
13.83,,,
5.57,,,
7.21,,,
6.45,,,
31.83,,,
6.61,,,
5.38,,,
7.67,,,
6.41,,,
6.98,,,
6.28,,,
6.22,,,
12.51,,,
9.54,,,
10.37,,,
14.35,,,
17.85,,,
6.84,,,
4.85,,,
18.4,,,
4.76,,,
8.24,,,
4.79,,,
9.13,,,
7.34,,,
10.25,,,
7.32,,,
6.12,,,
5.71,,,
14.67,,,
11.59,,,
5.57,,,
7.2,,,
12.07,,,
9.44,,,
14.99,,,
5.69,,,
4.94,,,
6.3,,,
4.83,,,
18.47,,,
16.46,,,
6.74,,,
7.26,,,
11.01,,,
7.89,,,
6.81,,,
5.31,,,
4.45,,,
7.3,,,
5.28,,,
6.51,,,
6.13,,,
7.48,,,
8.26,,,
6.89,,,
7.3,,,
15.86,,,
4.67,,,
6.45,,,
9.17,,,
5.62,,,
8.11,,,
7.19,,,
6.64,,,
4.63,,,
7.92,,,
7.2,,,
16.89,,,
8.74,,,
9.53,,,
5.62,,,
10.35,,,
14.5,,,
9.83,,,
5.27,,,
7.32,,,
5.44,,,
8.79,,,
9.42,,,
9.99,,,
6.29,,,
11.95,,,
9.58,,,
4.9,,,
6.11,,,
17.75,,,
8.48,,,
5.8,,,
9.5,,,
7.14,,,
15.77,,,
5.37,,,
14.2,,,
7.23,,,
17.91,,,
6.42,,,
5.23,,,
5.83,,,
6.86,,,
9.51,,,
8.65,,,
10.86,,,
7.18,,,
4.81,,,
7.26,,,
21.15,,,
19.05,,,
9.61,,,
8.53,,,
22.78,,,
5.27,,,
8.34,,,
7.26,,,
5.46,,,
8.35,,,
18.86,,,
5.29,,,
5.55,,,
6.96,,,
10.77,,,
12.36,,,
4.27,,,
5.44,,,
9.06,,,
5.15,,,
4.86,,,
5.68,,,
5.19,,,
8.41,,,
7.34,,,
6.67,,,
8.14,,,
8.83,,,
5.35,,,
5.43,,,
5.15,,,
8.35,,,
7.48,,,
6.45,,,
6.37,,,
5.79,,,
8.25,,,
9.53,,,
6.15,,,
8.89,,,
9.14,,,
15.93,,,
5.37,,,
6.92,,,
7.38,,,
5.52,,,
6.02,,,
4.79,,,
7.46,,,
6.46,,,
15.22,,,
8.72,,,
6.03,,,
7.01,,,
6.2,,,
12.15,,,
13.68,,,
31.57,,,
8.63,,,
9.13,,,
5.83,,,
9.03,,,
19.81,,,
20.66,,,
8.7,,,
7.33,,,
6.3,,,
9.87,,,
11.57,,,
9.28,,,
15.26,,,
5.9,,,
10.45,,,
9.86,,,
6.66,,,
7.18,,,
9.63,,,
5.23,,,
6.49,,,
6.97,,,
16.47,,,
6.65,,,
5.91,,,
7.29,,,
5.53,,,
4.64,,,
7.09,,,
5.87,,,
7.53,,,
7.93,,,
10.09,,,
7.75,,,
17.82,,,
6.46,,,
16.49,,,
9.54,,,
5.87,,,
6.26,,,
19.93,,,
9.98,,,
9.97,,,
6.52,,,
19.23,,,
9.02,,,
9.57,,,
23.9,,,
17.04,,,
29.68,,,
6.35,,,
13.61,,,
4.65,,,
6.32,,,
8.19,,,
6.01,,,
5.95,,,
6.8,,,
6.75,,,
7.85,,,
16.67,,,
5.2,,,
5.19,,,
6.69,,,
7.01,,,
7.06,,,
6.41,,,
8.74,,,
7.31,,,
6.56,,,
17.44,,,
6.67,,,
6.09,,,
7.18,,,
8.52,,,
7.63,,,
8.82,,,
4.59,,,
20.61,,,
5.41,,,
6.2,,,
8.23,,,
9.08,,,
6.92,,,
4.23,,,
17.9,,,
16.08,,,
5.07,,,
5.09,,,
5.96,,,
8.96,,,
5.8,,,
4.34,,,
8.19,,,
5.79,,,
6.37,,,
6.48,,,
5.12,,,
5.5,,,
14.5,,,
8.51,,,
8.8,,,
7.47,,,
7.58,,,
7.03,,,
9.29,,,
18.05,,,
5.97,,,
7.57,,,
5.52,,,
7.71,,,
5.49,,,
7.52,,,
4.6,,,
19.39,,,
9.65,,,
62.77,,,
28.93,,,
26.88,,,
9.76,,,
6.57,,,
9.58,,,
6.4,,,
8.15,,,
18.46,,,
6.72,,,
7.94,,,
4.54,,,
6.93,,,
9.95,,,
7.67,,,
9.06,,,
4.58,,,
8.22,,,
16.42,,,
7.85,,,
5.04,,,
5.44,,,
9.27,,,
6.93,,,
7.63,,,
7.9,,,
4.7,,,
15.36,,,
9.41,,,
16.45,,,
14.34,,,
4.66,,,
5.11,,,
5.91,,,
9.75,,,
8.97,,,
7.68,,,
10.43,,,
11.79,,,
18.27,,,
5.52,,,
6.72,,,
6.58,,,
5.51,,,
15.35,,,
6.56,,,
5.13,,,
6.03,,,
7.49,,,
6.11,,,
6.41,,,
7.82,,,
11.12,,,
7,,,
4.57,,,
5.86,,,
7.38,,,
5.49,,,
8.8,,,
11.13,,,
10.18,,,
6.83,,,
6.85,,,
4.66,,,
6.55,,,
5.22,,,
8.35,,,
5.17,,,
6.47,,,
7.57,,,
7.86,,,
4.88,,,
7.24,,,
5.52,,,
21.65,,,
18,,,
18.54,,,
9.21,,,
10.28,,,
7.37,,,
6.13,,,
7.61,,,
8.41,,,
6.39,,,
4.85,,,
7.27,,,
5.23,,,
6.2,,,
6.28,,,
7.71,,,
9.22,,,
8.68,,,
10.86,,,
5.49,,,
4.27,,,
4.74,,,
4.69,,,
9.01,,,
5.99,,,
15.18,,,
5.56,,,
5,,,
6.7,,,
7.97,,,
7.74,,,
7.21,,,
13.42,,,
5.97,,,
5.34,,,
6.84,,,
4.66,,,
4.93,,,
6.91,,,
4.84,,,
6.05,,,
6.24,,,
6.88,,,
5.18,,,
17.26,,,
7.97,,,
6.38,,,
6.64,,,
7.24,,,
7.25,,,
8.01,,,
8.7,,,
6.87,,,
7.49,,,
9.61,,,
7.21,,,
9.56,,,
4.77,,,
7.1,,,
5.82,,,
5.25,,,
10.91,,,
7.11,,,
8.82,,,
5.78,,,
5.88,,,
8.81,,,
5.26,,,
4.37,,,
6.67,,,
4.95,,,
6.73,,,
6.51,,,
9.64,,,
5.83,,,
17.3,,,
9.89,,,
5.48,,,
6.23,,,
9.36,,,
7.96,,,
4.99,,,
5.15,,,
5.2,,,
5.51,,,
4.75,,,
5.76,,,
7.28,,,
7.77,,,
5.03,,,
7.21,,,
4.84,,,
5.08,,,
7.15,,,
6.48,,,
4.96,,,
4.38,,,
14.16,,,
7.05,,,
8.55,,,
4.42,,,
4.95,,,
5.24,,,
5.35,,,
4.27,,,
5,,,
4.53,,,
4.31,,,
6.26,,,
5.19,,,
8.48,,,
4.57,,,
5.28,,,
4.32,,,
5.65,,,
7.18,,,
7.59,,,
18.76,,,
9.57,,,
6.47,,,
5.19,,,
8.92,,,
5.23,,,
13.37,,,
17.6,,,
5.13,,,
6.54,,,
5.78,,,
8.59,,,
10.12,,,
5.76,,,
6.32,,,
11.91,,,
8.36,,,
4.08,,,
7.61,,,
5.2,,,
5.04,,,
5.36,,,
8.08,,,
5.64,,,
19.66,,,
8.03,,,
7.11,,,
17.02,,,
6.24,,,
17.09,,,
7.33,,,
10.54,,,
4.7,,,
7.39,,,
5.02,,,
9.33,,,
6.19,,,
7.86,,,
7.31,,,
9.03,,,
6.69,,,
9.41,,,
7.48,,,
8.08,,,
5.29,,,
5.79,,,
4.89,,,
6.64,,,
7.39,,,
6.28,,,
4.37,,,
5.08,,,
5.73,,,
10.92,,,
5.11,,,
4.42,,,
4.27,,,
5.02,,,
4.42,,,
5.65,,,
10.59,,,
5.75,,,
7.69,,,
7.23,,,
5.6,,,
7.57,,,
11.94,,,
14.75,,,
19.91,,,
5.45,,,
28.23,,,
6.09,,,
20.37,,,
21.05,,,
7.46,,,
9.15,,,
5.29,,,
5.67,,,
6.01,,,
8.08,,,
9.48,,,
17.42,,,
5.9,,,
22.88,,,
9.89,,,
9.97,,,
8.11,,,
6.1,,,
6.82,,,
5.8,,,
6.03,,,
6.6,,,
5.38,,,
4.83,,,
7.18,,,
7.65,,,
7.27,,,
33.56,,,
310.05,,,
12.27,,,
7.33,,,
7.33,,,
7.29,,,
9.54,,,
8.84,,,
7.25,,,
19.3,,,
5.94,,,
9.88,,,
7.06,,,
9.18,,,
58.94,,,
9.79,,,
5.74,,,
6.68,,,
22.25,,,
8.59,,,
6.23,,,
6.44,,,
7.7,,,
13.15,,,
14.25,,,
6.71,,,
6.54,,,
7.11,,,
6.28,,,
6.42,,,
6.93,,,
8.03,,,
7.44,,,
5.67,,,
6.3,,,
6.42,,,
8.01,,,
10.55,,,
5.29,,,
5.28,,,
5.06,,,
6.46,,,
5.67,,,
4.34,,,
7.7,,,
11.21,,,
6.69,,,
7.64,,,
6.29,,,
8.71,,,
5.28,,,
6.91,,,
7.49,,,
6.14,,,
4.92,,,
19.92,,,
7.82,,,
4.38,,,
6.65,,,
7.66,,,
8.88,,,
5.58,,,
6.33,,,
7.49,,,
7.39,,,
5.65,,,
6.17,,,
6.88,,,
12.14,,,
6.27,,,
16.07,,,
20.28,,,
6.17,,,
14.73,,,
4.54,,,
5.26,,,
7.32,,,
4.57,,,
6.25,,,
6.76,,,
10.58,,,
5.53,,,
11.01,,,
7.39,,,
8.16,,,
8.62,,,
5.36,,,
7.23,,,
6.92,,,
5.12,,,
6.52,,,
7.09,,,
6.75,,,
6.1,,,
7.78,,,
7.59,,,
8.12,,,
10.11,,,
6.61,,,
6.66,,,
7.82,,,
4.81,,,
9.67,,,
9.11,,,
9.78,,,
9.1,,,
6.66,,,
4.17,,,
6.53,,,
4.11,,,
13.62,,,
17.84,,,
16.77,,,
6.55,,,
8.35,,,
7.02,,,
7.64,,,
14.34,,,
15.78,,,
9.31,,,
6.72,,,
8.61,,,
6.52,,,
5.49,,,
6.82,,,
5.55,,,
6.73,,,
12.8,,,
31.21,,,
5.33,,,
20.17,,,
32.41,,,
11.64,,,
7.91,,,
5.92,,,
14.14,,,
5.02,,,
6.92,,,
15.99,,,
20.04,,,
13.48,,,
5.74,,,
6.96,,,
5.54,,,
6.02,,,
22.32,,,
5.05,,,
5.3,,,
5.41,,,
4.98,,,
18.34,,,
8.24,,,
5.94,,,
5.16,,,
4.79,,,
6.43,,,
7.2,,,
5.31,,,
4.81,,,
7.24,,,
7.48,,,
5.49,,,
5.18,,,
6.35,,,
24.25,,,
12.42,,,
7.18,,,
5.23,,,
9.79,,,
7.43,,,
7.23,,,
21.69,,,
9.22,,,
7.4,,,
5.08,,,
8.08,,,
6.53,,,
6.32,,,
5.93,,,
5.73,,,
4.67,,,
7.66,,,
14.48,,,
17.77,,,
6.78,,,
5.27,,,
4.7,,,
7.85,,,
6.08,,,
5.76,,,
6.59,,,
10.35,,,
7.02,,,
7.77,,,
6.53,,,
9.46,,,
8.99,,,
5.64,,,
9.65,,,
9.37,,,
10.37,,,
6.5,,,
6.26,,,
6.12,,,
11.2,,,
5.82,,,
6.67,,,
8.21,,,
6.45,,,
6.53,,,
9.15,,,
6.75,,,
9.73,,,
9.49,,,
6.92,,,
8.09,,,
7.23,,,
5.75,,,
9.38,,,
6.83,,,
6.97,,,
8.55,,,
7.25,,,
6.72,,,
9.67,,,
22.13,,,
9.56,,,
14.32,,,
6.95,,,
7.52,,,
6.58,,,
8.05,,,
7.73,,,
5.47,,,
9.53,,,
9.39,,,
11.87,,,
6.06,,,
21.48,,,
17.04,,,
8.68,,,
8.27,,,
6.94,,,
8.05,,,
11.29,,,
10.05,,,
11.79,,,
6.85,,,
6.43,,,
14.34,,,
5.8,,,
5.94,,,
5.21,,,
6.06,,,
6.17,,,
16.11,,,
9.01,,,
9.31,,,
9.86,,,
11.97,,,
9.75,,,
10.08,,,
9.54,,,
7.81,,,
7.35,,,
9.37,,,
7.2,,,
9.53,,,
4.32,,,
7.43,,,
5.54,,,
12.87,,,
12.61,,,
6.31,,,
8.49,,,
19.09,,,
6.75,,,
9.32,,,
9.53,,,
7.41,,,
6.6,,,
7.73,,,
5.6,,,
7.56,,,
12.88,,,
9.22,,,
8.5,,,
7.38,,,
7.87,,,
14.53,,,
10.2,,,
6.84,,,
8.31,,,
25.77,,,
9.26,,,
8.04,,,
7.61,,,
5.84,,,
6.83,,,
7.92,,,
13.81,,,
7.36,,,
5.73,,,
4.96,,,
9.69,,,
6.02,,,
10.51,,,
12.36,,,
8.18,,,
8.99,,,
11.02,,,
10.02,,,
7.27,,,
10.44,,,
6.34,,,
7.98,,,
8.19,,,
7.64,,,
8.33,,,
10.2,,,
12.46,,,
9.09,,,
10.48,,,
6.59,,,
8.77,,,
8.71,,,
6.66,,,
5.24,,,
6.85,,,
9.57,,,
10.16,,,
7.6,,,
9.05,,,
10.13,,,
8.82,,,
9.5,,,
6.26,,,
12.15,,,
7,,,
14.01,,,
6.78,,,
8.15,,,
7.25,,,
6.36,,,
8.3,,,
9.95,,,
10.45,,,
5.55,,,
8.86,,,
8.28,,,
6.76,,,
8.62,,,
9.15,,,
6.98,,,
5.11,,,
6.55,,,
7.34,,,
7.06,,,
7.03,,,
8.01,,,
10.46,,,
5.09,,,
7.77,,,
7.48,,,
5.88,,,
10.75,,,
9.27,,,
8.15,,,
7.16,,,
6.78,,,
7.73,,,
8.02,,,
7.07,,,
8.62,,,
6.34,,,
6.15,,,
8.39,,,
11.42,,,
18.25,,,
9.05,,,
11.54,,,
12.32,,,
11.13,,,
10.56,,,
7.39,,,
9.18,,,
6.28,,,
9.66,,,
8.87,,,
7.45,,,
8.45,,,
7.55,,,
7.91,,,
8.44,,,
5.66,,,
6.65,,,
10.22,,,
10.51,,,
9.08,,,
5.57,,,
7.22,,,
11.11,,,
9.29,,,
6.25,,,
8.61,,,
6.11,,,
6.21,,,
6.31,,,
12.18,,,
5.17,,,
7.45,,,
9.39,,,
11.4,,,
9.6,,,
8.62,,,
11.67,,,
9.35,,,
6.26,,,
8.43,,,
8.14,,,
5.29,,,
6.99,,,
12.11,,,
5.23,,,
6.87,,,
7.22,,,
6.53,,,
5.79,,,
6.72,,,
8.08,,,
7.95,,,
5.45,,,
7.97,,,
7.81,,,
7.42,,,
6.36,,,
11.19,,,
30.95,,,
12.03,,,
8.94,,,
6.73,,,
9.65,,,
7.53,,,
7.98,,,
7.82,,,
5.04,,,
11.44,,,
7.82,,,
4.67,,,
9.51,,,
11.03,,,
8.36,,,
9.36,,,
44.88,,,
11.22,,,
6.12,,,
9.6,,,
8.56,,,
7.92,,,
7.14,,,
9.65,,,
22.38,,,
310.74,,,
7.95,,,
9.59,,,
8.28,,,
8.65,,,
17.68,,,
8.47,,,
6.39,,,
7.44,,,
6.54,,,
10.51,,,
10.17,,,
9.63,,,
7.68,,,
8.85,,,
9.93,,,
8.19,,,
9,,,
5.97,,,
7.94,,,
13.87,,,
7.69,,,
7.96,,,
6.68,,,
10.49,,,
8.25,,,
7.52,,,
7,,,
7.26,,,
11.17,,,
7.7,,,
6.69,,,
11.56,,,
7.08,,,
9.15,,,
8.91,,,
15.85,,,
9.85,,,
6.9,,,
12.6,,,
9.34,,,
6.83,,,
8.84,,,
5.26,,,
7.23,,,
11.76,,,
28.17,,,
7.05,,,
7.7,,,
6.26,,,
33.37,,,
7.81,,,
7.93,,,
8.4,,,
9.56,,,
10.03,,,
17.68,,,
13.2,,,
9.76,,,
9.1,,,
10.78,,,
7.59,,,
6.34,,,
8.43,,,
8.76,,,
8.32,,,
8.12,,,
8.8,,,
8.39,,,
9.09,,,
11.02,,,
14.11,,,
4.49,,,
8.5,,,
5.09,,,
8.09,,,
7.86,,,
7.65,,,
6.58,,,
6.72,,,
5.11,,,
6.92,,,
5.12,,,
8.97,,,
10.98,,,
6.87,,,
4.95,,,
9.46,,,
5.91,,,
8.82,,,
8.52,,,
12.13,,,
10.02,,,
7.01,,,
9.47,,,
6.22,,,
11.12,,,
14.27,,,
7.16,,,
6.02,,,
11.69,,,
18.45,,,
8.07,,,
7.41,,,
8.94,,,
12.86,,,
14.29,,,
8.31,,,
5.76,,,
5.22,,,
6.15,,,
7.33,,,
10.47,,,
11.25,,,
6.17,,,
6.6,,,
6.31,,,
7.51,,,
6.53,,,
17.54,,,
9.11,,,
7.35,,,
11.67,,,
9.54,,,
8.32,,,
6.36,,,
7.18,,,
9.7,,,
8.65,,,
14.31,,,
9.23,,,
5.79,,,
5,,,
7.13,,,
9.72,,,
7.54,,,
8.39,,,
7.09,,,
8.07,,,
6.65,,,
8.03,,,
21.27,,,
5.19,,,
10.51,,,
21.41,,,
9.5,,,
7.93,,,
6.58,,,
12.27,,,
8.21,,,
8.82,,,
6.65,,,
6.46,,,
7.11,,,
9.01,,,
6,,,
10.33,,,
8.5,,,
9.26,,,
15.32,,,
11.14,,,
9.46,,,
5.63,,,
6.27,,,
7.11,,,
6.74,,,
8.61,,,
8.78,,,
6.84,,,
7.51,,,
9.96,,,
9.21,,,
6.15,,,
5.5,,,
5.02,,,
12.02,,,
9.11,,,
5.99,,,
11.56,,,
10.53,,,
12.72,,,
10.34,,,
7.56,,,
6.45,,,
8.77,,,
18.57,,,
5.53,,,
6.92,,,
9.05,,,
9.85,,,
16.98,,,
6.32,,,
8.57,,,
8.12,,,
7.18,,,
7.72,,,
9.55,,,
7.48,,,
7.44,,,
8.82,,,
9.64,,,
8.18,,,
6.8,,,
6.12,,,
8.36,,,
6.96,,,
8.18,,,
11.53,,,
11.28,,,
7.39,,,
6.52,,,
9.65,,,
32.06,,,
7.71,,,
12.84,,,
9.62,,,
8.05,,,
9.27,,,
5.61,,,
11.57,,,
11.01,,,
7.46,,,
5.46,,,
10.43,,,
7.03,,,
15.65,,,
9.1,,,
6.24,,,
7.63,,,
9.76,,,
8.45,,,
8.79,,,
7.64,,,
6.47,,,
8.34,,,
21.86,,,
6.24,,,
10.18,,,
6.3,,,
9.02,,,
8.08,,,
8.7,,,
14.64,,,
10.75,,,
7.61,,,
6.45,,,
7.4,,,
9.27,,,
8.22,,,
7.54,,,
7.76,,,
6.48,,,
5.57,,,
8.62,,,
5.89,,,
11.14,,,
7.46,,,
6.56,,,
6.75,,,
6.93,,,
8.81,,,
10.03,,,
11.46,,,
6.76,,,
6.45,,,
8.68,,,
6.94,,,
21.17,,,
7.23,,,
6,,,
11.07,,,
8.26,,,
7.58,,,
6.46,,,
6.16,,,
5.75,,,
12.12,,,
8.56,,,
17.8,,,
8.87,,,
6.88,,,
12.2,,,
9.32,,,
10.21,,,
12.37,,,
6.52,,,
5.92,,,
7.73,,,
6.54,,,
8.95,,,
14.23,,,
11.89,,,
6.81,,,
6.02,,,
6.1,,,
6.1,,,
6.05,,,
6.68,,,
6.61,,,
6.5,,,
6.61,,,
7.35,,,
7.56,,,
7.01,,,
7.63,,,
6.5,,,
5.42,,,
7.03,,,
21.27,,,
6.96,,,
13.18,,,
9.63,,,
10.05,,,
5.95,,,
7.17,,,
8.72,,,
5.93,,,
5.84,,,
9.73,,,
6.52,,,
5.85,,,
7.59,,,
12.45,,,
6.67,,,
6.23,,,
6.21,,,
7.64,,,
9.79,,,
5.94,,,
16.41,,,
8.39,,,
14.91,,,
13.1,,,
11.13,,,
8.64,,,
19.07,,,
6.6,,,
11.43,,,
16.27,,,
15.36,,,
19.68,,,
11.99,,,
9.75,,,
9.42,,,
8.28,,,
13.08,,,
12.71,,,
15.65,,,
17.25,,,
8.96,,,
17.94,,,
12.35,,,
6.73,,,
6.11,,,
6.95,,,
8.82,,,
13.53,,,
12.93,,,
8.28,,,
23.26,,,
11.89,,,
13.56,,,
9.93,,,
25.46,,,
7.94,,,
9.27,,,
9.17,,,
36.09,,,
15.85,,,
11.97,,,
12.65,,,
8.63,,,
17.82,,,
7.78,,,
9.3,,,
20.37,,,
7.78,,,
9.06,,,
10.14,,,
9.21,,,
11.85,,,
10.16,,,
8.19,,,
15.38,,,
10.88,,,
19.53,,,
10.62,,,
7.14,,,
5.43,,,
11.05,,,
9.56,,,
9.34,,,
13.88,,,
6.98,,,
6.77,,,
13.6,,,
8.21,,,
10.39,,,
10.5,,,
13.73,,,
12.68,,,
17.73,,,
14.66,,,
11.42,,,
8.25,,,
15.59,,,
6.06,,,
9.97,,,
9.79,,,
8.13,,,
11.89,,,
7.6,,,
8.97,,,
8.76,,,
7.96,,,
9.99,,,
7.68,,,
9.39,,,
6.24,,,
8.84,,,
7.14,,,
6.16,,,
10.39,,,
9.61,,,
13.05,,,
29.8,,,
8.46,,,
10.46,,,
7.27,,,
10.71,,,
6.54,,,
5.38,,,
7.08,,,
11.17,,,
6.84,,,
6.16,,,
6.56,,,
8.52,,,
6.28,,,
13.48,,,
12.09,,,
10.32,,,
5.82,,,
25.91,,,
9.18,,,
6.44,,,
6.07,,,
7.46,,,
7.21,,,
7.95,,,
7.12,,,
8.23,,,
6.55,,,
6.65,,,
10.33,,,
11.11,,,
10.01,,,
7.15,,,
7.74,,,
9.08,,,
10.22,,,
10.77,,,
7.69,,,
13.99,,,
7.67,,,
7.11,,,
7.69,,,
11.02,,,
6.17,,,
5.91,,,
9.2,,,
9.61,,,
10.53,,,
16.9,,,
23.14,,,
9.15,,,
11.47,,,
6.81,,,
11.2,,,
10.78,,,
9.09,,,
11.46,,,
7.13,,,
11.86,,,
10.18,,,
6.67,,,
13.33,,,
8.93,,,
9.55,,,
16.4,,,
8.52,,,
7.47,,,
8.13,,,
8.3,,,
5.05,,,
4.41,,,
14.17,,,
8.45,,,
10.76,,,
8.96,,,
8.38,,,
7.66,,,
5.79,,,
5.55,,,
6.72,,,
14.74,,,
10.11,,,
11.79,,,
9.6,,,
9.04,,,
12.51,,,
6.3,,,
5.09,,,
7.74,,,
8.45,,,
8.89,,,
10.77,,,
12.63,,,
14.72,,,
7.99,,,
9.58,,,
14.99,,,
8.28,,,
13.94,,,
12.56,,,
16.41,,,
6.36,,,
15.16,,,
8.13,,,
6.92,,,
8.07,,,
13.62,,,
12.74,,,
7.05,,,
7.44,,,
8.79,,,
8.64,,,
8.49,,,
10.98,,,
7.65,,,
7.39,,,
8,,,
20.62,,,
8.22,,,
10.53,,,
7.77,,,
10.78,,,
9.88,,,
11.33,,,
7.28,,,
5.95,,,
6.47,,,
6.5,,,
6.85,,,
7.42,,,
6.22,,,
10.15,,,
10.71,,,
6.83,,,
8.98,,,
7.98,,,
12.81,,,
10.1,,,
10.71,,,
8.85,,,
7.43,,,
5.93,,,
10.4,,,
10.14,,,
9.5,,,
8.24,,,
11.11,,,
12.67,,,
9.28,,,
13.81,,,
13.62,,,
20.44,,,
7.13,,,
7.48,,,
7.62,,,
9.49,,,
15.28,,,
7.88,,,
8.64,,,
8.46,,,
6.83,,,
6.14,,,
9.41,,,
21.7,,,
6.49,,,
6.01,,,
9.8,,,
8.35,,,
11.74,,,
7.37,,,
8.89,,,
10.69,,,
15.84,,,
10.01,,,
15.26,,,
8.93,,,
8.8,,,
9.16,,,
6.92,,,
5.27,,,
10.05,,,
5.62,,,
5.97,,,
8.53,,,
6.7,,,
9.21,,,
8.42,,,
7.34,,,
6.35,,,
7.59,,,
8.48,,,
11.9,,,
9.14,,,
6.32,,,
10.83,,,
12.05,,,
30.17,,,
20.93,,,
16.11,,,
8.09,,,
8.91,,,
11.74,,,
17.63,,,
12.85,,,
11.03,,,
10.96,,,
6.57,,,
9.88,,,
9.19,,,
5.96,,,
7.5,,,
6.36,,,
7.84,,,
7.33,,,
11,,,
6.48,,,
8.91,,,
8.45,,,
6.24,,,
6.32,,,
5.89,,,
11.62,,,
9.21,,,
6.46,,,
10.47,,,
6.69,,,
6.39,,,
7.74,,,
8.73,,,
9.89,,,
8.53,,,
10.24,,,
8.5,,,
7.04,,,
8.94,,,
7.84,,,
9.1,,,
6.4,,,
6.81,,,
6.62,,,
8.94,,,
8.05,,,
12.49,,,
6.46,,,
12.31,,,
5.72,,,
6.65,,,
12.11,,,
8.85,,,
11.39,,,
12.33,,,
5.88,,,
7.68,,,
11.05,,,
8.95,,,
8.04,,,
5.74,,,
11.07,,,
12.69,,,
8.97,,,
8.35,,,
7.66,,,
9.08,,,
7.7,,,
8.26,,,
5.78,,,
7.39,,,
8.38,,,
10.25,,,
11.74,,,
9.78,,,
8.51,,,
8.98,,,
11.05,,,
7.71,,,
19.34,,,
10.47,,,
7.12,,,
7.92,,,
6.14,,,
6.76,,,
6.58,,,
14.07,,,
6.99,,,
7.23,,,
7.68,,,
9.42,,,
7.5,,,
11.85,,,
6.13,,,
6.64,,,
12.79,,,
10.15,,,
8.95,,,
9.06,,,
7.85,,,
11.24,,,
10.67,,,
8.53,,,
8.39,,,
6.12,,,
10.84,,,
7.26,,,
7.69,,,
6.95,,,
8.2,,,
6.18,,,
7.99,,,
10.88,,,
9.51,,,
6.85,,,
7.58,,,
7.05,,,
8.74,,,
13.63,,,
12.91,,,
10.75,,,
7.75,,,
7.65,,,
7.03,,,
16.67,,,
6.86,,,
9.16,,,
11.86,,,
12.49,,,
8.37,,,
6.57,,,
7.8,,,
6.85,,,
7.1,,,
13.89,,,
11.07,,,
6.39,,,
9.03,,,
6.95,,,
5.57,,,
10.77,,,
6.66,,,
7.25,,,
7.75,,,
7.88,,,
6.49,,,
6.75,,,
7.02,,,
7.79,,,
5.77,,,
5.94,,,
10.29,,,
6.2,,,
8.94,,,
13.53,,,
6.35,,,
8.28,,,
10.87,,,
7.96,,,
7.12,,,
6.53,,,
6.72,,,
13.02,,,
5.89,,,
7.79,,,
10.08,,,
7.78,,,
10.99,,,
8.39,,,
8.67,,,
14.16,,,
6.77,,,
14.89,,,
8.2,,,
8.15,,,
8.1,,,
6.36,,,
9.42,,,
9.54,,,
10.8,,,
5.25,,,
7.36,,,
8.54,,,
9.58,,,
8.22,,,
9.86,,,
8.13,,,
15.01,,,
6.21,,,
6.88,,,
32.03,,,
6.16,,,
9.06,,,
8.94,,,
9.07,,,
9.02,,,
7.16,,,
6.05,,,
8.14,,,
10.21,,,
7.38,,,
5.49,,,
12.55,,,
7.09,,,
7.24,,,
5.68,,,
6.8,,,
5.52,,,
6.97,,,
7.56,,,
8.72,,,
9.76,,,
5.78,,,
8.4,,,
12.4,,,
10.74,,,
7.77,,,
8.83,,,
17.27,,,
11.23,,,
8.9,,,
6.1,,,
7.51,,,
11.63,,,
8.39,,,
5.98,,,
11.17,,,
7.24,,,
10.26,,,
11.83,,,
19.34,,,
11.25,,,
7.78,,,
8.59,,,
8.67,,,
8.07,,,
8.25,,,
8.08,,,
12.36,,,
16.66,,,
10.36,,,
6.62,,,
11.77,,,
12.46,,,
7.31,,,
11.52,,,
10.29,,,
10.24,,,
10.59,,,
13.13,,,
10.62,,,
8.75,,,
8.8,,,
7.45,,,
7.34,,,
22.29,,,
9.93,,,
4.91,,,
11.31,,,
6.92,,,
9.2,,,
6.1,,,
9.54,,,
6.64,,,
7.09,,,
6.82,,,
12.6,,,
9.23,,,
8.98,,,
6.44,,,
7.53,,,
7.58,,,
31.41,,,
15.13,,,
8.7,,,
7.5,,,
7.67,,,
9.63,,,
11.02,,,
17.64,,,
9.33,,,
13.73,,,
6.42,,,
10.12,,,
10.95,,,
7.81,,,
18.19,,,
10.65,,,
7.61,,,
7.14,,,
10.65,,,
9.97,,,
7.37,,,
11.69,,,
4.79,,,
6.48,,,
8.93,,,
7.77,,,
9.55,,,
7.9,,,
7.98,,,
7.87,,,
6.77,,,
15.98,,,
6.13,,,
8.33,,,
8.19,,,
6.32,,,
7.99,,,
10.54,,,
5.95,,,
6.59,,,
9.21,,,
10.55,,,
7.41,,,
15.47,,,
6.55,,,
10.68,,,
13.28,,,
17.64,,,
6.44,,,
8.21,,,
11.25,,,
9.23,,,
10.71,,,
9.96,,,
9.62,,,
11.23,,,
7.77,,,
12.35,,,
15.45,,,
14.14,,,
6.52,,,
16.94,,,
6.97,,,
10.52,,,
7.19,,,
8.9,,,
6.01,,,
8.88,,,
10.05,,,
7.23,,,
8.33,,,
7.69,,,
9.48,,,
5.31,,,
9.21,,,
5.93,,,
5.91,,,
6.67,,,
7.05,,,
12.98,,,
7.61,,,
9.38,,,
7.7,,,
6.53,,,
7.68,,,
7.66,,,
5.77,,,
10.94,,,
7.78,,,
8.49,,,
5.24,,,
5.73,,,
9.48,,,
7.03,,,
7.53,,,
7.17,,,
6.31,,,
22.68,,,
9.44,,,
8.31,,,
8.96,,,
9.42,,,
7.16,,,
6.87,,,
8.63,,,
8,,,
5.6,,,
13.49,,,
11.74,,,
12.53,,,
9.11,,,
7.39,,,
13.41,,,
6.8,,,
8.25,,,
12.55,,,
11.96,,,
7.78,,,
5.96,,,
5.66,,,
7.4,,,
6.99,,,
10.86,,,
11.34,,,
9.4,,,
7.83,,,
9.93,,,
7.38,,,
6.43,,,
6.29,,,
5.42,,,
9.68,,,
6.81,,,
7.02,,,
14.36,,,
8.68,,,
7.42,,,
7.73,,,
7.08,,,
9.04,,,
6.42,,,
9.21,,,
59.82,,,
11.47,,,
10.28,,,
9.42,,,
7.96,,,
7.61,,,
9.51,,,
12.05,,,
23.95,,,
8.48,,,
6.91,,,
6.2,,,
7.77,,,
8.48,,,
10.56,,,
10.47,,,
8.68,,,
9.68,,,
15.46,,,
15.81,,,
6.9,,,
10.8,,,
8.73,,,
6.86,,,
11.7,,,
9.33,,,
6.61,,,
7.79,,,
7.09,,,
8.19,,,
5.46,,,
4.73,,,
9.12,,,
10.38,,,
9.48,,,
13.85,,,
14.99,,,
20.37,,,
8.19,,,
28.4,,,
11.28,,,
15.75,,,
9.3,,,
8.59,,,
8.68,,,
9.31,,,
7.81,,,
7.16,,,
9.65,,,
8.77,,,
9.19,,,
7.58,,,
13.87,,,
13.57,,,
13.14,,,
7.97,,,
6.79,,,
9.93,,,
6.75,,,
9.1,,,
7.45,,,
6.19,,,
8.54,,,
6.21,,,
8.63,,,
9.04,,,
5.82,,,
17.29,,,
12.31,,,
7.08,,,
9.62,,,
13.16,,,
15.65,,,
7.19,,,
5.87,,,
13.91,,,
7.77,,,
10.4,,,
11.73,,,
13.44,,,
7.68,,,
6.84,,,
6.31,,,
7.23,,,
7.48,,,
7.75,,,
6.48,,,
9.34,,,
10.66,,,
12.99,,,
6.7,,,
8.7,,,
8.16,,,
7.38,,,
13.3,,,
8.5,,,
8.03,,,
6.19,,,
9.35,,,
10.64,,,
8.77,,,
11.58,,,
7.27,,,
8.01,,,
6.3,,,
7.15,,,
7.36,,,
6.67,,,
10.63,,,
9.32,,,
6.34,,,
7.34,,,
8.12,,,
10.03,,,
11.73,,,
10.21,,,
9.28,,,
6.33,,,
11.02,,,
11.63,,,
8.31,,,
6.64,,,
6.26,,,
6.77,,,
6.05,,,
10.2,,,
7.08,,,
8.17,,,
9.63,,,
8.02,,,
6.59,,,
13.57,,,
8.91,,,
8.24,,,
10.96,,,
6.88,,,
8.96,,,
8.29,,,
6.86,,,
6.05,,,
6.94,,,
6.45,,,
9.68,,,
8.35,,,
11.49,,,
5.37,,,
6.68,,,
7.05,,,
9.54,,,
7.91,,,
11.37,,,
8.31,,,
7.07,,,
11.2,,,
6.87,,,
6.93,,,
7.93,,,
7.88,,,
5.23,,,
7.86,,,
7.25,,,
9.41,,,
13.71,,,
7.28,,,
6.09,,,
5.35,,,
6.32,,,
7.74,,,
8.27,,,
11.09,,,
12.18,,,
7.84,,,
7.26,,,
8.64,,,
8.78,,,
10.17,,,
14.48,,,
8.9,,,
11.61,,,
29.8,,,
9.12,,,
10.26,,,
14.43,,,
12.85,,,
7.38,,,
15.74,,,
36.29,,,
10.06,,,
11.13,,,
6.97,,,
6.48,,,
6.59,,,
6.84,,,
6,,,
9.18,,,
7.02,,,
5.15,,,
8.17,,,
13.04,,,
8.29,,,
11.93,,,
7.46,,,
5.98,,,
17.71,,,
6.37,,,
6.52,,,
13.93,,,
6.2,,,
8.9,,,
10.42,,,
7.13,,,
10.03,,,
7.07,,,
5.7,,,
9.15,,,
7.01,,,
6.24,,,
6.89,,,
9.07,,,
7.51,,,
6.52,,,
7.33,,,
5.77,,,
8.61,,,
12.07,,,
9.2,,,
10.05,,,
10.15,,,
6.9,,,
8.28,,,
7.32,,,
11.14,,,
7.58,,,
7.98,,,
12.44,,,
10.83,,,
6.67,,,
6.73,,,
7.57,,,
9.58,,,
8.64,,,
8.11,,,
7.18,,,
7.75,,,
8.55,,,
5.11,,,
12.95,,,
6.88,,,
6.47,,,
5.2,,,
8.26,,,
9.15,,,
5.25,,,
7.69,,,
11.1,,,
8.91,,,
8.07,,,
8.34,,,
14,,,
7.1,,,
9.1,,,
8.24,,,
8.98,,,
6.94,,,
12.08,,,
9.25,,,
7.37,,,
17.97,,,
11.82,,,
13.63,,,
8.6,,,
15.73,,,
9.04,,,
7.95,,,
8.24,,,
6.25,,,
9.93,,,
8.3,,,
8.97,,,
8.84,,,
11.87,,,
9.31,,,
8.87,,,
13.31,,,
7.46,,,
10.27,,,
7.78,,,
8.15,,,
7.19,,,
9.52,,,
6.92,,,
7.21,,,
6.66,,,
7.21,,,
6.92,,,
6.02,,,
7.05,,,
6.56,,,
7.3,,,
5.62,,,
5.52,,,
5.36,,,
6.23,,,
8.82,,,
11.91,,,
6.76,,,
12.48,,,
10.7,,,
10.32,,,
11.72,,,
8.87,,,
6.26,,,
8.72,,,
8.78,,,
10.25,,,
8.08,,,
10.5,,,
18.74,,,
10.31,,,
8.74,,,
9.96,,,
11.15,,,
6.03,,,
18.45,,,
8.51,,,
7.64,,,
12.21,,,
12.46,,,
12.98,,,
8.59,,,
8.66,,,
12.22,,,
6.44,,,
313.55,,,
7,,,
8.52,,,
14.7,,,
10.79,,,
9.03,,,
7.73,,,
5.98,,,
7.86,,,
12.14,,,
9.96,,,
10.3,,,
6.99,,,
8.38,,,
10.29,,,
9.14,,,
11.8,,,
6.69,,,
9.58,,,
9.49,,,
7.47,,,
7.15,,,
9.41,,,
11.78,,,
11.87,,,
13.32,,,
7.65,,,
7.99,,,
16.32,,,
9.95,,,
7.08,,,
7.87,,,
10.19,,,
8.72,,,
14.3,,,
10.77,,,
6.89,,,
11.56,,,
6.34,,,
10.5,,,
10,,,
8.43,,,
7.19,,,
10.36,,,
7.12,,,
8.87,,,
5.69,,,
8.71,,,
6.8,,,
9.09,,,
10.88,,,
7.94,,,
8.77,,,
7.11,,,
5.81,,,
7.76,,,
6.25,,,
8.55,,,
10.59,,,
11.1,,,
6.84,,,
6.69,,,
9.26,,,
8.75,,,
10.32,,,
7.59,,,
9.67,,,
7.99,,,
6.05,,,
10.23,,,
7.11,,,
8.15,,,
7.77,,,
8.23,,,
9.34,,,
7.35,,,
34.95,,,
9.05,,,
9.17,,,
5.73,,,
10.46,,,
7.98,,,
12.41,,,
9.96,,,
7.55,,,
8.55,,,
6.71,,,
6.66,,,
8.14,,,
5.84,,,
8.34,,,
9.2,,,
8.12,,,
9.17,,,
7.86,,,
7.82,,,
6.82,,,
10.76,,,
19.45,,,
25.97,,,
8.75,,,
9.22,,,
9.81,,,
9.41,,,
6.64,,,
6.05,,,
8.81,,,
12.39,,,
11.56,,,
7.57,,,
7.02,,,
6.65,,,
8.5,,,
9.18,,,
7.93,,,
9.62,,,
6.33,,,
6.22,,,
11.13,,,
6.8,,,
6.19,,,
11.47,,,
6.88,,,
7.96,,,
11.58,,,
11.34,,,
5.75,,,
6.68,,,
11.55,,,
8.11,,,
10.53,,,
6.92,,,
7.51,,,
5.64,,,
9.05,,,
7.84,,,
7.74,,,
7.24,,,
12.55,,,
8.96,,,
8.29,,,
11.76,,,
8.18,,,
6.3,,,
6.56,,,
7.44,,,
9.55,,,
12.9,,,
24.98,,,
12.16,,,
8.63,,,
7.66,,,
12.32,,,
8.72,,,
6.62,,,
9.23,,,
6.66,,,
6.02,,,
9.62,,,
11.56,,,
7.33,,,
7,,,
6.3,,,
5.8,,,
8.65,,,
6.65,,,
5.29,,,
9.03,,,
15.61,,,
8.06,,,
11.84,,,
9.72,,,
12.27,,,
9.11,,,
6.6,,,
7.17,,,
8.37,,,
7.88,,,
9.76,,,
5.52,,,
7.54,,,
6.99,,,
8.08,,,
5.63,,,
5.89,,,
6.7,,,
9.7,,,
15.67,,,
9.51,,,
7.47,,,
8.08,,,
9.72,,,
6.82,,,
10.15,,,
6.72,,,
10.48,,,
5.71,,,
6.54,,,
6.92,,,
7.68,,,
5.82,,,
12.46,,,
11.77,,,
10.47,,,
7.02,,,
9.38,,,
7.13,,,
9.05,,,
8.47,,,
7,,,
8.44,,,
8.35,,,
6.36,,,
8.27,,,
6.31,,,
9.3,,,
6.74,,,
12.38,,,
6,,,
5.9,,,
10.55,,,
7.82,,,
8.23,,,
8.06,,,
10.03,,,
10.34,,,
11.83,,,
7.93,,,
6.98,,,
11.97,,,
6.4,,,
6.61,,,
18.17,,,
7.08,,,
8.9,,,
12.38,,,
6.68,,,
11.5,,,
6.81,,,
12.44,,,
6.25,,,
8.86,,,
25.43,,,
9.04,,,
10.81,,,
6.13,,,
6.52,,,
6.89,,,
7.62,,,
10.58,,,
15.24,,,
7.87,,,
6.07,,,
6.58,,,
15.22,,,
12.79,,,
9.23,,,
9.35,,,
7.34,,,
11.61,,,
9.51,,,
5.2,,,
8.9,,,
6.84,,,
7.73,,,
6.93,,,
9.88,,,
8.62,,,
9.43,,,
9.79,,,
11.98,,,
9.39,,,
7.56,,,
6.89,,,
8.26,,,
8.1,,,
19.25,,,
6.2,,,
6.89,,,
6.03,,,
5.56,,,
6.07,,,
5.54,,,
8.62,,,
8.75,,,
8.86,,,
8.62,,,
6.24,,,
7.92,,,
6.57,,,
8.7,,,
6.9,,,
8.11,,,
9.55,,,
10.09,,,
9.39,,,
13.25,,,
5.54,,,
8.94,,,
12.76,,,
8.47,,,
7.33,,,
9.38,,,
6.92,,,
8.67,,,
10.45,,,
6.06,,,
8.67,,,
8.03,,,
8.25,,,
19.84,,,
7.81,,,
12.48,,,
11.82,,,
8.81,,,
10.1,,,
9.53,,,
18.75,,,
9.82,,,
7.45,,,
9.91,,,
13.53,,,
15.31,,,
7.37,,,
8.36,,,
10.59,,,
12.6,,,
6.27,,,
9.11,,,
7.4,,,
6.2,,,
10.24,,,
9.29,,,
9.55,,,
8.9,,,
7.85,,,
8.83,,,
9.2,,,
6.51,,,
7.16,,,
9.74,,,
6.81,,,
13.02,,,
8.11,,,
8.62,,,
6.59,,,
9.73,,,
8.21,,,
8.98,,,
8.93,,,
12.87,,,
8.71,,,
6.82,,,
6.28,,,
9.49,,,
9.18,,,
9.82,,,
6.68,,,
8.26,,,
8.7,,,
9.1,,,
8.24,,,
7.69,,,
6.59,,,
6.2,,,
6.29,,,
6.34,,,
9.81,,,
9.85,,,
10.02,,,
10.02,,,
7.52,,,
8.27,,,
6.91,,,
7.15,,,
10.15,,,
6.62,,,
7.78,,,
7.6,,,
11.69,,,
7.42,,,
8.97,,,
8.06,,,
8.14,,,
10.61,,,
8.97,,,
7.51,,,
7.36,,,
10.58,,,
10.99,,,
9.52,,,
6.45,,,
7.59,,,
8.67,,,
7.98,,,
7.83,,,
4.81,,,
5.84,,,
6.32,,,
10.01,,,
7.23,,,
5.96,,,
5.68,,,
9.42,,,
8.76,,,
9.26,,,
6.28,,,
6.85,,,
7.33,,,
10.09,,,
6.1,,,
6.19,,,
11.26,,,
9.59,,,
6.58,,,
10.08,,,
6.48,,,
9.03,,,
9.6,,,
21.55,,,
6.13,,,
6.77,,,
8.35,,,
10.82,,,
7.1,,,
8.58,,,
6.22,,,
6.22,,,
9.73,,,
6.32,,,
5.74,,,
7.69,,,
9.98,,,
7.71,,,
27.75,,,
12.49,,,
68.01,,,
8.71,,,
7.25,,,
6.83,,,
10.81,,,
7.03,,,
9.1,,,
8,,,
9.77,,,
6.46,,,
13.2,,,
5.24,,,
9.1,,,
9.15,,,
7.73,,,
6.28,,,
13.12,,,
6.93,,,
4.68,,,
10.5,,,
6.16,,,
9.63,,,
12.25,,,
9.96,,,
6.4,,,
8.07,,,
7.75,,,
10.31,,,
7.83,,,
7.27,,,
7.76,,,
8.96,,,
8.97,,,
5.71,,,
6.06,,,
5.14,,,
6.97,,,
9.32,,,
14.38,,,
10.45,,,
11.95,,,
10.39,,,
9.1,,,
15.09,,,
7.32,,,
7.07,,,
8.52,,,
9.09,,,
8.27,,,
7.1,,,
11.21,,,
8.6,,,
7.28,,,
6.48,,,
10.71,,,
10.95,,,
7.28,,,
8.5,,,
10.57,,,
27.95,,,
6.35,,,
8.11,,,
9.94,,,
11.72,,,
14.25,,,
22.69,,,
7.1,,,
7.17,,,
11.73,,,
8.47,,,
7.32,,,
8.43,,,
13.48,,,
9.39,,,
11.85,,,
7.2,,,
6.65,,,
6.82,,,
7.82,,,
8.8,,,
18.89,,,
20.22,,,
9.54,,,
6.39,,,
8.55,,,
6.9,,,
17.71,,,
9.01,,,
9.87,,,
6.81,,,
24.46,,,
6.73,,,
6.74,,,
8.02,,,
8.31,,,
9.21,,,
8.83,,,
13.39,,,
24.53,,,
6.48,,,
10.77,,,
7.25,,,
6.51,,,
6.81,,,
8.46,,,
7.69,,,
6.61,,,
9.63,,,
9.37,,,
8.33,,,
9.6,,,
6.21,,,
9.44,,,
7.18,,,
15.45,,,
14.2,,,
13.86,,,
7,,,
12.02,,,
6.54,,,
8.86,,,
14.41,,,
8.44,,,
10.72,,,
13.53,,,
7.63,,,
8.1,,,
9.95,,,
6.2,,,
6.35,,,
6.04,,,
7.34,,,
9.83,,,
11.62,,,
15.73,,,
19.52,,,
8.24,,,
6.81,,,
7.66,,,
8.01,,,
6.21,,,
10.28,,,
7.73,,,
8.14,,,
6.63,,,
6.98,,,
9.7,,,
8.95,,,
13.71,,,
11.26,,,
8.72,,,
7.88,,,
6.25,,,
9.49,,,
8.74,,,
8.13,,,
7.54,,,
9.3,,,
6.91,,,
7.22,,,
6.81,,,
12.41,,,
6.22,,,
6.69,,,
6.87,,,
28.71,,,
8.26,,,
8.17,,,
7.29,,,
8.95,,,
7.97,,,
26.28,,,
9.57,,,
7.11,,,
6.67,,,
7.94,,,
6.27,,,
8.09,,,
6.73,,,
15.78,,,
7.28,,,
8.11,,,
12.26,,,
7.34,,,
6.18,,,
9.33,,,
9.16,,,
6.52,,,
9.7,,,
7.18,,,
7.5,,,
6.13,,,
7.38,,,
10.67,,,
8.26,,,
7.73,,,
7.14,,,
6.14,,,
8.66,,,
6.21,,,
21.19,,,
7.42,,,
6.86,,,
6.39,,,
8.92,,,
9.02,,,
8.22,,,
5.53,,,
9.88,,,
10.32,,,
7.47,,,
11.21,,,
6.69,,,
13.81,,,
32.47,,,
65.22,,,
8.37,,,
8.23,,,
9.98,,,
9.85,,,
9.63,,,
29.91,,,
5.71,,,
6.45,,,
5.76,,,
7.4,,,
7.27,,,
9.88,,,
5.48,,,
8.18,,,
11,,,
6.78,,,
14.8,,,
6.88,,,
7.16,,,
10.2,,,
10.88,,,
6.26,,,
11.65,,,
18.92,,,
8.14,,,
11.43,,,
6.95,,,
7.9,,,
6.44,,,
6.95,,,
10.82,,,
9.24,,,
7.64,,,
8.41,,,
5.44,,,
13.89,,,
8,,,
5.87,,,
5.36,,,
10.3,,,
12.51,,,
11.51,,,
10.11,,,
9.83,,,
7.18,,,
5.17,,,
6.36,,,
10.16,,,
5.6,,,
6.45,,,
13.29,,,
8.54,,,
7.07,,,
10.58,,,
8.05,,,
10.87,,,
8.29,,,
8.14,,,
8.34,,,
12.15,,,
6.78,,,
8.28,,,
8.98,,,
11.58,,,
6.3,,,
8.61,,,
8.55,,,
6.01,,,
8.15,,,
11.74,,,
8.13,,,
6.05,,,
9.39,,,
7.83,,,
6.09,,,
8.9,,,
10.81,,,
18.14,,,
8.47,,,
6.79,,,
12.02,,,
7.93,,,
8.42,,,
10.64,,,
9.76,,,
6.58,,,
15.86,,,
9.89,,,
11.83,,,
8.8,,,
9.55,,,
12.53,,,
8.53,,,
7.87,,,
8.84,,,
11.96,,,
14.19,,,
6.1,,,
13.29,,,
9.99,,,
7,,,
15.16,,,
8.21,,,
7.59,,,
8.61,,,
9.98,,,
13.89,,,
12.72,,,
11.53,,,
6.3,,,
10.83,,,
5.6,,,
6.6,,,
6.26,,,
6.1,,,
7.91,,,
6.8,,,
19.89,,,
14.97,,,
5.28,,,
9.5,,,
7.95,,,
5.45,,,
6.34,,,
14.79,,,
10.88,,,
5.65,,,
12.27,,,
9.06,,,
8.36,,,
10.23,,,
8.28,,,
10.19,,,
13.19,,,
13.72,,,
7.68,,,
7.72,,,
4.61,,,
7.52,,,
7.55,,,
7.33,,,
6.92,,,
8.72,,,
9.51,,,
6.3,,,
7.34,,,
10.59,,,
6.5,,,
5.81,,,
12.16,,,
10.4,,,
9.47,,,
9.94,,,
10.46,,,
7.53,,,
8.32,,,
10.06,,,
7.91,,,
5.63,,,
6.31,,,
7.65,,,
7.64,,,
14.91,,,
8.95,,,
7.42,,,
11.17,,,
8.05,,,
12.04,,,
9.15,,,
5.19,,,
11.18,,,
7.4,,,
8.83,,,
12.83,,,
8.79,,,
9.14,,,
12.36,,,
6.33,,,
6.72,,,
7.28,,,
7.23,,,
8.65,,,
8.16,,,
10.9,,,
8.34,,,
8.79,,,
8.73,,,
5.97,,,
6.36,,,
6.9,,,
10.86,,,
9.21,,,
5.73,,,
8.22,,,
8.01,,,
8.79,,,
6.35,,,
10.39,,,
8.37,,,
6.25,,,
7.66,,,
7.5,,,
19.68,,,
10.02,,,
14.22,,,
6.11,,,
6.61,,,
7.55,,,
8.02,,,
11.89,,,
13.36,,,
28.45,,,
7.12,,,
6.28,,,
5.52,,,
10.62,,,
6.14,,,
6.41,,,
8.63,,,
6.07,,,
8.24,,,
7.3,,,
8.68,,,
5.99,,,
5.39,,,
7.97,,,
6.42,,,
7.93,,,
12.13,,,
10.29,,,
8.04,,,
8.47,,,
11.45,,,
9.76,,,
8.38,,,
6.46,,,
8.36,,,
12.26,,,
7.43,,,
6.14,,,
4.74,,,
7.63,,,
7.44,,,
6.29,,,
5.42,,,
9.63,,,
14.49,,,
12.52,,,
10.84,,,
7.53,,,
11.13,,,
5.73,,,
11.38,,,
7.53,,,
7.23,,,
5.9,,,
12.86,,,
6.97,,,
8.95,,,
7.7,,,
6.96,,,
7.35,,,
11.15,,,
9.16,,,
12.25,,,
6.39,,,
11.69,,,
10.39,,,
6.65,,,
7.58,,,
8.96,,,
8.14,,,
10.56,,,
8.96,,,
8.27,,,
16.37,,,
6.62,,,
5.6,,,
8.59,,,
6.83,,,
6.8,,,
4.71,,,
5.14,,,
8.92,,,
6.06,,,
5.66,,,
5.69,,,
6.85,,,
12.03,,,
5.58,,,
16.62,,,
7.64,,,
4.99,,,
6.23,,,
27.03,,,
8.44,,,
21.8,,,
10.01,,,
5.91,,,
5.97,,,
7.81,,,
7.49,,,
9.78,,,
6.72,,,
7.83,,,
7.43,,,
7.37,,,
9.72,,,
5.29,,,
6.62,,,
10.69,,,
7.29,,,
7.92,,,
9.48,,,
9.54,,,
10.62,,,
13.25,,,
14.98,,,
9.57,,,
11.2,,,
11.72,,,
7,,,
7.67,,,
7.17,,,
11.75,,,
8.22,,,
10.71,,,
12.02,,,
7.39,,,
7.21,,,
9.45,,,
34.26,,,
10.47,,,
5.45,,,
8.43,,,
6.34,,,
8.02,,,
7.37,,,
4.22,,,
5.52,,,
6.63,,,
11.12,,,
15.6,,,
9.23,,,
10.16,,,
8.75,,,
6.6,,,
4.98,,,
8.47,,,
4.47,,,
17.07,,,
5.79,,,
6.58,,,
7.19,,,
7.77,,,
5.65,,,
8.14,,,
7.89,,,
10.3,,,
9.22,,,
9.33,,,
6.22,,,
6.26,,,
6.99,,,
17.49,,,
5.37,,,
10.42,,,
6.17,,,
7.2,,,
7.72,,,
6.54,,,
7.02,,,
20.36,,,
7.5,,,
5.33,,,
5.17,,,
15.55,,,
8.29,,,
5.29,,,
7.69,,,
6.6,,,
6.46,,,
20.57,,,
4.94,,,
8.97,,,
6.28,,,
7.61,,,
7.43,,,
7.78,,,
10.83,,,
5.86,,,
12.54,,,
5.14,,,
3.81,,,
5,,,
11.82,,,
7.19,,,
4.81,,,
6.49,,,
10.23,,,
7.44,,,
4.41,,,
7.64,,,
4.7,,,
8.94,,,
18.05,,,
7.39,,,
5.95,,,
5.55,,,
6.72,,,
8.13,,,
6.82,,,
5.9,,,
4.85,,,
5.63,,,
11.15,,,
6.06,,,
6.59,,,
5.1,,,
7.87,,,
5.94,,,
6.57,,,
8.43,,,
8.53,,,
6.44,,,
5.8,,,
7.45,,,
9.13,,,
5.12,,,
30.33,,,
5.92,,,
7.89,,,
11.39,,,
8.35,,,
6.71,,,
9.06,,,
7,,,
5.4,,,
8.1,,,
6.24,,,
17.22,,,
8.03,,,
9.09,,,
7.8,,,
5.76,,,
12.1,,,
7.19,,,
9.09,,,
5.04,,,
7.09,,,
7.6,,,
7.99,,,
6.91,,,
10,,,
18.7,,,
7.59,,,
31.38,,,
6.55,,,
8.85,,,
4,,,
5.02,,,
4.53,,,
6.77,,,
9.15,,,
12.07,,,
14.8,,,
8.91,,,
6.17,,,
5.9,,,
4.76,,,
9.01,,,
5.07,,,
6.49,,,
8.1,,,
5.04,,,
7.61,,,
6.24,,,
5.51,,,
4.84,,,
4.56,,,
4.42,,,
4.36,,,
5.09,,,
5.18,,,
12.94,,,
8.49,,,
4.48,,,
23.55,,,
7.15,,,
7.5,,,
5.15,,,
7.73,,,
6.47,,,
7.15,,,
5.94,,,
9.03,,,
50.77,,,
7.21,,,
6.59,,,
8.62,,,
7.01,,,
7.36,,,
5.34,,,
8.27,,,
6.18,,,
8.86,,,
10.75,,,
17.55,,,
6.54,,,
7.4,,,
15.01,,,
61.97,,,
8.12,,,
6.02,,,
7.15,,,
15.88,,,
9.71,,,
7.4,,,
8.43,,,
12.28,,,
8.34,,,
14.12,,,
18.24,,,
5.37,,,
6.99,,,
11.07,,,
17.04,,,
21.56,,,
5.95,,,
8.22,,,
8,,,
6,,,
6.6,,,
8.15,,,
5.58,,,
7.12,,,
7.5,,,
4.77,,,
6.72,,,
11.58,,,
27.92,,,
6.8,,,
5.92,,,
9.7,,,
7.57,,,
7.12,,,
4.89,,,
8.03,,,
9.89,,,
8.41,,,
11.01,,,
5.31,,,
5.12,,,
9.86,,,
6.71,,,
8.25,,,
10.37,,,
11.61,,,
9.09,,,
5.18,,,
6.68,,,
7.71,,,
7.15,,,
7.03,,,
5.9,,,
24.18,,,
8.26,,,
18.45,,,
9.04,,,
17.34,,,
6.31,,,
7.54,,,
18.71,,,
7.93,,,
8.06,,,
5.62,,,
6.92,,,
8.59,,,
8,,,
8.43,,,
8.3,,,
6.64,,,
7.27,,,
4.51,,,
6.57,,,
18.26,,,
5.6,,,
5.55,,,
6.15,,,
14.11,,,
5.22,,,
4.61,,,
6.36,,,
5.83,,,
6.4,,,
4.9,,,
6.1,,,
8.92,,,
10.98,,,
7.8,,,
6.1,,,
9.97,,,
11.85,,,
16.38,,,
4.56,,,
7.29,,,
5.36,,,
6.63,,,
8.2,,,
4.85,,,
5.19,,,
7.65,,,
4.24,,,
7.56,,,
3.74,,,
15.05,,,
4.95,,,
8.53,,,
4.63,,,
5.4,,,
6.67,,,
7.52,,,
7.42,,,
5.84,,,
9,,,
5.75,,,
5.81,,,
8.13,,,
17.8,,,
6.88,,,
5.17,,,
5.87,,,
18.67,,,
11.81,,,
5.13,,,
6.74,,,
8.58,,,
13.44,,,
10.03,,,
6.54,,,
6.03,,,
4.58,,,
6.21,,,
6.45,,,
7.47,,,
7.47,,,
11.04,,,
5.36,,,
8.14,,,
4.99,,,
5.97,,,
5.33,,,
11.25,,,
6.28,,,
5.48,,,
6.62,,,
20.99,,,
6.16,,,
6.48,,,
4.92,,,
7.34,,,
6.99,,,
5.27,,,
9.3,,,
4.61,,,
9.72,,,
5.99,,,
17.48,,,
21.45,,,
5.2,,,
6.93,,,
6.44,,,
5.43,,,
5.18,,,
5.32,,,
6.36,,,
6.83,,,
7.48,,,
6.11,,,
6.57,,,
5.66,,,
21.15,,,
5.03,,,
8.15,,,
6.89,,,
6.06,,,
6.99,,,
6.75,,,
7.81,,,
20.27,,,
6.54,,,
5.12,,,
5.72,,,
7.45,,,
5.67,,,
6.21,,,
7.75,,,
7.01,,,
6.06,,,
7.02,,,
10.83,,,
5.4,,,
7.51,,,
5.2,,,
10.08,,,
7.49,,,
4.32,,,
7.9,,,
7.5,,,
8.38,,,
7,,,
10.23,,,
9.15,,,
7.48,,,
6.36,,,
9.19,,,
9.39,,,
8.54,,,
7.84,,,
10.19,,,
6.68,,,
9.2,,,
10.25,,,
7.39,,,
5.19,,,
24.67,,,
5.73,,,
5.81,,,
7.87,,,
8.89,,,
22.09,,,
17.42,,,
5.18,,,
4.82,,,
5.07,,,
7.47,,,
5.13,,,
6.17,,,
5.15,,,
6,,,
6.11,,,
5.99,,,
9.12,,,
10.93,,,
5.87,,,
7.95,,,
8.2,,,
8.52,,,
8.76,,,
21.5,,,
12.83,,,
26.92,,,
6.87,,,
7.36,,,
5.8,,,
4.82,,,
7.55,,,
8.94,,,
11.19,,,
6.62,,,
8,,,
5.88,,,
8.51,,,
6.66,,,
9.08,,,
9.32,,,
4.73,,,
7.35,,,
6.71,,,
10.84,,,
5.25,,,
5.12,,,
6.42,,,
7.61,,,
8.6,,,
5.68,,,
8.04,,,
14.26,,,
9.61,,,
6.67,,,
9.1,,,
9.28,,,
6.77,,,
6.36,,,
7.63,,,
6.04,,,
5.31,,,
8.57,,,
6.05,,,
6.49,,,
5.15,,,
8.34,,,
5.58,,,
7.41,,,
6.7,,,
5.19,,,
7.7,,,
7.61,,,
8.04,,,
10.08,,,
4.98,,,
6.61,,,
7.08,,,
6.92,,,
8.62,,,
7.83,,,
10.37,,,
6.41,,,
11.25,,,
6.71,,,
7.85,,,
18.21,,,
23.3,,,
6.58,,,
6.94,,,
22.27,,,
10.64,,,
11.48,,,
5.24,,,
55.83,,,
20.43,,,
6.72,,,
5.19,,,
7.18,,,
12.52,,,
8.74,,,
6.66,,,
8,,,
8.37,,,
6.56,,,
8.35,,,
6.76,,,
16.24,,,
8.63,,,
7.3,,,
5.41,,,
5.79,,,
11.51,,,
6.57,,,
5.57,,,
7.15,,,
5.2,,,
4.81,,,
11.28,,,
7.23,,,
17.13,,,
6.47,,,
5.22,,,
7.23,,,
9.33,,,
9.47,,,
12.38,,,
8.56,,,
5.26,,,
7.85,,,
6.23,,,
9.51,,,
21.34,,,
31.96,,,
23.16,,,
5.65,,,
6.96,,,
4.49,,,
6.23,,,
4.4,,,
8.68,,,
30.52,,,
9.25,,,
17.93,,,
8.97,,,
16.71,,,
19.75,,,
11.06,,,
17.23,,,
22.38,,,
6.94,,,
24.1,,,
13.65,,,
9.61,,,
5.03,,,
8.16,,,
5.37,,,
8.9,,,
5.73,,,
6.23,,,
14.67,,,
6.6,,,
8.78,,,
6.23,,,
7.86,,,
4.42,,,
16.33,,,
5.46,,,
6.51,,,
8.77,,,
9.99,,,
26.19,,,
10.79,,,
32.83,,,
5.89,,,
7.65,,,
4.67,,,
21.56,,,
7.29,,,
9.44,,,
11.85,,,
9.61,,,
20.48,,,
72.21,,,
7.57,,,
6.44,,,
15.63,,,
12.64,,,
5.96,,,
7.74,,,
13.48,,,
7.13,,,
7.83,,,
8.25,,,
6.32,,,
5.51,,,
12.17,,,
7.58,,,
8.03,,,
18.15,,,
4.89,,,
20.92,,,
7.02,,,
16.93,,,
5.93,,,
7.12,,,
5.06,,,
8.99,,,
17.87,,,
8.04,,,
18.03,,,
7.94,,,
6.85,,,
7.91,,,
7.44,,,
19.97,,,
6.75,,,
7.66,,,
66.81,,,
10.96,,,
4.23,,,
7.16,,,
10.05,,,
28.86,,,
9.61,,,
6.45,,,
16.38,,,
11.7,,,
4.91,,,
6.16,,,
10.03,,,
12.85,,,
9.38,,,
8.77,,,
5.16,,,
14.48,,,
17.12,,,
9.39,,,
18.66,,,
9.19,,,
14.19,,,
7.02,,,
8.91,,,
9.2,,,
7.74,,,
7.21,,,
6.8,,,
8.39,,,
10.02,,,
5.72,,,
5.21,,,
5.47,,,
8.37,,,
8.8,,,
16.41,,,
15.79,,,
4.29,,,
14.15,,,
5.03,,,
10.23,,,
10.94,,,
7.88,,,
5.79,,,
6.03,,,
6.6,,,
27.33,,,
7.7,,,
8.48,,,
8.29,,,
7.71,,,
20.96,,,
7.41,,,
7.92,,,
57.92,,,
5.8,,,
17.97,,,
9.67,,,
13.74,,,
7.12,,,
7.59,,,
10.3,,,
9.51,,,
12,,,
18,,,
6.03,,,
5.03,,,
7.18,,,
8.12,,,
6.9,,,
15.99,,,
4.48,,,
5.55,,,
7.69,,,
7,,,
10.54,,,
17.19,,,
7.61,,,
19.57,,,
14.84,,,
14.81,,,
6.99,,,
12.04,,,
9.38,,,
6.53,,,
6.44,,,
5.02,,,
22.27,,,
8.03,,,
6.55,,,
4.81,,,
7.76,,,
6.99,,,
7.99,,,
6.42,,,
5.58,,,
6.12,,,
18.39,,,
7.5,,,
8.2,,,
15.28,,,
5.79,,,
8.37,,,
5.27,,,
5.47,,,
8.84,,,
8.13,,,
5.86,,,
5.19,,,
6.87,,,
6.92,,,
5.64,,,
7.03,,,
14.25,,,
9.46,,,
10.83,,,
8.42,,,
21.54,,,
4.61,,,
5.48,,,
11.08,,,
17.91,,,
5.85,,,
8.83,,,
9.55,,,
7.31,,,
7.49,,,
6.08,,,
5.01,,,
6.8,,,
7.42,,,
6.85,,,
9.22,,,
8.01,,,
6.68,,,
6.81,,,
5.61,,,
17.24,,,
5.82,,,
6.02,,,
7.56,,,
6.99,,,
7.18,,,
11.56,,,
7.62,,,
7.49,,,
6.99,,,
4.54,,,
10.43,,,
15.41,,,
14.43,,,
5.76,,,
18.94,,,
6.17,,,
7.44,,,
10.37,,,
7.02,,,
13.7,,,
6.79,,,
12.59,,,
6.03,,,
6.85,,,
7.24,,,
5.77,,,
5.94,,,
12.12,,,
15.72,,,
8.62,,,
5.98,,,
7.1,,,
12.77,,,
5.64,,,
7.26,,,
24.44,,,
7.18,,,
7.43,,,
10.09,,,
9.83,,,
6.43,,,
5.87,,,
10.38,,,
10.05,,,
19.58,,,
5.6,,,
17.46,,,
5.25,,,
5.51,,,
10.67,,,
7.22,,,
20.9,,,
8.29,,,
5.92,,,
9.38,,,
6.77,,,
5.66,,,
5.8,,,
6.16,,,
6.49,,,
11.09,,,
5.29,,,
19.02,,,
10.17,,,
35.35,,,
6.1,,,
27.2,,,
7.76,,,
10.56,,,
14.91,,,
6.04,,,
6.82,,,
8.06,,,
18.41,,,
7.49,,,
7.21,,,
10.94,,,
18.12,,,
6.48,,,
7.47,,,
22.79,,,
10.19,,,
10.55,,,
11.33,,,
4.45,,,
6.32,,,
6.62,,,
8.04,,,
5.6,,,
17.13,,,
7.88,,,
5.12,,,
16.17,,,
12.06,,,
7.27,,,
12.39,,,
9.39,,,
19.11,,,
9.13,,,
6.46,,,
9.54,,,
5.35,,,
6.49,,,
5.96,,,
16.66,,,
8.93,,,
7.99,,,
8.06,,,
27.97,,,
5.49,,,
6.74,,,
13.59,,,
19.86,,,
14.49,,,
8.49,,,
18.34,,,
7.4,,,
9.16,,,
5.89,,,
7.13,,,
9.29,,,
16.9,,,
6.55,,,
5.03,,,
15.88,,,
8.98,,,
5.55,,,
8.1,,,
6.46,,,
6.41,,,
6.52,,,
7.04,,,
5.59,,,
9.11,,,
7.92,,,
12.08,,,
5.13,,,
5.3,,,
11.04,,,
5.45,,,
5.18,,,
9.39,,,
7.72,,,
7.41,,,
14.94,,,
23.76,,,
7.44,,,
6.04,,,
6.89,,,
6.74,,,
20.7,,,
5.68,,,
11.28,,,
8.34,,,
21.42,,,
6.6,,,
7.19,,,
19.76,,,
10.99,,,
9.2,,,
8.68,,,
7.94,,,
9.58,,,
15.3,,,
9.83,,,
5.79,,,
5.82,,,
9.35,,,
7.75,,,
7.41,,,
15.28,,,
7.73,,,
5.32,,,
5.82,,,
9.87,,,
11.35,,,
20.27,,,
9.35,,,
5.59,,,
8.08,,,
7.31,,,
5.75,,,
4.48,,,
6.26,,,
13,,,
6.63,,,
6.68,,,
5.69,,,
5.11,,,
6.1,,,
5.65,,,
10.92,,,
5.59,,,
16.05,,,
11.07,,,
5,,,
6.55,,,
5.46,,,
15.17,,,
8.13,,,
4.41,,,
73.43,,,
17.91,,,
9.86,,,
6.98,,,
7.92,,,
5.35,,,
7.45,,,
13,,,
11.88,,,
6.92,,,
7.46,,,
10.73,,,
29.42,,,
9.97,,,
16.64,,,
6.47,,,
5.78,,,
8.37,,,
17.66,,,
7.62,,,
6.59,,,
5.46,,,
9.24,,,
7.06,,,
67.7,,,
6.89,,,
8.23,,,
20.21,,,
8.48,,,
8.01,,,
5.46,,,
8.13,,,
7.92,,,
6.73,,,
9.19,,,
13.78,,,
9.81,,,
10.26,,,
16.49,,,
14.98,,,
5.73,,,
20.95,,,
7.47,,,
8.09,,,
11.6,,,
6.03,,,
7.4,,,
15.17,,,
17.28,,,
5.03,,,
5.5,,,
6.84,,,
7.15,,,
9.95,,,
5.26,,,
5.56,,,
6.46,,,
4.94,,,
6.47,,,
6.21,,,
7.02,,,
8.61,,,
11.82,,,
5.27,,,
8.2,,,
15.44,,,
5.8,,,
7.83,,,
10.31,,,
8.7,,,
8.91,,,
11.28,,,
7.5,,,
8.48,,,
11.09,,,
6.02,,,
21.74,,,
7.5,,,
5.63,,,
7.68,,,
5.44,,,
67.62,,,
6.47,,,
5.42,,,
7.62,,,
7.97,,,
5.57,,,
17.38,,,
9.01,,,
7.1,,,
7.01,,,
5,,,
5.45,,,
9.34,,,
9.88,,,
8.25,,,
25.64,,,
7.86,,,
6.73,,,
7.11,,,
14.76,,,
4.73,,,
5.21,,,
5.08,,,
4.44,,,
5.68,,,
18.43,,,
5.1,,,
4.47,,,
4.97,,,
4.92,,,
6.3,,,
7.05,,,
7.86,,,
5.43,,,
7.97,,,
6.05,,,
7.59,,,
7.77,,,
5.69,,,
8.48,,,
19.22,,,
10.22,,,
4.92,,,
7.11,,,
5.4,,,
8.31,,,
9.43,,,
7.42,,,
7.72,,,
7.7,,,
18.55,,,
9.93,,,
4.53,,,
6.65,,,
4.71,,,
4.92,,,
7.22,,,
17.59,,,
9.41,,,
7.53,,,
6.19,,,
6.21,,,
5.52,,,
6.52,,,
8.58,,,
4.63,,,
4.47,,,
30.31,,,
6.21,,,
6.29,,,
9.11,,,
6.83,,,
11.05,,,
7.7,,,
7.46,,,
7.74,,,
7.38,,,
5.47,,,
4.43,,,
5.1,,,
5.57,,,
7.91,,,
4.11,,,
9.28,,,
4.38,,,
8.26,,,
22.12,,,
5.65,,,
4.93,,,
5.89,,,
5.24,,,
18.16,,,
13.79,,,
6.65,,,
19.03,,,
12.36,,,
7.4,,,
6.64,,,
19.48,,,
7.58,,,
5.92,,,
7.34,,,
8.38,,,
5.18,,,
24.86,,,
7.49,,,
6.46,,,
8.34,,,
6.7,,,
6.4,,,
4.54,,,
9.6,,,
8.59,,,
18.13,,,
5.73,,,
8.36,,,
6.92,,,
8.5,,,
17.17,,,
5.83,,,
7.15,,,
4.99,,,
10.65,,,
18.28,,,
7.15,,,
7.48,,,
5.49,,,
16.17,,,
8.31,,,
15.67,,,
9.77,,,
16.45,,,
6.29,,,
7.32,,,
21.35,,,
6.38,,,
9.51,,,
19.25,,,
10.47,,,
26.73,,,
10.48,,,
8.44,,,
10.91,,,
7.99,,,
13.24,,,
32.83,,,
10.69,,,
9.78,,,
14.29,,,
8.71,,,
8.8,,,
8.03,,,
9.13,,,
8.61,,,
6.71,,,
17.27,,,
4.6,,,
8.28,,,
19.52,,,
17.24,,,
6.13,,,
59.99,,,
5.13,,,
7.93,,,
5.53,,,
5.65,,,
6.23,,,
6.04,,,
9.89,,,
16.64,,,
6.5,,,
9.41,,,
7.69,,,
6.85,,,
14.65,,,
8.79,,,
7.36,,,
10.26,,,
9.27,,,
10.9,,,
15.33,,,
8.23,,,
9.02,,,
12.52,,,
7.55,,,
18.76,,,
7.28,,,
7.54,,,
15.45,,,
6.41,,,
6.47,,,
9.42,,,
10.46,,,
9.1,,,
6.47,,,
5.88,,,
18.55,,,
7.45,,,
6.7,,,
5.29,,,
6.35,,,
4.75,,,
5.8,,,
6.54,,,
15.85,,,
17.73,,,
6.49,,,
6.71,,,
6.56,,,
45.1,,,
16.74,,,
7.14,,,
18.73,,,
15.74,,,
9.71,,,
23.88,,,
7.43,,,
4.27,,,
4.3,,,
4.72,,,
4.23,,,
5.43,,,
5.01,,,
4.31,,,
5.07,,,
16.95,,,
4.22,,,
6.34,,,
5.67,,,
18.79,,,
4.4,,,
4.88,,,
5.01,,,
5.83,,,
8.14,,,
6.24,,,
4.83,,,
4.35,,,
7.21,,,
6.94,,,
6.21,,,
6.3,,,
4.65,,,
10.71,,,
6.53,,,
4.92,,,
4.95,,,
11.74,,,
7.86,,,
4.79,,,
6.26,,,
4.74,,,
8.27,,,
4.72,,,
10.78,,,
6.87,,,
9.18,,,
4.82,,,
7.79,,,
7.44,,,
6.21,,,
13.31,,,
12.04,,,
10.21,,,
5.69,,,
8.87,,,
9.99,,,
6.44,,,
5.46,,,
7.27,,,
5.32,,,
5.81,,,
5.27,,,
7.83,,,
6.56,,,
6.41,,,
7.03,,,
6.66,,,
8.57,,,
5.3,,,
17.12,,,
6.18,,,
6.08,,,
9.74,,,
5.03,,,
18.34,,,
4.73,,,
6.31,,,
8.36,,,
17.89,,,
6,,,
22.93,,,
17.57,,,
8.11,,,
9.18,,,
18.79,,,
6.53,,,
4.87,,,
6.67,,,
7.5,,,
5.19,,,
10.65,,,
18.3,,,
9.97,,,
7.8,,,
5.58,,,
6.18,,,
8.84,,,
4.94,,,
5.92,,,
18.23,,,
7.29,,,
6.85,,,
5.08,,,
5.85,,,
5.74,,,
5.8,,,
6.12,,,
19.1,,,
9.69,,,
9.12,,,
21.43,,,
6.59,,,
21.27,,,
6.48,,,
9.96,,,
20.76,,,
4.72,,,
7.93,,,
6.58,,,
9.04,,,
8.31,,,
16.84,,,
19.51,,,
5.18,,,
5.62,,,
6.8,,,
7.46,,,
8.69,,,
5.45,,,
5.3,,,
9.34,,,
5.22,,,
6.25,,,
7.4,,,
8.14,,,
6.65,,,
9.8,,,
8.62,,,
14.54,,,
9,,,
21.36,,,
10.36,,,
7.72,,,
7.07,,,
9.29,,,
6.83,,,
7.12,,,
8.16,,,
7.05,,,
9.81,,,
11.67,,,
5.83,,,
6.64,,,
5.79,,,
5.24,,,
7.47,,,
7.78,,,
7.2,,,
7.53,,,
6.26,,,
7.7,,,
6.56,,,
8.65,,,
5.23,,,
6.43,,,
20.11,,,
5.12,,,
5.3,,,
62.67,,,
9.72,,,
17.65,,,
7.57,,,
6.31,,,
6.4,,,
7.15,,,
6.81,,,
6.12,,,
5.76,,,
7.67,,,
6.59,,,
4.89,,,
21.3,,,
8.22,,,
6.6,,,
8.81,,,
8.73,,,
14.67,,,
5.01,,,
5.46,,,
4.79,,,
7.74,,,
6.64,,,
5.78,,,
7.82,,,
19.44,,,
6.49,,,
7.55,,,
5.97,,,
5.47,,,
5.48,,,
5.34,,,
5.11,,,
5.01,,,
9.53,,,
19.52,,,
5.53,,,
7.29,,,
5.73,,,
7.17,,,
6.54,,,
4.84,,,
4.8,,,
6.93,,,
6.21,,,
7.47,,,
20.81,,,
19.56,,,
6.72,,,
9.68,,,
9.83,,,
10.48,,,
16.66,,,
10.57,,,
8.04,,,
6.69,,,
4.4,,,
6.05,,,
6.07,,,
8.47,,,
5.73,,,
5.76,,,
5.25,,,
4.63,,,
4.5,,,
6.67,,,
4.91,,,
4.56,,,
4.8,,,
7.32,,,
4.99,,,
6.9,,,
7.34,,,
5.69,,,
5.57,,,
6.68,,,
4.49,,,
16.15,,,
15.46,,,
7.12,,,
7.3,,,
14.7,,,
6.39,,,
5.55,,,
5.32,,,
8.42,,,
8.46,,,
7.8,,,
11.69,,,
5.19,,,
6.2,,,
6.45,,,
4.77,,,
8.14,,,
14.99,,,
7.99,,,
10.07,,,
11.51,,,
22.61,,,
10.98,,,
9.08,,,
7.42,,,
6.71,,,
5.07,,,
5.02,,,
5.11,,,
12.81,,,
5.39,,,
5.3,,,
5.9,,,
5.75,,,
4.67,,,
6.26,,,
6.07,,,
9.95,,,
14.52,,,
6.2,,,
6.72,,,
18.38,,,
5.34,,,
8.84,,,
5.47,,,
9.23,,,
4.33,,,
7.53,,,
4.89,,,
4.88,,,
5.47,,,
5.37,,,
15.05,,,
5.58,,,
5.01,,,
7.75,,,
16.35,,,
5.05,,,
6.67,,,
4.63,,,
14.1,,,
6.87,,,
5.44,,,
5.36,,,
5.57,,,
6.62,,,
6.99,,,
10.06,,,
5.98,,,
6.18,,,
6.8,,,
18.04,,,
6.43,,,
19.21,,,
5.83,,,
20.25,,,
9.12,,,
5.58,,,
18.14,,,
8.62,,,
20.64,,,
6.74,,,
6.99,,,
7.48,,,
7.7,,,
7.87,,,
23.78,,,
5.17,,,
6.47,,,
7.74,,,
5.27,,,
6.48,,,
9.16,,,
15.51,,,
4.87,,,
11.44,,,
6.54,,,
7.25,,,
5.04,,,
6.34,,,
6.03,,,
13.77,,,
5.46,,,
8.48,,,
7.67,,,
5.33,,,
10.17,,,
14.6,,,
6.44,,,
8.87,,,
5.22,,,
9.53,,,
9.05,,,
6.2,,,
6.73,,,
4.73,,,
5.61,,,
9.17,,,
6.19,,,
9.4,,,
5.13,,,
6.23,,,
6.99,,,
5.53,,,
10.34,,,
8.38,,,
10.19,,,
5.79,,,
10.15,,,
7.83,,,
12.77,,,
8.25,,,
7.58,,,
7.98,,,
6.18,,,
6.92,,,
11.77,,,
13.47,,,
21.64,,,
7.93,,,
8.13,,,
6.94,,,
18.77,,,
8.4,,,
4.79,,,
7.41,,,
7.94,,,
5.36,,,
9.51,,,
18.28,,,
19.1,,,
15.5,,,
15.46,,,
6.19,,,
8.84,,,
4.99,,,
5.36,,,
8.54,,,
18.8,,,
8.24,,,
5.67,,,
5.86,,,
7.28,,,
5.44,,,
5.64,,,
6.49,,,
10.34,,,
9.06,,,
10.53,,,
6.53,,,
17.29,,,
13.52,,,
5.97,,,
21.4,,,
18.53,,,
5.28,,,
7.11,,,
5.79,,,
7.44,,,
14.74,,,
20.03,,,
7.09,,,
7.8,,,
7.87,,,
7.49,,,
20.4,,,
17.28,,,
7.26,,,
6.49,,,
7.37,,,
5.52,,,
18.41,,,
8.76,,,
11.12,,,
19.38,,,
4.69,,,
7.34,,,
5.43,,,
7.28,,,
5.05,,,
16.48,,,
5.44,,,
9.07,,,
20.98,,,
7.11,,,
8.05,,,
19.69,,,
17.45,,,
6.02,,,
4.71,,,
5.94,,,
8.79,,,
6.27,,,
6.56,,,
18.78,,,
7.08,,,
10.58,,,
5.67,,,
17.72,,,
21.73,,,
6.46,,,
5.39,,,
6.76,,,
4.29,,,
4.49,,,
5.39,,,
6.08,,,
12.17,,,
18.05,,,
20.45,,,
7.19,,,
10.26,,,
8.27,,,
7.46,,,
6.78,,,
21.72,,,
7.64,,,
5.23,,,
6.26,,,
5.74,,,
4.79,,,
11.1,,,
9.08,,,
6.23,,,
18.47,,,
9.71,,,
8.59,,,
14.56,,,
24.71,,,
16.29,,,
7.67,,,
7.69,,,
5.22,,,
9.21,,,
6.16,,,
10,,,
25.65,,,
7.06,,,
10.27,,,
5.1,,,
7.95,,,
6.05,,,
16,,,
6.31,,,
19.42,,,
5.49,,,
4.91,,,
9.28,,,
6.39,,,
6.97,,,
6.9,,,
5.25,,,
6.97,,,
4.56,,,
7.29,,,
9.66,,,
8.1,,,
7.29,,,
6.72,,,
15.82,,,
6.39,,,
16.46,,,
5.9,,,
7.28,,,
6.88,,,
5.87,,,
8.7,,,
8.64,,,
6.95,,,
10.54,,,
17.74,,,
4.76,,,
7.97,,,
4.45,,,
7.41,,,
6.14,,,
10.6,,,
18.35,,,
5.07,,,
4.98,,,
5.31,,,
6.99,,,
17.47,,,
5.21,,,
18.03,,,
20.43,,,
64.33,,,
9.51,,,
11.8,,,
7.22,,,
8.04,,,
11.56,,,
5.79,,,
6.84,,,
19.83,,,
8.57,,,
8.39,,,
5.97,,,
7.12,,,
9.18,,,
6.67,,,
6.64,,,
16.85,,,
22.64,,,
6.56,,,
10.24,,,
10.99,,,
32.09,,,
6.34,,,
6.61,,,
7.55,,,
8.24,,,
6.79,,,
7.28,,,
6.49,,,
8.62,,,
7.39,,,
11.61,,,
11,,,
7.32,,,
16.51,,,
22.78,,,
12.32,,,
7.27,,,
10.55,,,
17.96,,,
20.12,,,
5.76,,,
6.45,,,
8.81,,,
21.51,,,
18.75,,,
23.85,,,
11.56,,,
21.22,,,
7.5,,,
5.65,,,
7.22,,,
16.93,,,
8.21,,,
5.66,,,
7.26,,,
7.12,,,
5.28,,,
8.09,,,
16.63,,,
6.94,,,
22.35,,,
6.8,,,
5.01,,,
17,,,
8.08,,,
9.36,,,
5.24,,,
7.39,,,
6.33,,,
5.89,,,
6.86,,,
4.71,,,
8.6,,,
18.19,,,
5.44,,,
4.78,,,
5.88,,,
5.65,,,
5.39,,,
5.21,,,
6.05,,,
5,,,
4.66,,,
5.97,,,
4.99,,,
18.75,,,
21.4,,,
6.97,,,
19.42,,,
7.55,,,
8.21,,,
5.5,,,
18.21,,,
5.88,,,
6.04,,,
7.09,,,
6.62,,,
9.5,,,
5.7,,,
6.39,,,
7.02,,,
7.14,,,
5.92,,,
7.69,,,
21.22,,,
6.1,,,
7.27,,,
6.97,,,
10.99,,,
6.09,,,
8.29,,,
5.89,,,
7.87,,,
5.88,,,
10.43,,,
7.88,,,
4.34,,,
6.19,,,
5.79,,,
5.12,,,
6.13,,,
5.24,,,
6.63,,,
5.01,,,
6.67,,,
6.2,,,
4.73,,,
4.3,,,
4.62,,,
5.08,,,
4.95,,,
6.69,,,
6.02,,,
6.63,,,
5.56,,,
6.85,,,
6.81,,,
9.26,,,
6.11,,,
6.81,,,
8.66,,,
5.6,,,
5.05,,,
4.98,,,
4.88,,,
5.21,,,
7.34,,,
18.85,,,
5.57,,,
7.61,,,
5.79,,,
5.31,,,
5.15,,,
5.88,,,
9.44,,,
10.64,,,
6.9,,,
6.77,,,
7.25,,,
8.37,,,
6.85,,,
8.08,,,
7.27,,,
6.11,,,
8.02,,,
7.14,,,
5.55,,,
5.76,,,
4.77,,,
6.58,,,
9.54,,,
5.79,,,
6.24,,,
6.21,,,
4.74,,,
5.43,,,
5.68,,,
19.8,,,
6.89,,,
4.96,,,
5.98,,,
7.38,,,
4.72,,,
5.67,,,
6.11,,,
4.02,,,
6.8,,,
18.71,,,
16.97,,,
5.49,,,
5.73,,,
6.38,,,
15.79,,,
7,,,
6.98,,,
7,,,
8.62,,,
8.22,,,
4.67,,,
6.47,,,
6.79,,,
6.22,,,
9.52,,,
8.55,,,
5.41,,,
7.48,,,
5.83,,,
7.2,,,
5.18,,,
6.84,,,
6.12,,,
5.12,,,
5.95,,,
6.09,,,
7.84,,,
8.37,,,
8,,,
6.54,,,
7.91,,,
5.84,,,
5.59,,,
8.2,,,
4.53,,,
4.53,,,
5.96,,,
6.48,,,
7.02,,,
6.32,,,
4.7,,,
6.69,,,
5.29,,,
4.43,,,
7.76,,,
6.03,,,
6.08,,,
6.4,,,
6.81,,,
6.56,,,
7.32,,,
7.43,,,
5.21,,,
15.85,,,
5.45,,,
7.33,,,
19.55,,,
5.99,,,
6.32,,,
6.8,,,
5.99,,,
5.83,,,
5.91,,,
7.14,,,
4.73,,,
6.86,,,
9.36,,,
18.69,,,
18.97,,,
59.75,,,
10.08,,,
6.56,,,
4.07,,,
7.66,,,
6.71,,,
6.6,,,
5.5,,,
17.11,,,
20.93,,,
7.47,,,
18.96,,,
6.14,,,
6.01,,,
6.94,,,
8.29,,,
9.76,,,
6.19,,,
5.14,,,
5.95,,,
7.61,,,
5.27,,,
6.09,,,
5.73,,,
7.63,,,
5.44,,,
30.92,,,
5.18,,,
20.83,,,
7.73,,,
7.97,,,
8.01,,,
4.8,,,
7.13,,,
6.86,,,
18.92,,,
4.87,,,
7.39,,,
7.56,,,
6.33,,,
6.89,,,
6.29,,,
6.16,,,
6.95,,,
5.48,,,
18.36,,,
17.52,,,
4.69,,,
18.77,,,
5.89,,,
18.15,,,
8.51,,,
6.52,,,
4.79,,,
7.46,,,
5.81,,,
6.97,,,
7.94,,,
6.03,,,
4.6,,,
5.39,,,
5.21,,,
4.47,,,
5.79,,,
4.39,,,
12.93,,,
15.42,,,
23.26,,,
8.27,,,
7.63,,,
6.65,,,
8.97,,,
5.46,,,
7.21,,,
7.41,,,
6.95,,,
6.37,,,
6.94,,,
5.61,,,
5.64,,,
19.52,,,
5.55,,,
7.57,,,
8.11,,,
11.13,,,
17.76,,,
5.71,,,
20.56,,,
7.26,,,
9.92,,,
5.34,,,
20.17,,,
5.57,,,
5.63,,,
8.66,,,
7.33,,,
4.71,,,
6.05,,,
13.39,,,
6.15,,,
8.16,,,
6.71,,,
12.94,,,
11.56,,,
8.26,,,
7.09,,,
9.27,,,
7.36,,,
7.58,,,
10.43,,,
5.1,,,
6.19,,,
10.04,,,
5.34,,,
5.55,,,
6.88,,,
7.2,,,
16.71,,,
6.29,,,
19.01,,,
12.34,,,
7.93,,,
6.85,,,
5.31,,,
10.82,,,
21.22,,,
7.38,,,
4.36,,,
5.84,,,
9.77,,,
5.24,,,
9.11,,,
11.42,,,
29.54,,,
20.95,,,
5.04,,,
8.1,,,
16.18,,,
19.92,,,
21.76,,,
7.32,,,
6.52,,,
8.74,,,
12.21,,,
5.5,,,
7.37,,,
6.22,,,
4.64,,,
5.13,,,
6.35,,,
6.06,,,
6.54,,,
6.59,,,
7.89,,,
7.85,,,
7.66,,,
16.13,,,
7.58,,,
17.85,,,
6.17,,,
8.65,,,
9.31,,,
16.78,,,
7.22,,,
8.38,,,
17.83,,,
15.16,,,
18.22,,,
11.17,,,
15.85,,,
7.27,,,
7.77,,,
5.13,,,
9.2,,,
6.72,,,
6.32,,,
8.4,,,
10.33,,,
5.46,,,
6.93,,,
6.22,,,
5.35,,,
5.98,,,
5.92,,,
5.04,,,
7.79,,,
15.76,,,
16.83,,,
19.38,,,
21.33,,,
9.55,,,
9.78,,,
6.01,,,
9.32,,,
12.71,,,
5.66,,,
17.47,,,
6.96,,,
4.92,,,
6.61,,,
8.04,,,
5.74,,,
5.22,,,
6.12,,,
11.09,,,
16.97,,,
8.71,,,
6.38,,,
18.83,,,
8.01,,,
7,,,
6.18,,,
7.54,,,
4.55,,,
7.61,,,
7.75,,,
5.55,,,
5.68,,,
6,,,
7.92,,,
35.26,,,
7.03,,,
5.55,,,
6.77,,,
4.95,,,
6.34,,,
5.5,,,
7.23,,,
9.92,,,
5.23,,,
6.17,,,
6.87,,,
7.97,,,
11.06,,,
6.27,,,
6.99,,,
5.77,,,
7.26,,,
9.19,,,
20.23,,,
4.41,,,
9.77,,,
18.27,,,
8.72,,,
9.76,,,
4.69,,,
6.11,,,
21.39,,,
5.92,,,
9.69,,,
9.46,,,
5.47,,,
20.8,,,
5.98,,,
19.64,,,
9.64,,,
7.84,,,
6.96,,,
6.13,,,
5.95,,,
4.72,,,
5.31,,,
10.19,,,
16.41,,,
5.63,,,
4.91,,,
6.04,,,
6.12,,,
7.15,,,
10.33,,,
7.14,,,
5.22,,,
14.79,,,
4.5,,,
4.48,,,
12.91,,,
7.42,,,
5.04,,,
7.44,,,
7.24,,,
6.31,,,
5.88,,,
16.57,,,
20.72,,,
7.91,,,
4.75,,,
20.1,,,
19.45,,,
16.94,,,
6.94,,,
5.25,,,
6.36,,,
5.04,,,
5.8,,,
7.17,,,
5.67,,,
7.33,,,
6.41,,,
17.53,,,
6.16,,,
30.2,,,
8.07,,,
5.76,,,
4.93,,,
6.28,,,
8.16,,,
6.99,,,
7.43,,,
27.51,,,
11.6,,,
9.95,,,
6.34,,,
5.58,,,
12.8,,,
19.48,,,
17.23,,,
6.49,,,
9.99,,,
7.69,,,
4.75,,,
8.41,,,
4.27,,,
5.65,,,
7.94,,,
7.06,,,
6.93,,,
7.17,,,
8.74,,,
7.86,,,
4.26,,,
6.6,,,
7.14,,,
21.7,,,
5.9,,,
5.44,,,
6.89,,,
8.03,,,
14.81,,,
8.02,,,
8.27,,,
4.32,,,
5.86,,,
8.61,,,
7.72,,,
6.74,,,
5.79,,,
7.58,,,
12.18,,,
8.01,,,
6.23,,,
7.8,,,
5.49,,,
5.74,,,
6.06,,,
8.82,,,
4.79,,,
5.11,,,
8.12,,,
7.31,,,
5.25,,,
6.21,,,
5.8,,,
6.84,,,
10,,,
6.62,,,
19.82,,,
18.16,,,
3.87,,,
4.31,,,
4.57,,,
19.79,,,
9.27,,,
6.33,,,
5.21,,,
19.08,,,
5.08,,,
6.05,,,
7.73,,,
8.98,,,
9.14,,,
5.53,,,
5.38,,,
25.36,,,
5.4,,,
6.14,,,
7.86,,,
4.99,,,
6.16,,,
19.42,,,
8.27,,,
6.3,,,
7.4,,,
5.53,,,
5.26,,,
6.59,,,
8.01,,,
19.03,,,
4.45,,,
5.12,,,
6.59,,,
6.2,,,
17.83,,,
4.82,,,
5.53,,,
5.25,,,
6.68,,,
7.28,,,
8.87,,,
12.23,,,
8.04,,,
9.22,,,
5.38,,,
5.69,,,
16.96,,,
17.74,,,
22.1,,,
5.84,,,
6.16,,,
4.72,,,
5.88,,,
8.92,,,
5.33,,,
7,,,
4.79,,,
5.59,,,
5.29,,,
21.08,,,
5.05,,,
8.48,,,
6.23,,,
17.99,,,
5.48,,,
5.06,,,
21.44,,,
6.18,,,
9.44,,,
7.89,,,
8.91,,,
17.62,,,
7.15,,,
12.19,,,
5.89,,,
5.47,,,
15.67,,,
5.86,,,
5.92,,,
5.69,,,
10.04,,,
6.68,,,
6.93,,,
6.8,,,
6.64,,,
5.07,,,
5.83,,,
19.53,,,
13.02,,,
12.8,,,
6.24,,,
16.19,,,
8.96,,,
4.44,,,
9.52,,,
8.31,,,
7.18,,,
5.24,,,
5.47,,,
5.42,,,
8.67,,,
4.56,,,
7.03,,,
7.45,,,
7.46,,,
6.36,,,
14.85,,,
14.31,,,
10.05,,,
8.52,,,
16.5,,,
7.06,,,
5.94,,,
6,,,
9.52,,,
6.57,,,
8.19,,,
7.7,,,
9.26,,,
7.01,,,
15.18,,,
7.11,,,
17.88,,,
7.24,,,
6.45,,,
12.53,,,
6.08,,,
8.2,,,
18.49,,,
7.91,,,
8.53,,,
4.85,,,
17.8,,,
6.68,,,
5.93,,,
8.46,,,
8.19,,,
5.21,,,
5.91,,,
10.37,,,
7.24,,,
8.16,,,
22.02,,,
5.41,,,
16.84,,,
6.9,,,
19.73,,,
5.53,,,
8.72,,,
7.87,,,
8.66,,,
7.33,,,
7.31,,,
17.08,,,
20.25,,,
7.58,,,
6.44,,,
5.6,,,
20.39,,,
17.82,,,
19.36,,,
17.78,,,
18.11,,,
5.1,,,
8.4,,,
4.72,,,
4.67,,,
6.05,,,
7.13,,,
6.47,,,
4.36,,,
6.54,,,
8.32,,,
8.63,,,
26.71,,,
6.48,,,
18.77,,,
6.78,,,
5.19,,,
6.2,,,
5.17,,,
5.81,,,
5.28,,,
7.11,,,
14.87,,,
7.2,,,
13.71,,,
6.99,,,
8.76,,,
5.02,,,
5.49,,,
6.36,,,
5.3,,,
9.74,,,
7.25,,,
6.07,,,
21.27,,,
6.7,,,
5.89,,,
9.71,,,
18.59,,,
11.36,,,
8.29,,,
7.68,,,
6.74,,,
8.12,,,
5.82,,,
5.18,,,
4.79,,,
5.71,,,
5.84,,,
7.54,,,
5.52,,,
4.86,,,
9.48,,,
5.52,,,
7.67,,,
9.92,,,
9.95,,,
5.16,,,
9.88,,,
5.15,,,
7.79,,,
17,,,
9.65,,,
11,,,
4.97,,,
4.74,,,
6.73,,,
8.54,,,
12.66,,,
5.03,,,
6.86,,,
6.77,,,
16.88,,,
7.4,,,
13.23,,,
17.39,,,
5.48,,,
5.36,,,
15.33,,,
11.13,,,
7.51,,,
5.89,,,
6.8,,,
4.69,,,
10.08,,,
6.47,,,
7.99,,,
4.75,,,
8.54,,,
6.33,,,
7.01,,,
5.98,,,
7.2,,,
4.84,,,
8.95,,,
8.36,,,
6.98,,,
7.17,,,
5.4,,,
5.38,,,
6.57,,,
5.57,,,
6.34,,,
6.52,,,
7.72,,,
5.62,,,
4.77,,,
12.65,,,
5.31,,,
5.42,,,
8.19,,,
7.44,,,
8.85,,,
8.49,,,
6.06,,,
5.27,,,
5.24,,,
11.67,,,
5.58,,,
7.98,,,
5.83,,,
6.03,,,
5.16,,,
7.54,,,
4.71,,,
6.94,,,
4.6,,,
5.85,,,
5.45,,,
5.05,,,
4.24,,,
4.59,,,
6.38,,,
7.49,,,
17.77,,,
7.18,,,
6.58,,,
5.8,,,
8.23,,,
20.47,,,
5.65,,,
10.24,,,
9.59,,,
5.75,,,
8.96,,,
6.24,,,
5.64,,,
6.77,,,
11.41,,,
20.59,,,
5.39,,,
7.71,,,
8.54,,,
10.67,,,
6.2,,,
5.98,,,
7.35,,,
6.56,,,
6.1,,,
6.13,,,
7.56,,,
7.5,,,
8.42,,,
7.82,,,
5.45,,,
6.83,,,
17.7,,,
8.27,,,
7.55,,,
7.65,,,
6.04,,,
9.59,,,
6.2,,,
5.98,,,
5.64,,,
6.8,,,
6.87,,,
58.55,,,
31.19,,,
11.49,,,
7.4,,,
14.97,,,
5.08,,,
11.72,,,
20.93,,,
5.43,,,
6.53,,,
13.65,,,
5.38,,,
5.9,,,
17.13,,,
4.85,,,
5.55,,,
5.58,,,
9.11,,,
6.85,,,
18.43,,,
8.41,,,
5.25,,,
5.93,,,
7.3,,,
6.72,,,
9.3,,,
5.49,,,
5.59,,,
61.93,,,
8.6,,,
7.04,,,
5.91,,,
6.92,,,
10.05,,,
19.05,,,
9.2,,,
7.53,,,
5.64,,,
5.18,,,
9.16,,,
6.91,,,
8.13,,,
14.97,,,
5.96,,,
6.81,,,
7.12,,,
7.09,,,
6.39,,,
5.36,,,
5.53,,,
7.72,,,
6.3,,,
5.73,,,
6.08,,,
16.5,,,
18.79,,,
4.49,,,
5.47,,,
4.09,,,
8.08,,,
6.27,,,
7.29,,,
5,,,
15.82,,,
15.85,,,
5.89,,,
24.56,,,
9.22,,,
5.28,,,
6.46,,,
10.47,,,
7.07,,,
6.03,,,
8.6,,,
6.67,,,
4.93,,,
14.18,,,
6.06,,,
6.75,,,
5.46,,,
4.88,,,
7.08,,,
6.48,,,
5.74,,,
4.85,,,
17.24,,,
6.01,,,
5.32,,,
5.39,,,
4.85,,,
6.57,,,
8.42,,,
7.15,,,
6.64,,,
4.94,,,
6.6,,,
5.43,,,
5.3,,,
5.02,,,
4.44,,,
5.65,,,
4.74,,,
4.67,,,
6.61,,,
4.62,,,
7.52,,,
19.31,,,
7.26,,,
7.82,,,
8.93,,,
17.36,,,
12.91,,,
6.69,,,
6.42,,,
10.54,,,
5.7,,,
5.1,,,
7.97,,,
5.38,,,
5.43,,,
4.81,,,
8.62,,,
6.55,,,
8.2,,,
6.7,,,
4.89,,,
13.73,,,
6.59,,,
6.76,,,
9.46,,,
9.33,,,
7.29,,,
37.1,,,
6.44,,,
5.26,,,
7.36,,,
5.51,,,
7.03,,,
7.55,,,
5.51,,,
5.15,,,
5.36,,,
7.91,,,
5.88,,,
9.13,,,
4.58,,,
6.2,,,
4.55,,,
4.59,,,
3.87,,,
4.92,,,
7.29,,,
5.18,,,
8.89,,,
7.1,,,
6.62,,,
7.41,,,
15.1,,,
6.2,,,
10.99,,,
12.1,,,
18.98,,,
9.69,,,
7.87,,,
5.05,,,
8.07,,,
5.68,,,
6.1,,,
22.53,,,
15.53,,,
8.13,,,
7.28,,,
7.57,,,
7.63,,,
9.24,,,
17.37,,,
18.9,,,
9.66,,,
22.33,,,
14.34,,,
6.94,,,
6.05,,,
6.18,,,
5.68,,,
4.62,,,
23.75,,,
9.63,,,
9.09,,,
10.31,,,
4.49,,,
5.74,,,
6.87,,,
5,,,
10.09,,,
3.95,,,
5.13,,,
13.95,,,
4.62,,,
7.64,,,
6.73,,,
6.85,,,
9.15,,,
17.65,,,
11.79,,,
11.05,,,
15.99,,,
6.23,,,
6.23,,,
5.32,,,
10.57,,,
22.5,,,
18.93,,,
28.85,,,
6.04,,,
8.6,,,
21.01,,,
7.82,,,
7.54,,,
6.87,,,
20.73,,,
6.06,,,
5.99,,,
6.25,,,
14.49,,,
17.25,,,
5.54,,,
10.26,,,
5.08,,,
7.47,,,
6.91,,,
18.06,,,
8.96,,,
7.15,,,
5.15,,,
6.89,,,
15.37,,,
8.75,,,
16.43,,,
8.3,,,
17.36,,,
6.98,,,
8.88,,,
21.11,,,
7,,,
4.41,,,
7.3,,,
8.63,,,
9.07,,,
5.72,,,
18.56,,,
7.29,,,
6.31,,,
27.96,,,
6.82,,,
6.15,,,
11,,,
6.5,,,
6.31,,,
9.71,,,
6.7,,,
9.64,,,
8.16,,,
7.75,,,
7.57,,,
7.92,,,
6.98,,,
7.26,,,
9.42,,,
6.43,,,
6.11,,,
7.63,,,
9.09,,,
7.68,,,
10.44,,,
21.36,,,
5.68,,,
14.94,,,
5.63,,,
8.12,,,
42.36,,,
4.54,,,
7.32,,,
10.65,,,
8.51,,,
8.86,,,
16.08,,,
13.32,,,
17.44,,,
6.34,,,
5.94,,,
6.14,,,
7.82,,,
5.19,,,
5.35,,,
4.97,,,
5.28,,,
5.88,,,
8.93,,,
5.21,,,
5.59,,,
6.99,,,
7.19,,,
6.2,,,
6.89,,,
5.7,,,
20.86,,,
6.97,,,
4.77,,,
7.4,,,
6.28,,,
10.03,,,
8.59,,,
7.54,,,
5,,,
6.36,,,
6.27,,,
5.85,,,
9.21,,,
7.3,,,
6.57,,,
9.09,,,
7.07,,,
7.15,,,
9.73,,,
5.55,,,
5.42,,,
15.68,,,
11.41,,,
10.22,,,
15.46,,,
17.12,,,
6.4,,,
3.81,,,
18.77,,,
7.11,,,
4.97,,,
8.65,,,
7.46,,,
4.7,,,
6.49,,,
6.52,,,
6.53,,,
4.97,,,
7.24,,,
4.48,,,
9.83,,,
5.2,,,
7.21,,,
7.48,,,
6.8,,,
7.17,,,
5.38,,,
4.87,,,
10.13,,,
4.28,,,
5.51,,,
4.98,,,
9.65,,,
4.36,,,
6.66,,,
6.5,,,
7.96,,,
10.97,,,
4.9,,,
4.97,,,
4.94,,,
5.13,,,
5.66,,,
9.71,,,
64.95,,,
18,,,
9.22,,,
7.24,,,
7.16,,,
10.82,,,
5.4,,,
4.93,,,
7,,,
19.51,,,
7.47,,,
8.12,,,
5.74,,,
7.84,,,
6.87,,,
8.39,,,
5.68,,,
6.39,,,
12.33,,,
8.22,,,
6.81,,,
10.34,,,
7.21,,,
6.11,,,
9.31,,,
7.77,,,
7.25,,,
4.89,,,
7.61,,,
5.07,,,
5.44,,,
21.36,,,
52.35,,,
18.44,,,
4.74,,,
6.37,,,
6.98,,,
18.48,,,
10.03,,,
8.9,,,
5.67,,,
6.77,,,
5.44,,,
6.49,,,
6.59,,,
8.73,,,
16.97,,,
5.12,,,
6.97,,,
4.52,,,
5.78,,,
7.21,,,
7.21,,,
8.37,,,
16.87,,,
7.95,,,
6.25,,,
6.14,,,
5.62,,,
5.41,,,
6.96,,,
7.73,,,
7.61,,,
5.4,,,
5.23,,,
10.17,,,
22.09,,,
8.55,,,
5.12,,,
6.74,,,
6.68,,,
6.43,,,
8.57,,,
5.73,,,
19.54,,,
16.98,,,
6.43,,,
4.69,,,
7.63,,,
4.55,,,
6.12,,,
5.96,,,
7.98,,,
4.61,,,
7.5,,,
6.77,,,
6.1,,,
4.32,,,
6.13,,,
5.12,,,
37.31,,,
5.35,,,
6.16,,,
7.16,,,
7.26,,,
6.19,,,
15.14,,,
4.52,,,
15.66,,,
8.01,,,
6.28,,,
15.51,,,
6.88,,,
4.53,,,
7.97,,,
6.22,,,
7.03,,,
9.25,,,
7.77,,,
7.21,,,
17.75,,,
5.87,,,
7.32,,,
8.51,,,
7.03,,,
6.95,,,
8.39,,,
6.21,,,
6.45,,,
22.86,,,
8.03,,,
4.82,,,
6.52,,,
19.14,,,
6.29,,,
9.68,,,
5.75,,,
9.84,,,
18.78,,,
6.39,,,
10.84,,,
4.85,,,
9.25,,,
24.91,,,
17.74,,,
9.4,,,
8.97,,,
7.12,,,
4.55,,,
6.45,,,
8.11,,,
6.02,,,
7.1,,,
5.12,,,
6.47,,,
4.32,,,
5.81,,,
7.6,,,
8.62,,,
21.45,,,
8.81,,,
19.3,,,
6.28,,,
10,,,
10.4,,,
8.14,,,
9.85,,,
5.18,,,
10.42,,,
6.96,,,
4.98,,,
18.67,,,
11.35,,,
5.62,,,
7.5,,,
8.9,,,
10.41,,,
6.32,,,
6.46,,,
20.45,,,
5.31,,,
8.67,,,
9.91,,,
7.37,,,
15.52,,,
7.89,,,
11,,,
21,,,
18.72,,,
8.2,,,
5.94,,,
17.01,,,
6.84,,,
4.13,,,
9.4,,,
6.69,,,
6.39,,,
7.8,,,
6.15,,,
7.14,,,
4.69,,,
4.84,,,
4.38,,,
4.23,,,
7.37,,,
7.3,,,
5.95,,,
4.66,,,
18.47,,,
6.98,,,
6.83,,,
18.9,,,
6.5,,,
31.53,,,
8.05,,,
18.64,,,
7.51,,,
8.86,,,
4.94,,,
5.68,,,
8.31,,,
9.29,,,
5.94,,,
11.05,,,
8.12,,,
18.67,,,
7.52,,,
5.23,,,
6.3,,,
17.4,,,
6.08,,,
4.61,,,
4.06,,,
17.21,,,
5.33,,,
20.07,,,
7.18,,,
26.23,,,
7.36,,,
9.82,,,
6.49,,,
17.97,,,
9.75,,,
16.39,,,
5.82,,,
5.76,,,
5.83,,,
4.9,,,
9.28,,,
7.07,,,
17.15,,,
20.35,,,
7.36,,,
6.85,,,
6.1,,,
13.33,,,
19.51,,,
7.61,,,
6.53,,,
8.45,,,
7.94,,,
9.34,,,
5.38,,,
12.52,,,
6.57,,,
19.51,,,
5.96,,,
20.21,,,
17,,,
4.97,,,
5.44,,,
8.81,,,
9.34,,,
6.47,,,
5.57,,,
9.8,,,
15.44,,,
10.93,,,
5.53,,,
5.32,,,
25.41,,,
9.52,,,
35.04,,,
6.24,,,
6.76,,,
13.92,,,
5.9,,,
16.06,,,
13.02,,,
8.1,,,
8.09,,,
16.74,,,
7.6,,,
9.41,,,
6.55,,,
6.66,,,
9.23,,,
6.49,,,
5.11,,,
6.16,,,
6.24,,,
6.34,,,
7.17,,,
18.65,,,
5.37,,,
5.91,,,
7.67,,,
19.06,,,
8.82,,,
9.24,,,
6.33,,,
6.47,,,
5.55,,,
23.58,,,
7.77,,,
7.04,,,
6.07,,,
16.3,,,
8.77,,,
7.16,,,
9.97,,,
5.84,,,
5.74,,,
7.95,,,
6.48,,,
17.41,,,
9.26,,,
4.86,,,
7.04,,,
5.45,,,
5.31,,,
13.76,,,
7.4,,,
5.11,,,
17.56,,,
8.86,,,
12.29,,,
19.93,,,
10.02,,,
8.13,,,
8.75,,,
5.38,,,
5.83,,,
17.96,,,
9.29,,,
21.26,,,
5.9,,,
6.44,,,
7.49,,,
17.51,,,
6.94,,,
6.85,,,
10.01,,,
6.42,,,
5.64,,,
6.99,,,
7.76,,,
18.95,,,
6.18,,,
6.3,,,
16.79,,,
19.29,,,
6.5,,,
7.65,,,
6.31,,,
5.07,,,
5.19,,,
8.44,,,
11.09,,,
4.99,,,
17.78,,,
8.65,,,
7.62,,,
4.54,,,
6.19,,,
7.57,,,
5.86,,,
6.94,,,
4.57,,,
9.33,,,
6.82,,,
17.41,,,
6.23,,,
14.6,,,
5.43,,,
15.46,,,
6.48,,,
5.85,,,
7.12,,,
6.69,,,
14.39,,,
7.8,,,
7.62,,,
17.24,,,
5.16,,,
6.45,,,
5.65,,,
6.18,,,
6.57,,,
18.33,,,
6.63,,,
8.64,,,
5.96,,,
6.15,,,
7.65,,,
16.77,,,
5.97,,,
5.38,,,
17.18,,,
6.89,,,
5.12,,,
5.18,,,
4.97,,,
7.13,,,
5.94,,,
5.19,,,
16.89,,,
6.98,,,
9.59,,,
6.22,,,
5.09,,,
5.55,,,
6.53,,,
6.82,,,
4.71,,,
5,,,
4.65,,,
5.73,,,
6.36,,,
5.16,,,
9.41,,,
6.31,,,
9.49,,,
9.38,,,
8.37,,,
6.94,,,
7.31,,,
13.34,,,
8.91,,,
8.73,,,
16.27,,,
10.26,,,
6.87,,,
5.22,,,
5.76,,,
9.38,,,
307.22,,,
6.41,,,
6.56,,,
7.04,,,
9.25,,,
17.51,,,
5.09,,,
7.8,,,
6.49,,,
5.42,,,
5.03,,,
4.65,,,
5.11,,,
4.4,,,
7.52,,,
11.95,,,
15.33,,,
15.97,,,
5.85,,,
7.19,,,
7.6,,,
8.44,,,
6.18,,,
5.83,,,
8.76,,,
5.36,,,
18.05,,,
8.21,,,
5.84,,,
4.25,,,
6.06,,,
5.73,,,
5.76,,,
6.29,,,
6.73,,,
8.77,,,
5.85,,,
7.77,,,
6.1,,,
11.36,,,
6.86,,,
7.21,,,
14.41,,,
6.23,,,
8.38,,,
13.43,,,
9.51,,,
20.01,,,
15.75,,,
7.51,,,
6.54,,,
9.69,,,
6.14,,,
9.57,,,
7.59,,,
6.14,,,
20.64,,,
5.36,,,
6.9,,,
5.84,,,
4.55,,,
5.68,,,
6.29,,,
8.79,,,
7.6,,,
11.39,,,
6.75,,,
7.65,,,
6.83,,,
19.37,,,
6.67,,,
6.72,,,
8.54,,,
6.56,,,
6.9,,,
32.76,,,
12.04,,,
9.65,,,
6.9,,,
5.95,,,
7.38,,,
9.9,,,
17.09,,,
5.47,,,
6.44,,,
8.67,,,
9.37,,,
8.14,,,
7.21,,,
7.28,,,
7.09,,,
5.36,,,
5.61,,,
4.99,,,
6.62,,,
5.6,,,
7.64,,,
5.64,,,
4.2,,,
9.13,,,
7.17,,,
7.58,,,
7.54,,,
7.28,,,
20.86,,,
16.38,,,
22.8,,,
6.28,,,
6.78,,,
6.23,,,
5.03,,,
6.63,,,
6.21,,,
7.32,,,
20.8,,,
8.2,,,
8.99,,,
7.37,,,
15.23,,,
21.47,,,
24.05,,,
17.77,,,
7.14,,,
6,,,
6.61,,,
6.23,,,
7.59,,,
7.16,,,
5.42,,,
5.89,,,
6.7,,,
5.78,,,
5.95,,,
5.79,,,
22.51,,,
4.45,,,
5.36,,,
4.56,,,
7.3,,,
8.51,,,
6.44,,,
13.44,,,
7.35,,,
5.39,,,
5.6,,,
4.55,,,
5.28,,,
5.8,,,
5.17,,,
5.03,,,
9.34,,,
6.8,,,
7.78,,,
4.82,,,
6.37,,,
8.05,,,
10.36,,,
7.59,,,
6.39,,,
7.77,,,
4.98,,,
4.94,,,
7.17,,,
5.59,,,
5.94,,,
8.17,,,
17.97,,,
5.33,,,
5.53,,,
7.9,,,
8.39,,,
6.24,,,
8.1,,,
5.05,,,
5.21,,,
7.31,,,
4.78,,,
5.63,,,
7.61,,,
4.54,,,
7.67,,,
6.41,,,
5.07,,,
8.01,,,
6.95,,,
7.19,,,
7.08,,,
6.34,,,
5.8,,,
18.02,,,
18.22,,,
6.22,,,
6,,,
7.8,,,
5.39,,,
7.35,,,
12.52,,,
6.04,,,
20.98,,,
5.11,,,
9.19,,,
14.55,,,
19.09,,,
6.39,,,
7.19,,,
5.67,,,
6.41,,,
6.18,,,
5.32,,,
8.24,,,
5.77,,,
18.71,,,
6.94,,,
6.46,,,
7.76,,,
17.31,,,
8.53,,,
4.9,,,
4.89,,,
8.96,,,
5.41,,,
7.69,,,
18.66,,,
9.62,,,
9.78,,,
5.93,,,
9.16,,,
5.64,,,
7.63,,,
6.72,,,
7.49,,,
5.16,,,
4.83,,,
6.97,,,
9.54,,,
6.51,,,
5.33,,,
7.55,,,
29.98,,,
6.88,,,
6.3,,,
5.51,,,
4.39,,,
6.61,,,
8.24,,,
6.44,,,
7.64,,,
6.87,,,
5.55,,,
10.25,,,
5.48,,,
8.36,,,
6.32,,,
5.57,,,
5.91,,,
17.87,,,
8.45,,,
18.43,,,
7.58,,,
6.45,,,
9.55,,,
4.77,,,
7.77,,,
6.14,,,
8.13,,,
18.56,,,
6.72,,,
9.03,,,
7.14,,,
16.99,,,
7.3,,,
10.49,,,
6,,,
6.69,,,
7.02,,,
8.71,,,
17.47,,,
18.23,,,
8.43,,,
7.24,,,
7.4,,,
8.41,,,
8.18,,,
7.52,,,
8.3,,,
18.32,,,
17.93,,,
6.28,,,
5.76,,,
18.4,,,
29.98,,,
7.19,,,
7.35,,,
5.42,,,
4.44,,,
7.36,,,
9.73,,,
5.95,,,
5.67,,,
7.91,,,
6.63,,,
17.17,,,
7.93,,,
6.81,,,
19.24,,,
10.21,,,
11.49,,,
20.57,,,
18,,,
16.87,,,
10.78,,,
9.27,,,
5.39,,,
20.46,,,
19.38,,,
7.3,,,
8.19,,,
5.13,,,
8.16,,,
9.25,,,
7.08,,,
4.98,,,
9.17,,,
7.44,,,
6.15,,,
27.56,,,
19.47,,,
7.22,,,
7.69,,,
11.42,,,
10.36,,,
7.79,,,
8.59,,,
7.7,,,
20.64,,,
20.46,,,
8.1,,,
8.49,,,
8.16,,,
6.03,,,
5.38,,,
6.43,,,
15.9,,,
6.84,,,
6.77,,,
4.9,,,
6.51,,,
4.83,,,
5.35,,,
5.03,,,
5.53,,,
5.56,,,
4.99,,,
6.36,,,
6.34,,,
4.49,,,
6.74,,,
16.61,,,
8.88,,,
4.89,,,
7.16,,,
5.84,,,
5.75,,,
12.35,,,
5.89,,,
6.98,,,
12.24,,,
6.17,,,
4.83,,,
5.23,,,
7.57,,,
6.54,,,
6.99,,,
5.96,,,
6.57,,,
5.8,,,
10.12,,,
16.09,,,
5.22,,,
6.78,,,
9.13,,,
9.7,,,
16.36,,,
5.39,,,
17.92,,,
20.6,,,
7.48,,,
7.44,,,
7.96,,,
6.37,,,
6.49,,,
8.24,,,
6.37,,,
4.36,,,
9.12,,,
6.68,,,
5.94,,,
6.38,,,
6.37,,,
7.42,,,
5.08,,,
7.77,,,
5.6,,,
8.69,,,
8.28,,,
7.23,,,
5.75,,,
9.25,,,
9.49,,,
5.31,,,
5.56,,,
23.22,,,
16.92,,,
5.21,,,
6.6,,,
4.37,,,
5.39,,,
4.68,,,
10.46,,,
6.46,,,
34.24,,,
7.32,,,
12.64,,,
5.9,,,
11.81,,,
15.61,,,
14.17,,,
8.77,,,
7.43,,,
10.55,,,
13.89,,,
9.9,,,
4.38,,,
6.84,,,
5.49,,,
5.14,,,
6.98,,,
7.09,,,
8.45,,,
8.56,,,
20.06,,,
7.33,,,
21.29,,,
7,,,
6.03,,,
6.5,,,
5.04,,,
6.07,,,
7.29,,,
4.98,,,
6.28,,,
6.14,,,
13.78,,,
19.95,,,
4.69,,,
5.11,,,
4.25,,,
5.45,,,
5.11,,,
4.51,,,
6.83,,,
5.23,,,
8.46,,,
10.93,,,
7.66,,,
8.89,,,
18.75,,,
6.45,,,
5.05,,,
5.26,,,
6.25,,,
5.24,,,
5.45,,,
10.16,,,
6.63,,,
8.37,,,
8.86,,,
19.34,,,
6.94,,,
7.85,,,
8.53,,,
4.92,,,
9,,,
5.8,,,
5.06,,,
7.63,,,
6.59,,,
5.37,,,
8.39,,,
7.21,,,
25.16,,,
7.05,,,
4.37,,,
4.59,,,
5.61,,,
4.86,,,
6.27,,,
5.36,,,
5.2,,,
5.64,,,
7.05,,,
5.64,,,
6.54,,,
5.89,,,
5.49,,,
8.63,,,
7.02,,,
8.45,,,
6.38,,,
10.14,,,
6.09,,,
6.07,,,
6.87,,,
5.26,,,
7.47,,,
11.79,,,
Response Time Get Dynamic: 5.24 ms
Response Time Get Dynamic: 4.93 ms
Response Time Get Dynamic: 3.18 ms
Response Time Get Dynamic: 2.73 ms
Response Time Get Dynamic: 2.29 ms
Response Time Get Dynamic: 3.53 ms
Response Time Get Dynamic: 3.40 ms
Response Time Get Dynamic: 3.74 ms
Response Time Get Dynamic: 2.93 ms
Response Time Get Dynamic: 5.51 ms
Response Time Get Dynamic: 3.76 ms
Response Time Get Dynamic: 2.76 ms
Response Time Get Dynamic: 5.27 ms
Response Time Get Dynamic: 2.52 ms
Response Time Get Dynamic: 3.06 ms
Response Time Get Dynamic: 2.89 ms
Response Time Get Dynamic: 3.12 ms
Response Time Get Dynamic: 2.12 ms
Response Time Get Dynamic: 3.21 ms
Response Time Get Dynamic: 2.23 ms
Response Time Get Dynamic: 4.13 ms
Response Time Get Dynamic: 5.02 ms
Response Time Get Dynamic: 3.34 ms
Response Time Get Dynamic: 2.68 ms
Response Time Get Dynamic: 2.70 ms
Response Time Get Dynamic: 2.85 ms
Response Time Get Dynamic: 3.65 ms
Response Time Get Dynamic: 2.95 ms
Response Time Get Dynamic: 3.95 ms
Response Time Get Dynamic: 4.50 ms
Response Time Get Dynamic: 2.95 ms
Response Time Get Dynamic: 3.93 ms
Response Time Get Dynamic: 3.93 ms
Response Time Get Dynamic: 4.11 ms
Response Time Get Dynamic: 6.58 ms
Response Time Get Dynamic: 2.99 ms
Response Time Get Dynamic: 3.02 ms
Response Time Get Dynamic: 5.17 ms
Response Time Get Dynamic: 6.69 ms
Response Time Get Dynamic: 4.87 ms
Response Time Get Dynamic: 3.79 ms
Response Time Get Dynamic: 3.50 ms
Response Time Get Dynamic: 2.21 ms
Response Time Get Dynamic: 2.66 ms
Response Time Get Dynamic: 2.63 ms
Response Time Get Dynamic: 58.28 ms
Response Time Get Dynamic: 58.68 ms
Response Time Get Dynamic: 64.45 ms
Response Time Get Dynamic: 65.45 ms
Response Time Get Dynamic: 60.13 ms
Response Time Get Dynamic: 66.09 ms
Response Time Get Dynamic: 58.82 ms
Response Time Get Dynamic: 59.94 ms
Response Time Get Dynamic: 2.71 ms
Response Time Get Dynamic: 2.36 ms
Response Time Get Dynamic: 6.61 ms
Response Time Get Dynamic: 3.12 ms
Response Time Get Dynamic: 3.17 ms
Response Time Get Dynamic: 4.36 ms
Response Time Get Dynamic: 4.86 ms
Response Time Get Dynamic: 3.77 ms
Response Time Get Dynamic: 2.85 ms
Response Time Get Dynamic: 3.09 ms
Response Time Get Dynamic: 3.59 ms
Response Time Get Dynamic: 4.13 ms
Response Time Get Dynamic: 2.92 ms
Response Time Get Dynamic: 2.68 ms
Response Time Get Dynamic: 3.17 ms
Response Time Get Dynamic: 2.90 ms
Response Time Get Dynamic: 4.06 ms
Response Time Get Dynamic: 2.53 ms
Response Time Get Dynamic: 2.95 ms
Response Time Get Dynamic: 4.11 ms
Response Time Get Dynamic: 53.24 ms
Response Time Get Dynamic: 2.09 ms
Response Time Get Dynamic: 3.21 ms
Response Time Get Dynamic: 2.83 ms
Response Time Get Dynamic: 2.44 ms
Response Time Get Dynamic: 3.83 ms
Response Time Get Dynamic: 3.21 ms
Response Time Get Dynamic: 3.85 ms
Response Time Get Dynamic: 3.69 ms
Response Time Get Dynamic: 1.90 ms
Response Time Get Dynamic: 1.79 ms
Response Time Get Dynamic: 2.44 ms
Response Time Get Dynamic: 1.78 ms
Response Time Get Dynamic: 2.25 ms
Response Time Get Dynamic: 2.32 ms
Response Time Get Dynamic: 2.15 ms
Response Time Get Dynamic: 2.21 ms
Response Time Get Dynamic: 1.83 ms
Response Time Get Dynamic: 1.88 ms
Response Time Get Dynamic: 2.12 ms
Response Time Get Dynamic: 2.15 ms
Response Time Get Dynamic: 2.39 ms
Response Time Get Dynamic: 2.07 ms
Response Time Get Dynamic: 2.20 ms
Response Time Get Dynamic: 2.24 ms
Response Time Get Dynamic: 2.24 ms
Response Time Get Dynamic: 1.97 ms
Response Time Get Dynamic: 2.03 ms
Response Time Get Dynamic: 1.82 ms
Response Time Get Dynamic: 6.25 ms
Response Time Get Dynamic: 5.97 ms
Response Time Get Dynamic: 5.35 ms
Response Time Get Dynamic: 4.88 ms
Response Time Get Dynamic: 4.26 ms
Response Time Get Dynamic: 4.25 ms
Response Time Get Dynamic: 4.09 ms
Response Time Get Dynamic: 4.15 ms
Response Time Get Dynamic: 4.35 ms
Response Time Get Dynamic: 5.90 ms
Response Time Get Dynamic: 5.45 ms
Response Time Get Dynamic: 5.01 ms
Response Time Get Dynamic: 4.01 ms
Response Time Get Dynamic: 4.15 ms
Response Time Get Dynamic: 7.36 ms
Response Time Get Dynamic: 4.84 ms
Response Time Get Dynamic: 5.00 ms
Response Time Get Dynamic: 3.94 ms
Response Time Get Dynamic: 5.37 ms
Response Time Get Dynamic: 5.62 ms
Response Time Get Dynamic: 3.95 ms
Response Time Get Dynamic: 6.73 ms
Response Time Get Dynamic: 4.32 ms
Response Time Get Dynamic: 4.22 ms
Response Time Get Dynamic: 4.29 ms
Response Time Get Dynamic: 4.88 ms
Response Time Get Dynamic: 5.07 ms
Response Time Get Dynamic: 4.60 ms
Response Time Get Dynamic: 5.06 ms
Response Time Get Dynamic: 6.42 ms
Response Time Get Dynamic: 4.22 ms
Response Time Get Dynamic: 5.10 ms
Response Time Get Dynamic: 4.14 ms
Response Time Get Dynamic: 426.20 ms
Response Time Get Dynamic: 80.61 ms
Response Time Get Dynamic: 23.58 ms
Response Time Get Dynamic: 10.97 ms
Response Time Get Dynamic: 12.15 ms
Response Time Get Dynamic: 8.63 ms
Response Time Get Dynamic: 9.61 ms
Response Time Get Dynamic: 9.36 ms
Response Time Get Dynamic: 8.97 ms
Response Time Get Dynamic: 9.94 ms
Response Time Get Dynamic: 10.56 ms
Response Time Get Dynamic: 11.75 ms
Response Time Get Dynamic: 10.01 ms
Response Time Get Dynamic: 12.93 ms
Response Time Get Dynamic: 9.55 ms
Response Time Get Dynamic: 12.34 ms
Response Time Get Dynamic: 15.21 ms
Response Time Get Dynamic: 20.99 ms
Response Time Get Dynamic: 11.19 ms
Response Time Get Dynamic: 9.29 ms
Response Time Get Dynamic: 7.06 ms
Response Time Get Dynamic: 7.65 ms
Response Time Get Dynamic: 11.30 ms
Response Time Get Dynamic: 10.80 ms
Response Time Get Dynamic: 8.69 ms
Response Time Get Dynamic: 9.32 ms
Response Time Get Dynamic: 11.28 ms
Response Time Get Dynamic: 10.25 ms
Response Time Get Dynamic: 7.96 ms
Response Time Get Dynamic: 11.47 ms
Response Time Get Dynamic: 9.09 ms
Response Time Get Dynamic: 10.19 ms
Response Time Get Dynamic: 14.79 ms
Response Time Get Dynamic: 12.53 ms
Response Time Get Dynamic: 8.52 ms
Response Time Get Dynamic: 8.84 ms
Response Time Get Dynamic: 9.34 ms
Response Time Get Dynamic: 10.67 ms
Response Time Get Dynamic: 11.12 ms
Response Time Get Dynamic: 11.74 ms
Response Time Get Dynamic: 9.12 ms
Response Time Get Dynamic: 6.15 ms
Response Time Get Dynamic: 6.69 ms
Response Time Get Dynamic: 12.30 ms
Response Time Get Dynamic: 8.54 ms
Response Time Get Dynamic: 9.01 ms
Response Time Get Dynamic: 6.99 ms
Response Time Get Dynamic: 8.52 ms
Response Time Get Dynamic: 10.30 ms
Response Time Get Dynamic: 10.12 ms
Response Time Get Dynamic: 7.89 ms
Response Time Get Dynamic: 12.20 ms
Response Time Get Dynamic: 12.64 ms
Response Time Get Dynamic: 11.50 ms
Response Time Get Dynamic: 9.81 ms
Response Time Get Dynamic: 21.01 ms
Response Time Get Dynamic: 10.81 ms
Response Time Get Dynamic: 47.06 ms
Response Time Get Dynamic: 10.72 ms
Response Time Get Dynamic: 9.87 ms
Response Time Get Dynamic: 9.73 ms
Response Time Get Dynamic: 63.67 ms
Response Time Get Dynamic: 8.98 ms
Response Time Get Dynamic: 9.80 ms
Response Time Get Dynamic: 11.41 ms
Response Time Get Dynamic: 11.21 ms
Response Time Get Dynamic: 11.65 ms
Response Time Get Dynamic: 11.65 ms
Response Time Get Dynamic: 11.94 ms
Response Time Get Dynamic: 10.38 ms
Response Time Get Dynamic: 7.90 ms
Response Time Get Dynamic: 11.65 ms
Response Time Get Dynamic: 13.25 ms
Response Time Get Dynamic: 11.32 ms
Response Time Get Dynamic: 13.66 ms
Response Time Get Dynamic: 16.93 ms
Response Time Get Dynamic: 30.76 ms
Response Time Get Dynamic: 10.93 ms
Response Time Get Dynamic: 11.89 ms
Response Time Get Dynamic: 24.38 ms
Response Time Get Dynamic: 33.50 ms
Response Time Get Dynamic: 12.10 ms
Response Time Get Dynamic: 10.58 ms
Response Time Get Dynamic: 11.41 ms
Response Time Get Dynamic: 35.08 ms
Response Time Get Dynamic: 10.34 ms
Response Time Get Dynamic: 10.57 ms
Response Time Get Dynamic: 50.10 ms
Response Time Get Dynamic: 2018.03 ms
Response Time Get Dynamic: 1013.90 ms
Response Time Get Dynamic: 527.81 ms
Response Time Get Dynamic: 529.08 ms
Response Time Get Dynamic: 533.32 ms
Response Time Get Dynamic: 67.76 ms
Response Time Get Dynamic: 18.76 ms
Response Time Get Dynamic: 7.85 ms
Response Time Get Dynamic: 8.20 ms
Response Time Get Dynamic: 13.30 ms
Response Time Get Dynamic: 7.86 ms
Response Time Get Dynamic: 9.32 ms
Response Time Get Dynamic: 9.67 ms
Response Time Get Dynamic: 13.24 ms
Response Time Get Dynamic: 11.91 ms
Response Time Get Dynamic: 11.48 ms
Response Time Get Dynamic: 12.03 ms
Response Time Get Dynamic: 11.80 ms
Response Time Get Dynamic: 10.88 ms
Response Time Get Dynamic: 14.14 ms
Response Time Get Dynamic: 9.93 ms
Response Time Get Dynamic: 12.79 ms
Response Time Get Dynamic: 9.48 ms
Response Time Get Dynamic: 7.87 ms
Response Time Get Dynamic: 10.46 ms
Response Time Get Dynamic: 9.67 ms
Response Time Get Dynamic: 8.57 ms
Response Time Get Dynamic: 10.24 ms
Response Time Get Dynamic: 10.25 ms
Response Time Get Dynamic: 10.00 ms
Response Time Get Dynamic: 9.46 ms
Response Time Get Dynamic: 12.24 ms
Response Time Get Dynamic: 10.38 ms
Response Time Get Dynamic: 10.14 ms
Response Time Get Dynamic: 8.92 ms
Response Time Get Dynamic: 9.85 ms
Response Time Get Dynamic: 7.08 ms
Response Time Get Dynamic: 11.99 ms
Response Time Get Dynamic: 52.60 ms
Response Time Get Dynamic: 10.87 ms
Response Time Get Dynamic: 11.10 ms
Response Time Get Dynamic: 45.27 ms
Response Time Get Dynamic: 6.80 ms
Response Time Get Dynamic: 10.59 ms
Response Time Get Dynamic: 1265.23 ms
Response Time Get Dynamic: 1066.59 ms
Response Time Get Dynamic: 1081.35 ms
Response Time Get Dynamic: 1055.87 ms
Response Time Get Dynamic: 1074.47 ms
Response Time Get Dynamic: 2252.43 ms
Response Time Get Dynamic: 2098.58 ms
Response Time Get Dynamic: 2087.65 ms
Response Time Get Dynamic: 2115.38 ms
Response Time Get Dynamic: 2115.34 ms
Response Time Get Dynamic: 2042.95 ms
Response Time Get Dynamic: 2060.50 ms
Response Time Get Dynamic: 2040.32 ms
Response Time Get Dynamic: 2078.32 ms
Response Time Get Dynamic: 2173.80 ms
Response Time Get Dynamic: 2125.98 ms
Response Time Get Dynamic: 2150.54 ms
Response Time Get Dynamic: 2143.44 ms
Response Time Get Dynamic: 2054.51 ms
Response Time Get Dynamic: 2080.98 ms
Response Time Get Dynamic: 2019.55 ms
Response Time Get Dynamic: 2047.07 ms
Response Time Get Dynamic: 582.03 ms
Response Time Get Dynamic: 164.00 ms
Response Time Get Dynamic: 90.74 ms
Response Time Get Dynamic: 56.58 ms
Response Time Get Dynamic: 52.21 ms
Response Time Get Dynamic: 32.18 ms
Response Time Get Dynamic: 111.30 ms
Response Time Get Dynamic: 115.28 ms
Response Time Get Dynamic: 193.41 ms
Response Time Get Dynamic: 51.24 ms
Response Time Get Dynamic: 114.73 ms
Response Time Get Dynamic: 119.82 ms
Response Time Get Dynamic: 108.65 ms
Response Time Get Dynamic: 74.16 ms
Response Time Get Dynamic: 118.74 ms
Response Time Get Dynamic: 61.62 ms
Response Time Get Dynamic: 100.39 ms
Response Time Get Dynamic: 25.32 ms
Response Time Get Dynamic: 31.65 ms
Response Time Get Dynamic: 36.54 ms
Response Time Get Dynamic: 71.52 ms
Response Time Get Dynamic: 70.08 ms
Response Time Get Dynamic: 95.20 ms
Response Time Get Dynamic: 98.84 ms
Response Time Get Dynamic: 92.93 ms
Response Time Get Dynamic: 66.05 ms
Response Time Get Dynamic: 63.95 ms
Response Time Get Dynamic: 51.24 ms
Response Time Get Dynamic: 153.84 ms
Response Time Get Dynamic: 79.07 ms
Response Time Get Dynamic: 22.34 ms
Response Time Get Dynamic: 119.05 ms
Response Time Get Dynamic: 103.24 ms
Response Time Get Dynamic: 618.75 ms
Response Time Get Dynamic: 684.65 ms
Response Time Get Dynamic: 609.49 ms
Response Time Get Dynamic: 606.64 ms
Response Time Get Dynamic: 563.26 ms
Response Time Get Dynamic: 606.10 ms
Response Time Get Dynamic: 556.02 ms
Response Time Get Dynamic: 558.49 ms
Response Time Get Dynamic: 619.02 ms
