26.8,,Min,3.77
5.51,,Max,309.04
4.34,,Sum,75779.43
4.8,,Mean,7.577943
4.88,,Varaince,33.26194217
4.47,,Std. Dev,5.767316722
5.3,,CoV,0.761066258
4.63,,,
30.51,,,
5.69,,,
5.66,,,
5.6,,,
6.24,,,
5.14,,,
5.3,,,
5.09,,,
5.44,,,
5.43,,,
6.13,,,
5.19,,,
5,,,
4.92,,,
4.9,,,
4.86,,,
4.71,,,
5.03,,,
5.53,,,
4.93,,,
5.44,,,
4.72,,,
4.87,,,
5.38,,,
5.12,,,
4.94,,,
4.85,,,
5.86,,,
4.9,,,
5.2,,,
5.31,,,
4.94,,,
4.85,,,
5.17,,,
4.93,,,
6.1,,,
4.89,,,
3.77,,,
4.71,,,
4.38,,,
4.89,,,
5.04,,,
4.96,,,
4.43,,,
5.44,,,
4.4,,,
4.46,,,
4.46,,,
7.27,,,
5.05,,,
5.96,,,
4.86,,,
5.73,,,
5.84,,,
4.51,,,
5.31,,,
5.01,,,
4.31,,,
4.77,,,
5.07,,,
4.79,,,
5.14,,,
5.31,,,
4.28,,,
4.48,,,
4.94,,,
5.63,,,
5.42,,,
6.05,,,
5.2,,,
4.85,,,
6.51,,,
5.31,,,
4.88,,,
5.06,,,
7.67,,,
6.25,,,
5.32,,,
5.92,,,
5.8,,,
6.76,,,
5.39,,,
5.13,,,
4.89,,,
5.12,,,
4.89,,,
4.45,,,
4.26,,,
4.83,,,
5.86,,,
5.85,,,
5.26,,,
5.42,,,
4.72,,,
5.09,,,
4.96,,,
5.4,,,
4.9,,,
5.38,,,
5,,,
5.29,,,
4.43,,,
4.29,,,
4.64,,,
5.62,,,
5.05,,,
4.73,,,
4.95,,,
5,,,
5.36,,,
6.47,,,
5.45,,,
4.86,,,
4.57,,,
5.6,,,
5.24,,,
4.92,,,
6.86,,,
5.11,,,
5.87,,,
4.94,,,
5.07,,,
4.74,,,
4.27,,,
4.5,,,
5.04,,,
5.9,,,
5.43,,,
6.54,,,
5.5,,,
5.19,,,
5.61,,,
6.3,,,
4.67,,,
5.91,,,
4.92,,,
5.06,,,
5.91,,,
6.02,,,
5.32,,,
5.92,,,
5.37,,,
5.98,,,
5.58,,,
5.29,,,
5.76,,,
6.39,,,
5.43,,,
5.25,,,
5.89,,,
4.96,,,
4.88,,,
4.2,,,
6.45,,,
4.66,,,
4.54,,,
6.08,,,
4.67,,,
5.46,,,
5.74,,,
5.77,,,
5.04,,,
6.26,,,
6.2,,,
4.68,,,
4.52,,,
5.45,,,
4.75,,,
6.01,,,
5.83,,,
6.32,,,
5.94,,,
5.8,,,
4.79,,,
5.35,,,
6.29,,,
5.81,,,
4.74,,,
6.33,,,
5.39,,,
5.4,,,
4.94,,,
5.41,,,
4.25,,,
4.75,,,
6.78,,,
5.5,,,
4.36,,,
4.87,,,
4.82,,,
5.51,,,
5.71,,,
6.19,,,
4.73,,,
4.86,,,
4.57,,,
5.32,,,
6.53,,,
6.22,,,
4.42,,,
5.93,,,
5.9,,,
5.28,,,
6.02,,,
4.92,,,
4.99,,,
5.41,,,
5.72,,,
4.65,,,
4.72,,,
5.93,,,
4.89,,,
5.73,,,
4.61,,,
4.7,,,
4.87,,,
5.44,,,
5.3,,,
4.47,,,
4.93,,,
5.46,,,
4.7,,,
5.06,,,
5.63,,,
5.1,,,
5.2,,,
5.15,,,
5.38,,,
5.17,,,
5.98,,,
5.29,,,
5,,,
6.95,,,
5.15,,,
5.38,,,
5.47,,,
8.1,,,
5.6,,,
4.86,,,
4.95,,,
5.98,,,
5.24,,,
5.95,,,
4.8,,,
4.77,,,
4.82,,,
4.79,,,
4.33,,,
5.74,,,
4.53,,,
5.06,,,
5.74,,,
4.63,,,
8.63,,,
5.88,,,
4.98,,,
4.85,,,
5.34,,,
6.89,,,
5.97,,,
5.21,,,
4.87,,,
9.58,,,
6.09,,,
5.4,,,
6.58,,,
5.11,,,
5.16,,,
5.41,,,
5.16,,,
4.92,,,
5.17,,,
5.44,,,
5.02,,,
4.54,,,
4.75,,,
4.06,,,
4.38,,,
7.87,,,
4.4,,,
6.02,,,
4.89,,,
5.51,,,
4.71,,,
5.11,,,
5.13,,,
27.15,,,
7.42,,,
4.33,,,
5.79,,,
4.9,,,
5.53,,,
5.51,,,
5.43,,,
5.24,,,
5.44,,,
4.62,,,
5.32,,,
5.17,,,
5.79,,,
5.41,,,
5.76,,,
5.84,,,
8.26,,,
5.64,,,
6.29,,,
4.95,,,
4.88,,,
4.3,,,
5.74,,,
4.82,,,
7.81,,,
6.41,,,
6.21,,,
5.85,,,
5.69,,,
6.08,,,
6.02,,,
5.5,,,
5.22,,,
4.75,,,
5.2,,,
5.39,,,
4.74,,,
5.75,,,
4.8,,,
6.33,,,
5.35,,,
6.97,,,
4.58,,,
4.75,,,
4.82,,,
5.82,,,
6.74,,,
5.45,,,
5.39,,,
6.08,,,
4.88,,,
6.25,,,
6.2,,,
5.97,,,
6.08,,,
14.87,,,
5.27,,,
5.73,,,
4.87,,,
5.3,,,
5.67,,,
6.4,,,
7.63,,,
5.28,,,
5.35,,,
4.66,,,
5.27,,,
5.22,,,
5.51,,,
4.51,,,
4.35,,,
6.24,,,
5.03,,,
5.02,,,
5.56,,,
5.26,,,
4.95,,,
5.61,,,
4.9,,,
5.73,,,
4.66,,,
4.67,,,
4.83,,,
4.64,,,
26.76,,,
5.7,,,
5.53,,,
5.69,,,
5.21,,,
6.08,,,
5.51,,,
5.51,,,
4.87,,,
4.54,,,
4.21,,,
5.93,,,
5.09,,,
18.55,,,
6.22,,,
5.76,,,
5.75,,,
4.7,,,
5.97,,,
4.57,,,
5.6,,,
5.77,,,
5.23,,,
5.35,,,
5.13,,,
5.15,,,
4.91,,,
6.9,,,
5.02,,,
7.22,,,
5.55,,,
5.29,,,
7.92,,,
5.27,,,
5.21,,,
4.93,,,
5.79,,,
4.93,,,
4.49,,,
4.67,,,
5.49,,,
4.71,,,
4.97,,,
4.57,,,
5.52,,,
5.06,,,
5.26,,,
4.99,,,
5.11,,,
5.57,,,
5.55,,,
5.92,,,
6.35,,,
5.11,,,
6.22,,,
5.8,,,
5.24,,,
7.56,,,
5.76,,,
5.24,,,
5.49,,,
4.96,,,
5.28,,,
6.05,,,
4.78,,,
4.87,,,
4.52,,,
4.52,,,
4.95,,,
4.75,,,
5.01,,,
6.08,,,
4.83,,,
5.66,,,
5.01,,,
5.37,,,
5.14,,,
5.15,,,
5.33,,,
4.27,,,
4.73,,,
5.5,,,
4.99,,,
6.41,,,
5.77,,,
5.37,,,
6.06,,,
5.47,,,
5.01,,,
5.19,,,
5.18,,,
5.25,,,
5.07,,,
4.8,,,
5.61,,,
5.2,,,
4.91,,,
5.54,,,
5.05,,,
4.88,,,
7,,,
4.56,,,
5.36,,,
7.55,,,
6.53,,,
9.48,,,
5.39,,,
6.44,,,
4.81,,,
5.63,,,
5.59,,,
5.4,,,
5.75,,,
5.11,,,
5.37,,,
5.9,,,
5.27,,,
5.13,,,
5.7,,,
5.4,,,
5.12,,,
6.42,,,
4.37,,,
4.85,,,
5.08,,,
5.28,,,
7.54,,,
4.91,,,
5.15,,,
4.71,,,
5.28,,,
6.8,,,
6.2,,,
5.36,,,
4.77,,,
4.6,,,
5.32,,,
5.9,,,
5.51,,,
5.1,,,
12.14,,,
4.46,,,
6.14,,,
5.06,,,
6.36,,,
5.53,,,
6.37,,,
5.57,,,
4.73,,,
5.89,,,
4.23,,,
9.2,,,
5.26,,,
4.21,,,
5.04,,,
5.21,,,
5.07,,,
5.34,,,
5.13,,,
4.35,,,
5.46,,,
5.04,,,
5.84,,,
5.71,,,
5.35,,,
5.22,,,
5.64,,,
5.06,,,
6.24,,,
4.92,,,
5.18,,,
6.13,,,
5.97,,,
5.23,,,
5.14,,,
5.68,,,
6,,,
6.43,,,
6.16,,,
5.11,,,
4.44,,,
5.18,,,
6.48,,,
4.42,,,
5.2,,,
5.41,,,
5.13,,,
4.91,,,
5.74,,,
4.71,,,
5.55,,,
4.95,,,
5.26,,,
4.92,,,
4.96,,,
5.03,,,
4.93,,,
5.42,,,
4.93,,,
4.7,,,
5.29,,,
5.07,,,
4.93,,,
4.7,,,
4.69,,,
5.23,,,
4.63,,,
6.29,,,
5.11,,,
4.86,,,
5.07,,,
4.47,,,
4.91,,,
4.63,,,
5.37,,,
5.33,,,
4.49,,,
5.05,,,
5.19,,,
4.62,,,
6.68,,,
5.52,,,
4.81,,,
5.33,,,
5.85,,,
5.83,,,
5.77,,,
5.63,,,
5.7,,,
5.34,,,
5.22,,,
5.9,,,
5.76,,,
10.1,,,
5.65,,,
5.41,,,
4.86,,,
4.93,,,
4.7,,,
5.11,,,
5.71,,,
4.96,,,
4.81,,,
4.87,,,
4.88,,,
4.98,,,
4.51,,,
5.44,,,
4.95,,,
5.23,,,
5.9,,,
6.86,,,
5.86,,,
5.26,,,
5.02,,,
5.54,,,
5.13,,,
4.99,,,
4.98,,,
5.05,,,
5.6,,,
5.11,,,
5.5,,,
4.38,,,
5.3,,,
5.75,,,
5.83,,,
4.92,,,
4.57,,,
5.49,,,
4.92,,,
6.22,,,
5.62,,,
4.58,,,
5.07,,,
4.81,,,
7.19,,,
5.38,,,
6.05,,,
4.94,,,
5.8,,,
5.09,,,
5.65,,,
5.28,,,
5.74,,,
5.14,,,
4.71,,,
4.83,,,
5.19,,,
4.82,,,
5.18,,,
5.22,,,
4.41,,,
4.61,,,
5.27,,,
5.12,,,
5.38,,,
5.28,,,
5.01,,,
5.22,,,
5.1,,,
5.06,,,
5.05,,,
5.73,,,
5.05,,,
4.51,,,
4.66,,,
8.81,,,
5.11,,,
4.49,,,
5,,,
5.03,,,
4.07,,,
5.19,,,
5.35,,,
4.69,,,
6.62,,,
16.93,,,
4.88,,,
5.5,,,
5.03,,,
5.41,,,
5.85,,,
4.95,,,
5.31,,,
5.48,,,
4.97,,,
5.12,,,
5.13,,,
5.13,,,
5.58,,,
4.45,,,
5.56,,,
4.33,,,
4.91,,,
4.84,,,
5.12,,,
4.9,,,
4.5,,,
5.15,,,
5.2,,,
4.98,,,
5.32,,,
4.2,,,
5.3,,,
4.76,,,
6.72,,,
5.5,,,
5.09,,,
5,,,
5.12,,,
5.09,,,
5.36,,,
4.95,,,
5.12,,,
5.61,,,
4.98,,,
9.39,,,
4.95,,,
4.97,,,
6.81,,,
6.47,,,
5.61,,,
5.14,,,
3.99,,,
5.86,,,
6.08,,,
4.94,,,
4.53,,,
6,,,
7.21,,,
7.3,,,
6.16,,,
5.53,,,
6.17,,,
6.4,,,
6.21,,,
5.85,,,
5.9,,,
6.89,,,
7.39,,,
6.03,,,
5.06,,,
7.11,,,
5.27,,,
5.49,,,
4.91,,,
5.03,,,
6.32,,,
5.07,,,
5.48,,,
5.03,,,
5.06,,,
5.7,,,
4.94,,,
4.73,,,
4.74,,,
4.61,,,
6.11,,,
4.14,,,
4.59,,,
4.68,,,
4.96,,,
6.01,,,
4.83,,,
5.69,,,
5.26,,,
6.4,,,
6.45,,,
5.7,,,
5.39,,,
4.96,,,
5.09,,,
4.84,,,
4.56,,,
4.89,,,
5.77,,,
5.28,,,
5.28,,,
5.13,,,
5.86,,,
4.98,,,
5.6,,,
4.75,,,
6.65,,,
4.56,,,
4.64,,,
4.44,,,
4.68,,,
4.5,,,
4.54,,,
4.57,,,
5.26,,,
5.4,,,
4.79,,,
4.92,,,
4.89,,,
4.99,,,
5.05,,,
6.29,,,
5.6,,,
6.41,,,
4.88,,,
5.13,,,
5.84,,,
5.68,,,
5.76,,,
5.47,,,
4.53,,,
4.8,,,
5.49,,,
5.03,,,
4.71,,,
5.99,,,
6.03,,,
4.52,,,
4.33,,,
6.71,,,
5.05,,,
4.57,,,
4.85,,,
5.05,,,
4.54,,,
4.83,,,
4.33,,,
4.95,,,
5.75,,,
5.4,,,
5.06,,,
5.4,,,
4.71,,,
4.82,,,
6.92,,,
5.12,,,
5.63,,,
4.81,,,
5.3,,,
6.37,,,
5.09,,,
5.41,,,
6.28,,,
5.41,,,
5.34,,,
5.07,,,
4.68,,,
4.52,,,
4.73,,,
5.26,,,
4.67,,,
4.75,,,
4.59,,,
5.41,,,
4.73,,,
5.06,,,
4.72,,,
4.67,,,
5.64,,,
5.11,,,
5.1,,,
5.31,,,
5.73,,,
4.51,,,
4.41,,,
4.55,,,
4.92,,,
5.29,,,
5.15,,,
5.11,,,
5.22,,,
4.99,,,
5.09,,,
5.28,,,
5.56,,,
5,,,
4.85,,,
5.15,,,
5.1,,,
6.55,,,
5.06,,,
4.67,,,
5.53,,,
4.82,,,
5.06,,,
4.97,,,
6.09,,,
4.53,,,
4.67,,,
5.3,,,
4.43,,,
4.58,,,
5.62,,,
4.89,,,
6.1,,,
4.46,,,
5.25,,,
5.04,,,
5.08,,,
4.99,,,
10,,,
6.06,,,
5.41,,,
5.3,,,
5.29,,,
10.52,,,
5.56,,,
5.23,,,
5.16,,,
4.45,,,
5.13,,,
5.27,,,
5.29,,,
6.12,,,
5.43,,,
5.81,,,
5.39,,,
4.86,,,
5.07,,,
5.51,,,
5.92,,,
5.42,,,
5.27,,,
5.08,,,
6.89,,,
6.05,,,
5.58,,,
7.18,,,
4.92,,,
4.87,,,
5.79,,,
4.46,,,
4.88,,,
5.71,,,
5.79,,,
5.33,,,
4.12,,,
4,,,
6.67,,,
5.98,,,
5.53,,,
5.99,,,
5.74,,,
4.2,,,
5.87,,,
4.56,,,
4.17,,,
6.21,,,
6.72,,,
6.2,,,
4.54,,,
4.51,,,
6.21,,,
5.32,,,
4.81,,,
4.85,,,
4.56,,,
5.01,,,
4.81,,,
5.33,,,
3.89,,,
7.92,,,
4.46,,,
4.53,,,
5.25,,,
4.97,,,
4.86,,,
5.34,,,
6.3,,,
5.75,,,
5.53,,,
4.95,,,
5.01,,,
4.49,,,
4.27,,,
4.66,,,
4.88,,,
4.72,,,
5.23,,,
4.65,,,
5.1,,,
4.79,,,
5.15,,,
4.97,,,
4.33,,,
4.45,,,
6.06,,,
4.69,,,
4.57,,,
4.89,,,
4.38,,,
4.5,,,
4.5,,,
4.81,,,
8.91,,,
4.61,,,
4.66,,,
5.97,,,
8.83,,,
6.12,,,
5.01,,,
5.12,,,
5.22,,,
5.34,,,
5.89,,,
5.08,,,
5.49,,,
5.08,,,
4.98,,,
5.18,,,
5.79,,,
5.64,,,
5.17,,,
5.21,,,
5.05,,,
4.9,,,
5.91,,,
4.68,,,
5.17,,,
5.13,,,
4.88,,,
4.67,,,
4.91,,,
50.47,,,
4.63,,,
5.56,,,
5.29,,,
6.56,,,
4.92,,,
5.1,,,
5.57,,,
4.51,,,
4.91,,,
4.99,,,
5.37,,,
5.85,,,
4.78,,,
4.95,,,
4.75,,,
5.81,,,
5.04,,,
4.96,,,
4.28,,,
5.8,,,
5.24,,,
4.9,,,
5.01,,,
5.59,,,
5.04,,,
4.44,,,
5.21,,,
4.82,,,
5.13,,,
5.04,,,
4.62,,,
5,,,
6.61,,,
5.63,,,
5.96,,,
5.11,,,
5.17,,,
5.48,,,
5.16,,,
5.21,,,
5.22,,,
5.58,,,
5.35,,,
5.13,,,
5.01,,,
8.91,,,
5.65,,,
5.41,,,
5.03,,,
4.9,,,
5.23,,,
4.83,,,
5.57,,,
5.4,,,
5.25,,,
5.16,,,
5.71,,,
5.19,,,
4.87,,,
4.48,,,
5.01,,,
5.48,,,
4.25,,,
6.28,,,
4.54,,,
5.23,,,
5.43,,,
5.98,,,
4.96,,,
5.88,,,
8.95,,,
4.76,,,
5.02,,,
4.93,,,
5.11,,,
6.66,,,
11.4,,,
5.03,,,
5.86,,,
4.35,,,
4.5,,,
6,,,
5.94,,,
4.94,,,
5.02,,,
4.94,,,
4.65,,,
4.42,,,
4.95,,,
4.98,,,
4.42,,,
6.31,,,
4.62,,,
4.87,,,
4.65,,,
6.83,,,
5.4,,,
6.27,,,
6.6,,,
4.93,,,
4.64,,,
4.53,,,
18.69,,,
5.57,,,
6.43,,,
6.21,,,
5.12,,,
5.16,,,
5.25,,,
5.42,,,
5.07,,,
4.79,,,
5.91,,,
4.87,,,
5.75,,,
5.12,,,
4.77,,,
5.07,,,
4.45,,,
4.8,,,
5.34,,,
6.22,,,
13.81,,,
5.13,,,
4.99,,,
6.13,,,
5.12,,,
5.41,,,
4.97,,,
5.22,,,
6,,,
5.48,,,
5.08,,,
6.72,,,
5.22,,,
4.64,,,
4.56,,,
5.21,,,
5.01,,,
5.19,,,
5.16,,,
5.82,,,
5.35,,,
4.36,,,
5.54,,,
6.64,,,
4.13,,,
5.35,,,
4.87,,,
4.77,,,
4.44,,,
4.72,,,
4.54,,,
4.79,,,
4.49,,,
7.62,,,
4.81,,,
6.43,,,
5.13,,,
5.26,,,
5.27,,,
4.86,,,
5.4,,,
5.86,,,
5.74,,,
5.25,,,
5.46,,,
5.81,,,
6.34,,,
5.67,,,
6.76,,,
5.42,,,
5.28,,,
5.29,,,
5.68,,,
4.62,,,
4.64,,,
5.53,,,
4.66,,,
4.31,,,
4.94,,,
4.37,,,
4.62,,,
4.41,,,
5.21,,,
4.67,,,
7.68,,,
6.07,,,
5.8,,,
5.88,,,
5.08,,,
4.14,,,
4.87,,,
4.78,,,
6.02,,,
5.73,,,
5.48,,,
5.53,,,
5.13,,,
5.56,,,
4.98,,,
5.72,,,
5.41,,,
4.77,,,
5.3,,,
6.36,,,
5.88,,,
4.92,,,
4.95,,,
5.7,,,
4.53,,,
6.42,,,
5.25,,,
4.35,,,
5.22,,,
5.15,,,
5.33,,,
5.07,,,
5.36,,,
5.19,,,
5.33,,,
6.04,,,
5.09,,,
5.02,,,
5.57,,,
5.07,,,
5.32,,,
5.85,,,
5.65,,,
5.41,,,
5.17,,,
5.73,,,
5.17,,,
5,,,
5.42,,,
5.25,,,
5.05,,,
5.62,,,
5.42,,,
5.52,,,
6.02,,,
4.53,,,
4.7,,,
4.43,,,
6.19,,,
5.83,,,
5.01,,,
5.61,,,
5.61,,,
5.84,,,
5.81,,,
5.06,,,
5.05,,,
5.41,,,
5.07,,,
5.31,,,
5.43,,,
5.12,,,
6.22,,,
5.17,,,
5.01,,,
5.11,,,
5.22,,,
5.1,,,
4.59,,,
4.89,,,
5.06,,,
4.24,,,
4.72,,,
4.36,,,
11.28,,,
4.55,,,
4.61,,,
4.62,,,
4.33,,,
5.62,,,
4.46,,,
5.69,,,
7.05,,,
5.49,,,
5.03,,,
5.68,,,
5.58,,,
4.61,,,
4.82,,,
5.24,,,
4.99,,,
5.2,,,
4.69,,,
5.51,,,
4.73,,,
5.12,,,
5.76,,,
7.07,,,
6.11,,,
4.67,,,
5.79,,,
4.26,,,
4.4,,,
4.83,,,
5.12,,,
5.76,,,
4.66,,,
4.67,,,
6.67,,,
5.77,,,
4.55,,,
5.82,,,
5.71,,,
7.05,,,
5.95,,,
5.44,,,
5.19,,,
4.99,,,
5.11,,,
5.03,,,
5.7,,,
5.57,,,
5.57,,,
9,,,
5.61,,,
5.46,,,
4.88,,,
5.35,,,
10.62,,,
4.58,,,
7.88,,,
5.04,,,
4.69,,,
5.04,,,
4.85,,,
4.51,,,
5.23,,,
4.86,,,
5.17,,,
6.03,,,
5.82,,,
5.14,,,
5.22,,,
4.58,,,
5.06,,,
5.09,,,
5.48,,,
5.15,,,
5.71,,,
5.33,,,
5.14,,,
4.9,,,
5.63,,,
4.98,,,
5.82,,,
5.29,,,
5.15,,,
4.96,,,
4.43,,,
7.08,,,
4.41,,,
5.54,,,
4.57,,,
4.73,,,
6.16,,,
5.06,,,
58.86,,,
5.32,,,
5.46,,,
5.28,,,
4.79,,,
5.11,,,
5.26,,,
4.59,,,
5.05,,,
5.95,,,
6.8,,,
5.56,,,
4.72,,,
5.34,,,
5.02,,,
6.05,,,
5.21,,,
4.53,,,
5.43,,,
5.07,,,
5.25,,,
5.89,,,
4.79,,,
4.87,,,
4.46,,,
4.56,,,
4.87,,,
4.45,,,
4.96,,,
4.51,,,
4.63,,,
6.06,,,
4.52,,,
6.74,,,
5.19,,,
5.25,,,
5.59,,,
5.54,,,
5.06,,,
7.89,,,
5.25,,,
4.74,,,
5.1,,,
5.08,,,
6.21,,,
5.47,,,
5.23,,,
5.3,,,
5.07,,,
4.96,,,
5.23,,,
6.4,,,
8.82,,,
5.34,,,
5.01,,,
4.98,,,
4.72,,,
5.01,,,
7.18,,,
5.76,,,
6.55,,,
6.35,,,
5.93,,,
5.23,,,
5.75,,,
5.23,,,
5.21,,,
5.65,,,
4.56,,,
5.75,,,
5.22,,,
5.51,,,
4.92,,,
5.78,,,
5.42,,,
5.04,,,
4.99,,,
6.09,,,
5.92,,,
4.92,,,
5.92,,,
4.82,,,
4.71,,,
7.82,,,
6.75,,,
6.94,,,
6.49,,,
5.5,,,
4.44,,,
5.41,,,
5.52,,,
16,,,
7.14,,,
7.57,,,
17.69,,,
7.09,,,
5.25,,,
5.16,,,
5.07,,,
5.9,,,
10.66,,,
5.25,,,
5.8,,,
4.7,,,
8.8,,,
7.4,,,
5.65,,,
5.31,,,
7.71,,,
7.75,,,
6.55,,,
5.44,,,
7.76,,,
9.1,,,
15.68,,,
6.16,,,
5.45,,,
5.74,,,
6.21,,,
14.92,,,
5.92,,,
53.14,,,
5.81,,,
5.1,,,
7.31,,,
8.55,,,
5.41,,,
7.23,,,
8.02,,,
19.75,,,
11.47,,,
6.7,,,
7.48,,,
5.64,,,
7.65,,,
6.76,,,
6.13,,,
7.39,,,
14.34,,,
6.61,,,
6.18,,,
5.98,,,
4.24,,,
6.16,,,
4.73,,,
5.75,,,
5.09,,,
11.65,,,
6.16,,,
5.8,,,
5.62,,,
4.85,,,
6.24,,,
5.89,,,
5.54,,,
9.69,,,
5.52,,,
5.59,,,
5.26,,,
5.75,,,
7.14,,,
7.05,,,
6.09,,,
6.83,,,
5.09,,,
5.9,,,
6.19,,,
5.35,,,
4.61,,,
6.64,,,
6.28,,,
7.2,,,
7.38,,,
6.57,,,
8.11,,,
6.41,,,
7.14,,,
18.91,,,
4.5,,,
4.51,,,
6.76,,,
5.73,,,
12.8,,,
5.54,,,
6.5,,,
6.4,,,
5.73,,,
7.66,,,
5.7,,,
5.3,,,
5.91,,,
6.51,,,
6.46,,,
5.2,,,
19.51,,,
7.48,,,
7.28,,,
8.42,,,
5.49,,,
6.64,,,
7.37,,,
6.77,,,
6.71,,,
7.16,,,
5.57,,,
6.63,,,
5.77,,,
7.02,,,
8.59,,,
6.04,,,
5.48,,,
5.31,,,
5.37,,,
4.65,,,
18.89,,,
7.84,,,
6.92,,,
5.27,,,
6.66,,,
5.79,,,
6.05,,,
7.03,,,
53.53,,,
10.84,,,
17.93,,,
7.45,,,
21.47,,,
6.27,,,
7.23,,,
5.75,,,
25.36,,,
22.16,,,
6.24,,,
7.61,,,
7.98,,,
5.77,,,
6.25,,,
8.51,,,
13.11,,,
4.69,,,
5.45,,,
5.97,,,
6.94,,,
7.37,,,
5.82,,,
6.02,,,
8.58,,,
9.91,,,
7.45,,,
11.21,,,
8.15,,,
6.8,,,
5.75,,,
5.49,,,
6.36,,,
5.53,,,
7.03,,,
4.88,,,
6.24,,,
7.21,,,
8.5,,,
6.09,,,
7.71,,,
6.72,,,
6.41,,,
7.38,,,
5.61,,,
6.84,,,
6.37,,,
4.87,,,
4.78,,,
17.65,,,
7,,,
4.48,,,
6.57,,,
16.18,,,
6.19,,,
9.42,,,
5.67,,,
6.38,,,
9.55,,,
12.82,,,
5.99,,,
5.72,,,
6.07,,,
5.79,,,
7.54,,,
17.16,,,
6.06,,,
5.72,,,
25.48,,,
10.74,,,
7.86,,,
15.88,,,
5.88,,,
8.77,,,
6.82,,,
5.78,,,
5.31,,,
7.17,,,
5.31,,,
6.92,,,
7,,,
14.15,,,
4.51,,,
7.36,,,
5.76,,,
11.07,,,
5.4,,,
12.45,,,
9.72,,,
7.39,,,
10.88,,,
7.88,,,
8.18,,,
7.94,,,
9.06,,,
20.49,,,
9.73,,,
53,,,
8.48,,,
9.19,,,
6.63,,,
14.81,,,
6.17,,,
6.7,,,
5.64,,,
5.86,,,
5.56,,,
5.03,,,
8.69,,,
5.58,,,
5.31,,,
6.65,,,
6.12,,,
8.03,,,
5.01,,,
6.04,,,
4.76,,,
5.16,,,
4.88,,,
6.61,,,
19.15,,,
6.73,,,
5.97,,,
7.49,,,
7.44,,,
5.43,,,
5.72,,,
6.59,,,
7.18,,,
6.25,,,
5.45,,,
6.34,,,
6.76,,,
12.26,,,
13.01,,,
6.11,,,
6.38,,,
5.68,,,
6.67,,,
7.68,,,
7.33,,,
20.21,,,
6.42,,,
6.45,,,
11.1,,,
5.66,,,
7.99,,,
9.14,,,
12.77,,,
8.92,,,
5.07,,,
5.42,,,
7.57,,,
4.88,,,
5.84,,,
7.8,,,
8.42,,,
7.38,,,
5.5,,,
7.83,,,
6.11,,,
5.96,,,
5.28,,,
6.93,,,
6.15,,,
8.51,,,
8.91,,,
7.74,,,
6.11,,,
6.86,,,
26.5,,,
6.05,,,
6.36,,,
6.2,,,
7.97,,,
6.55,,,
7.9,,,
5.54,,,
6.87,,,
5.84,,,
7.76,,,
21.63,,,
6.11,,,
8.14,,,
6.51,,,
11.33,,,
7.08,,,
11.75,,,
7.06,,,
19.08,,,
7.72,,,
4.64,,,
8.19,,,
11.08,,,
6.06,,,
15.89,,,
5.52,,,
5.59,,,
5.68,,,
26.03,,,
6.95,,,
5.49,,,
6.27,,,
15.45,,,
5.23,,,
6.05,,,
8.76,,,
5.86,,,
12.3,,,
5.19,,,
6.6,,,
7.93,,,
7.39,,,
5.96,,,
6.31,,,
7.76,,,
5.86,,,
9.11,,,
7.84,,,
5.45,,,
7.68,,,
6.27,,,
8.95,,,
8.09,,,
5.94,,,
5.47,,,
5.92,,,
6.08,,,
5.96,,,
6.99,,,
6.31,,,
6.15,,,
7.07,,,
6.81,,,
7.55,,,
8.51,,,
7.94,,,
7.53,,,
10.37,,,
4.57,,,
7.91,,,
5.87,,,
6.9,,,
8.08,,,
6.53,,,
7.38,,,
11.03,,,
10.56,,,
5.82,,,
6.24,,,
6.1,,,
6.09,,,
7.68,,,
6.4,,,
6.26,,,
6.09,,,
6.72,,,
9.29,,,
7.44,,,
6.98,,,
6.58,,,
5.42,,,
12.35,,,
10.52,,,
6.35,,,
8.66,,,
9.22,,,
9.01,,,
7.36,,,
6.46,,,
7.53,,,
8.62,,,
7.04,,,
6.7,,,
15.15,,,
7.39,,,
7.06,,,
8.41,,,
6.4,,,
8.79,,,
6.94,,,
6.49,,,
7.71,,,
5.78,,,
5.93,,,
6.9,,,
13.7,,,
8.16,,,
11.41,,,
10.74,,,
6.19,,,
9.23,,,
7.94,,,
8.12,,,
13.17,,,
10.21,,,
4.97,,,
5.48,,,
13.35,,,
5.23,,,
7.67,,,
7.41,,,
10.28,,,
8.31,,,
5.76,,,
6.03,,,
6.97,,,
7.52,,,
6.92,,,
7.45,,,
10.05,,,
7.05,,,
6.4,,,
6.74,,,
6.9,,,
6.28,,,
8.65,,,
9.23,,,
9.63,,,
7.01,,,
7.06,,,
7.51,,,
10.89,,,
6.84,,,
10.51,,,
5.25,,,
6.63,,,
7.31,,,
6.12,,,
8.64,,,
10.08,,,
6.32,,,
8.92,,,
8,,,
7.18,,,
10.61,,,
8.69,,,
8.58,,,
7.64,,,
6,,,
6.53,,,
7.51,,,
5.73,,,
5.81,,,
6.37,,,
7.13,,,
5.89,,,
5.3,,,
6.08,,,
9.32,,,
10.24,,,
10.4,,,
8.53,,,
5.61,,,
14,,,
9.43,,,
6.89,,,
7.47,,,
7.76,,,
6.2,,,
7.54,,,
14.09,,,
8.75,,,
5.21,,,
6.33,,,
6.15,,,
10.71,,,
6.36,,,
6.77,,,
7.91,,,
8.81,,,
6.38,,,
7,,,
7.23,,,
7.71,,,
11.09,,,
6.7,,,
9.49,,,
8.11,,,
8.68,,,
5.94,,,
7.22,,,
8.85,,,
12.63,,,
5.7,,,
6.99,,,
10.82,,,
6.55,,,
7,,,
5.08,,,
7.72,,,
6.69,,,
7.78,,,
7.2,,,
10.81,,,
7.99,,,
8.18,,,
10,,,
9.82,,,
6.84,,,
6,,,
12.65,,,
10.65,,,
8.18,,,
7.61,,,
19.48,,,
7.12,,,
9.91,,,
7.74,,,
27.69,,,
28.41,,,
6.47,,,
11.13,,,
8.17,,,
12.56,,,
7.15,,,
7.77,,,
11.29,,,
7.3,,,
18.52,,,
18.16,,,
9.52,,,
13.81,,,
9.43,,,
11.73,,,
9.53,,,
8.03,,,
7.61,,,
7.48,,,
5.91,,,
7.1,,,
10.54,,,
7.04,,,
10.18,,,
7.02,,,
7.9,,,
9.69,,,
5.6,,,
13.65,,,
6.56,,,
6.75,,,
5.84,,,
7.03,,,
7.17,,,
6.59,,,
5.83,,,
5.53,,,
7.8,,,
10.41,,,
6.3,,,
7.67,,,
10.39,,,
9.17,,,
6.68,,,
7.25,,,
5.41,,,
9.4,,,
9.59,,,
6.35,,,
8.61,,,
7.92,,,
6.91,,,
9.67,,,
7.07,,,
9.53,,,
5.95,,,
5.97,,,
5.63,,,
31.01,,,
5.82,,,
8.36,,,
16.11,,,
9.74,,,
5.5,,,
6.07,,,
11.21,,,
6.28,,,
9.94,,,
5.97,,,
7.96,,,
9.8,,,
11.32,,,
6.47,,,
6.64,,,
9.57,,,
8.93,,,
18.42,,,
5.79,,,
12.45,,,
7.27,,,
6.39,,,
6.68,,,
7.18,,,
6.79,,,
6.39,,,
8.1,,,
5.76,,,
11.88,,,
6.66,,,
8.19,,,
8.95,,,
6.5,,,
5.68,,,
12.61,,,
13.21,,,
10.99,,,
7.92,,,
10.38,,,
8.52,,,
9.38,,,
7.55,,,
8.87,,,
8.84,,,
12.63,,,
10.15,,,
9.06,,,
10.45,,,
9.35,,,
7.68,,,
5.41,,,
5.48,,,
10.46,,,
5.03,,,
11.9,,,
5.4,,,
20.39,,,
7.73,,,
8.62,,,
9.41,,,
4.14,,,
8.89,,,
9.87,,,
22.86,,,
5.5,,,
5.98,,,
6.07,,,
7.82,,,
7.8,,,
6.21,,,
5.32,,,
9.47,,,
6.49,,,
6.23,,,
7.83,,,
4.76,,,
16.91,,,
6.68,,,
5.31,,,
5.33,,,
5.17,,,
10.51,,,
17.88,,,
6.69,,,
5.03,,,
14.26,,,
12.83,,,
21.47,,,
6.75,,,
5.52,,,
5.26,,,
5.54,,,
4.73,,,
6.6,,,
7.23,,,
7.19,,,
6.9,,,
4.74,,,
6.25,,,
6.99,,,
15.88,,,
14.64,,,
6.25,,,
6.08,,,
8.65,,,
7.35,,,
7.78,,,
6.54,,,
5.83,,,
5.85,,,
6.99,,,
7.24,,,
8.62,,,
19.31,,,
5.49,,,
5.88,,,
4.18,,,
6.77,,,
4.11,,,
5.11,,,
4.81,,,
6.84,,,
6.84,,,
7.39,,,
9.63,,,
7.19,,,
5.18,,,
5.08,,,
5.25,,,
6.83,,,
9.82,,,
6.99,,,
17.88,,,
6.63,,,
7.44,,,
22.27,,,
7.86,,,
6.74,,,
10.43,,,
5.59,,,
8.36,,,
10.52,,,
8.17,,,
6.19,,,
7.19,,,
5.73,,,
8.76,,,
5.32,,,
5.3,,,
7.11,,,
5.02,,,
6.39,,,
5.97,,,
6.57,,,
4.32,,,
6.8,,,
8.22,,,
8.05,,,
4.49,,,
9.47,,,
5.83,,,
5.38,,,
6.17,,,
4.63,,,
11.11,,,
8.69,,,
8.95,,,
17.17,,,
7.42,,,
7.77,,,
5.59,,,
6.23,,,
6.3,,,
6.9,,,
7.49,,,
7.22,,,
5.52,,,
5.45,,,
5.84,,,
7.42,,,
6.81,,,
5.39,,,
7.41,,,
7.4,,,
10.27,,,
10.11,,,
9.5,,,
7.28,,,
7.68,,,
5.34,,,
5.71,,,
7.26,,,
6.46,,,
5.43,,,
6.74,,,
5.27,,,
7.8,,,
5.55,,,
8.76,,,
20.74,,,
8.2,,,
7.86,,,
6.18,,,
6.19,,,
6.68,,,
6.32,,,
6.8,,,
5.56,,,
5.86,,,
6.82,,,
7.27,,,
10.11,,,
17.82,,,
6.81,,,
6.7,,,
5.45,,,
6.43,,,
6.81,,,
4.84,,,
7.34,,,
4.76,,,
4.31,,,
4.59,,,
4.68,,,
5.66,,,
7.67,,,
6.65,,,
7.42,,,
5.98,,,
5.86,,,
7.61,,,
5.79,,,
7.24,,,
5.52,,,
7.11,,,
5.98,,,
5.31,,,
7.15,,,
5.73,,,
6.46,,,
6.66,,,
4.89,,,
5.14,,,
8.49,,,
17.37,,,
8.77,,,
7.63,,,
4.76,,,
9.7,,,
8.29,,,
5.29,,,
7.43,,,
5.38,,,
5.89,,,
6.94,,,
4.66,,,
6.22,,,
6.88,,,
6.7,,,
5.95,,,
7.67,,,
6.79,,,
6.18,,,
6.05,,,
5.97,,,
7.47,,,
7.29,,,
7.49,,,
12.18,,,
5.98,,,
9.05,,,
21.11,,,
6.53,,,
5.05,,,
6.14,,,
9.69,,,
6.81,,,
11.72,,,
5.38,,,
8.52,,,
5.82,,,
4.46,,,
8.85,,,
8.46,,,
6.2,,,
8.11,,,
64.81,,,
17.82,,,
8.18,,,
8.56,,,
7.26,,,
9.36,,,
5.67,,,
6.24,,,
5.57,,,
5.42,,,
7.58,,,
7.9,,,
19.49,,,
20.49,,,
8.32,,,
7.84,,,
7.31,,,
4.68,,,
5.03,,,
4.91,,,
7.23,,,
5.85,,,
5.52,,,
6.93,,,
6.14,,,
6.18,,,
4.87,,,
5.83,,,
6.02,,,
8.18,,,
5.82,,,
6.02,,,
5.82,,,
5.72,,,
5.62,,,
7.65,,,
5.95,,,
6.16,,,
7.27,,,
8.05,,,
20.99,,,
5.74,,,
30.5,,,
10.27,,,
5.85,,,
5.67,,,
5.25,,,
5.41,,,
4.76,,,
5.12,,,
4.4,,,
4.59,,,
4.34,,,
5.39,,,
4.22,,,
4.78,,,
5.85,,,
8.53,,,
5.2,,,
4.49,,,
6.46,,,
6.52,,,
6.66,,,
5.59,,,
6.07,,,
5.87,,,
12.48,,,
9.54,,,
7.05,,,
6.46,,,
5.89,,,
5.53,,,
6.03,,,
7.24,,,
10.6,,,
20.83,,,
17.35,,,
6.49,,,
7.24,,,
4.94,,,
6.05,,,
5.17,,,
7.57,,,
5.01,,,
4.99,,,
8.27,,,
8.01,,,
5.22,,,
5.27,,,
6.88,,,
4.67,,,
6.29,,,
11.77,,,
4.4,,,
3.88,,,
4.55,,,
4.74,,,
4.92,,,
5.66,,,
4.45,,,
5.46,,,
5.67,,,
5.27,,,
6.83,,,
6.04,,,
5.44,,,
6.71,,,
6.88,,,
5.58,,,
6.41,,,
7.49,,,
5.55,,,
8.15,,,
5.82,,,
7.11,,,
5.16,,,
5.92,,,
5.26,,,
5.25,,,
5.8,,,
6.23,,,
7.78,,,
7.91,,,
5.17,,,
11.52,,,
6.6,,,
4.88,,,
6.96,,,
4.72,,,
16.08,,,
10.08,,,
10.44,,,
9.09,,,
8.16,,,
17.42,,,
27.44,,,
8.85,,,
8.35,,,
7.24,,,
5.34,,,
6.61,,,
6.93,,,
11,,,
7.81,,,
5.62,,,
6.36,,,
8.98,,,
5.11,,,
5.8,,,
6.26,,,
8.66,,,
7.71,,,
7.25,,,
7.74,,,
4.82,,,
8.37,,,
4.47,,,
4.12,,,
7.12,,,
5.33,,,
7.64,,,
8.68,,,
10.07,,,
6.3,,,
6.46,,,
10.87,,,
7.86,,,
6.85,,,
6.36,,,
6.01,,,
6.63,,,
6.6,,,
8.06,,,
7.2,,,
6.06,,,
6.68,,,
6.47,,,
5.57,,,
5.51,,,
5.73,,,
6.97,,,
7.93,,,
5.54,,,
5.28,,,
5.66,,,
5.07,,,
4.32,,,
8.9,,,
10,,,
5.58,,,
9.38,,,
7.14,,,
5.15,,,
6.32,,,
15.64,,,
5.92,,,
20.94,,,
6.16,,,
4.97,,,
6.45,,,
4.72,,,
5.14,,,
9.35,,,
7.36,,,
5.04,,,
5.44,,,
4.95,,,
4.74,,,
12.31,,,
5.75,,,
7.08,,,
5.3,,,
7.42,,,
5.1,,,
5.32,,,
5.2,,,
5.22,,,
6.61,,,
6.91,,,
7.79,,,
5.66,,,
4.9,,,
4.67,,,
4.49,,,
5.61,,,
7.33,,,
7.78,,,
9.33,,,
7.13,,,
5.3,,,
7.88,,,
11.81,,,
5.98,,,
6.72,,,
19.35,,,
6.75,,,
8.15,,,
18.14,,,
6.05,,,
5.14,,,
6.44,,,
6.52,,,
7.62,,,
6.87,,,
7.11,,,
18.98,,,
7.23,,,
5.24,,,
5.25,,,
6.88,,,
7.69,,,
8.41,,,
5.44,,,
6.08,,,
19.37,,,
5.98,,,
5.52,,,
12.54,,,
9.3,,,
5.34,,,
8.43,,,
6.32,,,
8.7,,,
6.78,,,
5.98,,,
4.79,,,
13.41,,,
20.51,,,
18.33,,,
16.38,,,
5.91,,,
7.75,,,
6.32,,,
6.84,,,
5.2,,,
7.09,,,
21.62,,,
6.47,,,
21.7,,,
6.36,,,
4.76,,,
4.92,,,
7.75,,,
4.94,,,
6.56,,,
6.26,,,
8.74,,,
18.81,,,
5.99,,,
6.34,,,
6.18,,,
5.91,,,
27.34,,,
5.88,,,
6.14,,,
4.88,,,
9.11,,,
5.66,,,
6.23,,,
19.8,,,
7.98,,,
40.82,,,
6.01,,,
11.96,,,
9,,,
7.63,,,
12.36,,,
20.7,,,
20.42,,,
4.54,,,
4.77,,,
6.41,,,
4.51,,,
6.18,,,
8.77,,,
8.33,,,
8.83,,,
5.51,,,
7.07,,,
8.21,,,
5.93,,,
6.2,,,
11.33,,,
7.65,,,
7.46,,,
5.88,,,
7.96,,,
17.85,,,
6.15,,,
7.64,,,
9.49,,,
9.61,,,
6.53,,,
7.14,,,
6.1,,,
7.37,,,
5.54,,,
7.98,,,
6.9,,,
5.81,,,
5.98,,,
5.15,,,
8.02,,,
6.48,,,
6.79,,,
6.81,,,
5.34,,,
7.47,,,
6.11,,,
6.6,,,
4.64,,,
7.42,,,
4.67,,,
4.83,,,
7.2,,,
6.68,,,
8.31,,,
5.24,,,
5.94,,,
6.44,,,
4.7,,,
5.22,,,
6.54,,,
7.38,,,
5.31,,,
7.46,,,
7.12,,,
9.93,,,
9.7,,,
9.88,,,
16.43,,,
5.47,,,
4.48,,,
4.59,,,
6.1,,,
4.96,,,
7.43,,,
6.93,,,
7.56,,,
6.8,,,
6.45,,,
5.52,,,
7.59,,,
5.59,,,
11.37,,,
6.54,,,
6.83,,,
6.77,,,
4.34,,,
7.53,,,
6.71,,,
7.54,,,
5.09,,,
5.18,,,
5.58,,,
7.2,,,
5.22,,,
5.01,,,
5.86,,,
5.29,,,
12.14,,,
6.46,,,
7.19,,,
7.57,,,
7.45,,,
6.04,,,
4.81,,,
13.66,,,
14.26,,,
4.42,,,
12.52,,,
5.69,,,
12.84,,,
8.98,,,
4.93,,,
6.41,,,
5.05,,,
6.11,,,
6.85,,,
4.87,,,
5.62,,,
11.55,,,
9.35,,,
6.49,,,
7.51,,,
5.34,,,
17.51,,,
7.88,,,
7.57,,,
11.02,,,
8.89,,,
6.82,,,
9,,,
6.8,,,
7.93,,,
5.99,,,
9.23,,,
8.59,,,
17.03,,,
14.24,,,
14.51,,,
5.62,,,
14.58,,,
6.85,,,
5.63,,,
6.23,,,
6.38,,,
10.67,,,
5.53,,,
5.69,,,
8.2,,,
5.58,,,
7.45,,,
5.76,,,
6.41,,,
6.44,,,
4.86,,,
9.54,,,
10.09,,,
5.91,,,
6.92,,,
6.06,,,
6.69,,,
7.06,,,
18.57,,,
18.79,,,
9.31,,,
5.58,,,
4.89,,,
6.8,,,
5.6,,,
3.91,,,
6.44,,,
7,,,
6.11,,,
15.07,,,
6.15,,,
6.86,,,
6.98,,,
5.39,,,
9.27,,,
11.4,,,
6.51,,,
19.81,,,
5.46,,,
5.43,,,
9.04,,,
6.24,,,
10.55,,,
5.12,,,
5.81,,,
5.83,,,
7.83,,,
9.1,,,
13.14,,,
4.93,,,
5.18,,,
6.2,,,
6.05,,,
8.69,,,
6.3,,,
7.24,,,
6.79,,,
8.28,,,
7.49,,,
5.4,,,
8.61,,,
5.42,,,
7.22,,,
6.76,,,
5.87,,,
7.52,,,
8.59,,,
5.03,,,
6.23,,,
22.88,,,
5.27,,,
9.04,,,
6.69,,,
6.97,,,
7.86,,,
5.27,,,
5.27,,,
6.49,,,
6.42,,,
5.99,,,
9.02,,,
9.99,,,
11.11,,,
8.12,,,
9.67,,,
20.39,,,
5.7,,,
4.78,,,
7.43,,,
7.71,,,
6.19,,,
6.46,,,
5.61,,,
8.03,,,
63.63,,,
6.62,,,
8.29,,,
8.32,,,
9.49,,,
6.67,,,
5.91,,,
23.42,,,
4.99,,,
5.55,,,
6.28,,,
5.1,,,
5.39,,,
6.98,,,
5.26,,,
6.48,,,
7.51,,,
9.01,,,
6.01,,,
7.15,,,
5.21,,,
6.3,,,
5.71,,,
10.97,,,
12.14,,,
8.95,,,
19.66,,,
5.49,,,
6.52,,,
5.69,,,
7.95,,,
5.66,,,
6.73,,,
5.78,,,
4.82,,,
7.13,,,
6.44,,,
9.11,,,
5.85,,,
5.07,,,
7.2,,,
5.97,,,
5.46,,,
6.03,,,
5.02,,,
5.19,,,
5.17,,,
8.73,,,
8.04,,,
6.79,,,
4.95,,,
7.06,,,
6.89,,,
7.06,,,
7.5,,,
7.34,,,
5.74,,,
5.77,,,
5.92,,,
9.44,,,
7.15,,,
7.3,,,
5.03,,,
4.84,,,
4.6,,,
4.8,,,
4.81,,,
4.42,,,
4.94,,,
4.54,,,
5.7,,,
5.65,,,
5.86,,,
5.56,,,
5.46,,,
9.78,,,
7.47,,,
4.69,,,
4.97,,,
4.78,,,
5.13,,,
5.11,,,
8.32,,,
10.33,,,
7.01,,,
5,,,
5.07,,,
7.41,,,
9.26,,,
6.22,,,
9.35,,,
8.04,,,
4.91,,,
5.54,,,
7.71,,,
6.54,,,
5.7,,,
5.36,,,
5.49,,,
10.21,,,
6.62,,,
10.41,,,
5.03,,,
5.09,,,
10.82,,,
4.75,,,
4.45,,,
4.7,,,
5.2,,,
5.05,,,
9.21,,,
8.53,,,
4.86,,,
6.8,,,
5.98,,,
7.09,,,
4.96,,,
6.49,,,
6.19,,,
9.46,,,
5.51,,,
6.54,,,
8.41,,,
8.65,,,
6.99,,,
5.12,,,
9.32,,,
21.65,,,
6.86,,,
16.3,,,
9,,,
5.61,,,
5.25,,,
5.25,,,
15.53,,,
4.93,,,
5.17,,,
5.32,,,
15.21,,,
4.42,,,
4.38,,,
6.74,,,
6.19,,,
5.9,,,
5.2,,,
5.31,,,
5.19,,,
7.8,,,
5.6,,,
6.77,,,
4.6,,,
5.53,,,
7.6,,,
5.96,,,
6.93,,,
8.1,,,
5.86,,,
4.78,,,
8.99,,,
5.19,,,
5.64,,,
11.06,,,
6.3,,,
9.02,,,
5.47,,,
5.45,,,
8.55,,,
6.37,,,
7.45,,,
5.01,,,
34.92,,,
6.52,,,
7.04,,,
7.25,,,
6.1,,,
9.79,,,
9.6,,,
5.6,,,
6.5,,,
8.68,,,
6.76,,,
5.68,,,
6.92,,,
11.81,,,
5.68,,,
5.69,,,
24.14,,,
20.04,,,
8.94,,,
5.72,,,
4.97,,,
5.74,,,
6.16,,,
6.92,,,
6.11,,,
20.52,,,
6.56,,,
6.38,,,
8.41,,,
7.19,,,
8.43,,,
7.32,,,
6.23,,,
6.59,,,
8.38,,,
16.22,,,
11.39,,,
6.3,,,
16.43,,,
6.72,,,
5.15,,,
18.2,,,
12.83,,,
7.67,,,
7.84,,,
7.9,,,
6.57,,,
6.12,,,
5.86,,,
11.05,,,
6.11,,,
7.79,,,
9.49,,,
8.95,,,
7.75,,,
6.57,,,
4.41,,,
5.72,,,
5.46,,,
6.38,,,
7.06,,,
7.03,,,
5.76,,,
9.18,,,
5.92,,,
6.35,,,
6.38,,,
6.02,,,
5.3,,,
5.91,,,
6.43,,,
4.74,,,
7.36,,,
5.57,,,
5.55,,,
6.88,,,
6.29,,,
9.49,,,
8.25,,,
5.66,,,
7.41,,,
8.82,,,
6.73,,,
5.99,,,
8.65,,,
5.67,,,
5.18,,,
19.17,,,
5.04,,,
6.61,,,
4.74,,,
7.27,,,
9.14,,,
5.42,,,
7.52,,,
6.31,,,
10.26,,,
7.7,,,
6.16,,,
6.06,,,
6.76,,,
5.41,,,
4.91,,,
7.79,,,
7.45,,,
6.45,,,
7.05,,,
7.79,,,
14.78,,,
8.17,,,
24.11,,,
6.45,,,
5.41,,,
21.55,,,
7.06,,,
6.02,,,
9.57,,,
6.27,,,
7.37,,,
6.72,,,
4.93,,,
4.73,,,
7.2,,,
7.08,,,
4.7,,,
7.43,,,
8.91,,,
6.99,,,
5.95,,,
6.76,,,
5.83,,,
7.33,,,
6.46,,,
9.07,,,
5.2,,,
6.01,,,
18.3,,,
7.54,,,
6.49,,,
5.12,,,
5.99,,,
5.08,,,
5.02,,,
7.01,,,
6.16,,,
6.6,,,
6.74,,,
34.17,,,
11.88,,,
7.09,,,
5.23,,,
6.49,,,
6.15,,,
5.11,,,
4.7,,,
5.73,,,
8.74,,,
9.42,,,
6.36,,,
5.94,,,
7.19,,,
7.05,,,
16.04,,,
6.13,,,
5.54,,,
21.8,,,
6.78,,,
9.48,,,
4.93,,,
5.23,,,
5.65,,,
5.34,,,
8.02,,,
5.13,,,
5.18,,,
5.12,,,
7,,,
5.13,,,
6.03,,,
5.76,,,
7.47,,,
6.01,,,
7.74,,,
8.86,,,
4.42,,,
6.43,,,
7.27,,,
3.87,,,
8.66,,,
6.73,,,
7.21,,,
8.01,,,
7.62,,,
9.44,,,
5.9,,,
5.24,,,
7.37,,,
9.2,,,
8.26,,,
8.56,,,
6.74,,,
5.81,,,
7.98,,,
4.66,,,
6.73,,,
7.16,,,
6.42,,,
8.36,,,
9.33,,,
7.73,,,
5.54,,,
7.53,,,
6.47,,,
7.29,,,
8,,,
10.17,,,
9.43,,,
5.19,,,
6.2,,,
7.68,,,
5.6,,,
5.06,,,
7.34,,,
6.94,,,
6.43,,,
9.45,,,
6.31,,,
8.82,,,
6.28,,,
8.43,,,
5.96,,,
6.88,,,
9.43,,,
10.18,,,
7.15,,,
7.46,,,
6.1,,,
7.11,,,
7.57,,,
8.44,,,
10.25,,,
11.33,,,
12.91,,,
9.54,,,
9.85,,,
5.57,,,
10.76,,,
8.69,,,
7.2,,,
5.52,,,
8.99,,,
17.01,,,
9.64,,,
5.98,,,
5.09,,,
10.65,,,
7.24,,,
5.81,,,
6.39,,,
9.82,,,
8.56,,,
10.21,,,
17.05,,,
10.61,,,
7.1,,,
5.67,,,
5.91,,,
6.75,,,
6.11,,,
6.33,,,
9.18,,,
5.97,,,
6.67,,,
7.94,,,
9.89,,,
18.14,,,
8.78,,,
6.77,,,
8.69,,,
5.77,,,
9.88,,,
8.39,,,
10.13,,,
6.96,,,
7.35,,,
7.99,,,
8.03,,,
7.67,,,
7.57,,,
12.93,,,
6.97,,,
10.37,,,
8.83,,,
7.11,,,
5.84,,,
7.38,,,
8.9,,,
8.98,,,
10.54,,,
7.8,,,
8.68,,,
5.35,,,
11.5,,,
8.34,,,
13.23,,,
12.89,,,
7.5,,,
6.35,,,
7.11,,,
6.99,,,
8.63,,,
11.98,,,
9.18,,,
5.01,,,
8.69,,,
6.99,,,
6.19,,,
9.2,,,
7.52,,,
7.77,,,
4.99,,,
12.65,,,
14.34,,,
8.69,,,
8.09,,,
11.98,,,
6.47,,,
7.9,,,
8.05,,,
9.2,,,
7.17,,,
6.58,,,
8.09,,,
9.13,,,
9.64,,,
7.68,,,
7.15,,,
5.71,,,
8.67,,,
6.99,,,
5.28,,,
6.59,,,
7.1,,,
8.42,,,
5.56,,,
62.92,,,
11.35,,,
8.6,,,
8.12,,,
7.43,,,
5.74,,,
9.61,,,
6.56,,,
7.26,,,
8.76,,,
7.74,,,
6.33,,,
6.24,,,
9.57,,,
8.38,,,
5.74,,,
8.32,,,
13.7,,,
5.38,,,
7.64,,,
6.56,,,
8.72,,,
6.64,,,
9.72,,,
6.26,,,
10.02,,,
12.72,,,
7.8,,,
6.76,,,
6.02,,,
6.56,,,
7.16,,,
8.42,,,
12.12,,,
6.32,,,
7.46,,,
7.99,,,
6.14,,,
6.01,,,
6.91,,,
7.03,,,
5.75,,,
6.47,,,
6.63,,,
7.56,,,
7.06,,,
6.62,,,
7.9,,,
8.68,,,
7.32,,,
6.67,,,
5.66,,,
5.64,,,
9.6,,,
7.95,,,
7.89,,,
6.99,,,
6.31,,,
5.9,,,
6.72,,,
6.62,,,
5.25,,,
10.98,,,
10.54,,,
6.32,,,
5.77,,,
7.77,,,
7.51,,,
6.08,,,
7.66,,,
6.84,,,
5.91,,,
5.98,,,
6.22,,,
6.54,,,
6.03,,,
6.93,,,
5.68,,,
7.43,,,
5.59,,,
7.89,,,
6.91,,,
8.43,,,
5.83,,,
7.71,,,
5.81,,,
9.66,,,
8.48,,,
10.63,,,
9.07,,,
12.67,,,
10.57,,,
5.49,,,
6.44,,,
6.21,,,
7.12,,,
7.39,,,
6.6,,,
6.04,,,
5.41,,,
6.49,,,
9.77,,,
6.13,,,
9.01,,,
9.01,,,
6.43,,,
6.99,,,
5.24,,,
5.13,,,
7.37,,,
8.94,,,
10.8,,,
7.85,,,
8.73,,,
6.37,,,
5.1,,,
5.85,,,
9.82,,,
6.26,,,
5.88,,,
9.75,,,
5.71,,,
9.03,,,
5.68,,,
8.63,,,
9.95,,,
9.11,,,
13.74,,,
8.71,,,
6.32,,,
6.93,,,
5.89,,,
7.69,,,
7.29,,,
12.8,,,
7.2,,,
5.46,,,
6.14,,,
11.27,,,
8.9,,,
5.98,,,
11.58,,,
5.84,,,
9.83,,,
9.52,,,
5.59,,,
10.14,,,
6.39,,,
7.24,,,
12.38,,,
6.69,,,
10.37,,,
22.58,,,
9.78,,,
5.34,,,
6.5,,,
7.71,,,
9.12,,,
7.5,,,
8.48,,,
11.53,,,
5.6,,,
10.95,,,
9.58,,,
9.17,,,
5.75,,,
6.69,,,
6.82,,,
6.03,,,
5.2,,,
19.36,,,
11.5,,,
8.09,,,
9.66,,,
8.24,,,
5.63,,,
4.65,,,
60.2,,,
8.79,,,
5.97,,,
7.26,,,
11.11,,,
9.44,,,
7.07,,,
8.35,,,
7.26,,,
5.55,,,
8.78,,,
7.22,,,
6.12,,,
4.99,,,
8.14,,,
6.42,,,
8.87,,,
5.49,,,
6.84,,,
12.28,,,
6.12,,,
6.34,,,
6.02,,,
5.61,,,
8.32,,,
6.8,,,
8.21,,,
8.29,,,
6,,,
5.21,,,
6.18,,,
6.39,,,
6.46,,,
7.57,,,
16.61,,,
9.22,,,
10.67,,,
6.32,,,
9.33,,,
6.6,,,
15.71,,,
7.38,,,
5.77,,,
5.52,,,
5.65,,,
6.25,,,
9.19,,,
13.07,,,
7.57,,,
6.41,,,
6.56,,,
6.56,,,
7.2,,,
8.48,,,
12.9,,,
6.11,,,
10.72,,,
6.96,,,
6.71,,,
6.52,,,
8.96,,,
7.54,,,
9.87,,,
7.68,,,
10.86,,,
64.45,,,
6.28,,,
12.16,,,
12.43,,,
4.77,,,
6.58,,,
6.45,,,
6.21,,,
6.67,,,
6.4,,,
12.74,,,
7.54,,,
6.52,,,
10.86,,,
8.73,,,
8.8,,,
19.05,,,
7.51,,,
10.39,,,
10.13,,,
5.4,,,
7.4,,,
7.63,,,
7.21,,,
7.41,,,
8.79,,,
6.95,,,
6.18,,,
11.8,,,
7.25,,,
5.98,,,
7.33,,,
10.54,,,
7.55,,,
7.96,,,
18.23,,,
5.92,,,
6.59,,,
6.31,,,
7.63,,,
12.92,,,
7.65,,,
5.47,,,
11.34,,,
8.7,,,
9.34,,,
12.88,,,
5.68,,,
9.18,,,
8.54,,,
12.1,,,
8.37,,,
7.5,,,
7.42,,,
5.69,,,
6.54,,,
6.21,,,
7.02,,,
6.25,,,
6.55,,,
7.8,,,
5.58,,,
6.32,,,
7.38,,,
7.54,,,
5.97,,,
6.44,,,
9.78,,,
8.45,,,
7.96,,,
14.29,,,
6.03,,,
7.53,,,
6.13,,,
8.55,,,
6.3,,,
6.04,,,
6.83,,,
6.42,,,
10.39,,,
9.82,,,
4.92,,,
10.88,,,
8.04,,,
5.92,,,
5.68,,,
6.88,,,
10.62,,,
8.38,,,
8.5,,,
10.01,,,
7.44,,,
8.78,,,
6.49,,,
8.7,,,
7.78,,,
7.15,,,
14.23,,,
6.76,,,
7.85,,,
6.1,,,
6.49,,,
6.93,,,
8.74,,,
7.86,,,
7.77,,,
7.06,,,
10.24,,,
5.96,,,
6.21,,,
10.35,,,
6.06,,,
8.49,,,
7.07,,,
6.35,,,
7.94,,,
6.42,,,
7.71,,,
7.63,,,
8.91,,,
6.58,,,
6.44,,,
8.68,,,
5.79,,,
6.02,,,
7.47,,,
6.03,,,
4.78,,,
7.15,,,
6.91,,,
5.12,,,
7.36,,,
8.47,,,
6.75,,,
8.02,,,
11.1,,,
8.35,,,
8.35,,,
6.19,,,
6.41,,,
6.1,,,
5.37,,,
9.09,,,
6.33,,,
7.55,,,
7.36,,,
8.17,,,
6.69,,,
5.07,,,
43.88,,,
7.76,,,
11.52,,,
7.77,,,
8.04,,,
8.51,,,
7.56,,,
7.57,,,
9.86,,,
11.01,,,
6.36,,,
8.97,,,
9.27,,,
6.95,,,
7.3,,,
8.04,,,
7.37,,,
8.49,,,
7.64,,,
15.61,,,
5.54,,,
10.41,,,
14.71,,,
6.26,,,
6.16,,,
9.69,,,
6.01,,,
6.82,,,
8.32,,,
9.55,,,
5.65,,,
79.89,,,
9.28,,,
11.63,,,
7.43,,,
5.87,,,
26.56,,,
5.06,,,
6.22,,,
8.79,,,
6.77,,,
7.84,,,
7.11,,,
6.08,,,
6.76,,,
6.86,,,
6.39,,,
7.93,,,
6.72,,,
7.33,,,
6.22,,,
6.37,,,
8.28,,,
6.59,,,
5.92,,,
10.6,,,
10.39,,,
6.81,,,
6.42,,,
5.75,,,
7.5,,,
7.4,,,
6.92,,,
7,,,
9.03,,,
7.01,,,
7.16,,,
6.22,,,
6.41,,,
6.69,,,
10.38,,,
18.34,,,
10.47,,,
6.43,,,
8.06,,,
6.99,,,
11.53,,,
8.83,,,
8.65,,,
7.82,,,
15.69,,,
6.61,,,
11.73,,,
10.91,,,
29.58,,,
6.53,,,
8.41,,,
15.91,,,
14.7,,,
8.37,,,
20.78,,,
11.52,,,
14.8,,,
18.26,,,
9.32,,,
10.9,,,
6.5,,,
6.88,,,
14.78,,,
5.6,,,
10.89,,,
18.13,,,
6.96,,,
10.39,,,
6.5,,,
30.58,,,
17.03,,,
12.8,,,
7.09,,,
19.34,,,
12.9,,,
18.73,,,
14.64,,,
7.85,,,
7.25,,,
8.64,,,
5.65,,,
8.83,,,
5.81,,,
17.68,,,
6.21,,,
9.22,,,
12.01,,,
11.18,,,
22.79,,,
17.29,,,
13.85,,,
11.16,,,
11.61,,,
6.96,,,
9.43,,,
8.3,,,
10.38,,,
16.23,,,
11.61,,,
8.93,,,
7.56,,,
6.58,,,
7.96,,,
12.38,,,
12.27,,,
12.51,,,
12.33,,,
12.51,,,
8.16,,,
10.35,,,
14.11,,,
9.45,,,
10.78,,,
9.18,,,
6.67,,,
6.53,,,
9.45,,,
10.61,,,
6.59,,,
7.73,,,
6.98,,,
9.43,,,
12.67,,,
8.03,,,
5.94,,,
8.6,,,
9.38,,,
7.64,,,
8.88,,,
9.47,,,
6.99,,,
6.62,,,
14.97,,,
8.11,,,
9.41,,,
5.5,,,
7.17,,,
5.74,,,
9.02,,,
6.88,,,
9.86,,,
5.64,,,
6.46,,,
7.92,,,
46.54,,,
7.76,,,
5.42,,,
7.41,,,
5.16,,,
6.97,,,
9.86,,,
8.86,,,
8.08,,,
7.04,,,
7.95,,,
6.37,,,
9.01,,,
8.74,,,
7.95,,,
8.07,,,
15.89,,,
7.99,,,
8.85,,,
6.53,,,
7.11,,,
6.87,,,
6.69,,,
8.35,,,
6.1,,,
7.94,,,
5.58,,,
7.08,,,
8.79,,,
7.78,,,
6.83,,,
6.89,,,
5.94,,,
7.25,,,
8.99,,,
15.74,,,
9.86,,,
9.7,,,
10.66,,,
6.09,,,
9.78,,,
7.63,,,
9.05,,,
7.36,,,
6.26,,,
6.85,,,
7.93,,,
6.56,,,
8.52,,,
4.98,,,
10.03,,,
7.16,,,
6.03,,,
13.65,,,
6.87,,,
9.91,,,
9.39,,,
7.67,,,
5.78,,,
8.89,,,
6.22,,,
6.87,,,
9.73,,,
10.08,,,
7.79,,,
6.95,,,
9.08,,,
7.81,,,
10.4,,,
8.28,,,
8.01,,,
7.26,,,
8.61,,,
8.08,,,
6.77,,,
9.5,,,
7.34,,,
7.55,,,
9.27,,,
9,,,
7.64,,,
5.01,,,
7.78,,,
21.35,,,
8.98,,,
8.1,,,
8.79,,,
11.09,,,
10.83,,,
7.48,,,
6.17,,,
7.16,,,
6.46,,,
7.01,,,
6.07,,,
9.05,,,
7.94,,,
7.95,,,
7.25,,,
10,,,
7.54,,,
12.28,,,
9,,,
16.15,,,
6.15,,,
10.73,,,
7.24,,,
7.18,,,
9.52,,,
5.92,,,
7.86,,,
10.45,,,
6.75,,,
6.56,,,
9.38,,,
7.16,,,
7.21,,,
6.58,,,
9.86,,,
9.12,,,
6.59,,,
6.1,,,
9.19,,,
7.29,,,
7.45,,,
6.57,,,
6.22,,,
6.63,,,
7.38,,,
5.64,,,
6.94,,,
5.53,,,
7.55,,,
13.1,,,
8.37,,,
9.9,,,
6.68,,,
7.79,,,
5.77,,,
8.61,,,
6.17,,,
9.28,,,
6.73,,,
7.26,,,
27.79,,,
8.79,,,
6.49,,,
9.69,,,
10.8,,,
7.41,,,
7.26,,,
6.77,,,
5.68,,,
6.87,,,
7.07,,,
10.13,,,
7.16,,,
11.74,,,
5.89,,,
7.1,,,
10.4,,,
7.56,,,
5.73,,,
10.69,,,
7,,,
6.8,,,
5.54,,,
8.62,,,
14.6,,,
6.69,,,
6.92,,,
8.14,,,
7.02,,,
8.18,,,
8.59,,,
10.26,,,
6.68,,,
6.62,,,
6.54,,,
6.41,,,
5.85,,,
6.48,,,
26.98,,,
6.73,,,
8.51,,,
7.46,,,
18.9,,,
5.4,,,
9.21,,,
10.1,,,
8.15,,,
6.4,,,
9.66,,,
6.44,,,
10.82,,,
5.5,,,
11.41,,,
5.55,,,
7.82,,,
6.79,,,
6.85,,,
8.02,,,
6.61,,,
9.49,,,
5.12,,,
7.72,,,
6.58,,,
9.26,,,
8.77,,,
8.07,,,
7.58,,,
13.56,,,
8.26,,,
7.64,,,
6.72,,,
8.57,,,
7.77,,,
5.28,,,
6.74,,,
7.46,,,
6.87,,,
6.65,,,
8.24,,,
6.24,,,
7.95,,,
13.47,,,
5.46,,,
8.43,,,
11.46,,,
8.42,,,
7.43,,,
7.37,,,
7.26,,,
9.82,,,
5.65,,,
6.01,,,
7.37,,,
6.99,,,
5.34,,,
9.12,,,
14.57,,,
6.18,,,
5.16,,,
8.67,,,
5.55,,,
6.39,,,
6.31,,,
5.27,,,
7.93,,,
10.4,,,
6.53,,,
9.12,,,
6.97,,,
5.43,,,
9.13,,,
6.27,,,
8.02,,,
6.71,,,
11.25,,,
12.29,,,
7.37,,,
7.61,,,
8.09,,,
7.23,,,
8.02,,,
9.03,,,
7.73,,,
10.29,,,
6.02,,,
6.37,,,
7.32,,,
4.52,,,
6.74,,,
7.18,,,
8.56,,,
6.08,,,
7.89,,,
7.64,,,
6.39,,,
6.32,,,
7.63,,,
9.49,,,
6.46,,,
6.48,,,
4.82,,,
8.61,,,
9.52,,,
5.26,,,
7.75,,,
5.24,,,
8.92,,,
7.92,,,
6.87,,,
10.9,,,
6.63,,,
7.27,,,
10.16,,,
8.16,,,
8.07,,,
7.46,,,
5.84,,,
6.84,,,
6.57,,,
8.67,,,
6.57,,,
6.36,,,
6.84,,,
8.93,,,
31.71,,,
15.76,,,
7.19,,,
9.04,,,
7.65,,,
7.33,,,
9.34,,,
10.36,,,
6.11,,,
6.33,,,
6.95,,,
6.15,,,
7.77,,,
6.29,,,
4.88,,,
6.72,,,
6.29,,,
8.06,,,
5.73,,,
8.06,,,
6.26,,,
5.29,,,
6.67,,,
7.43,,,
6.81,,,
6.75,,,
7.47,,,
6.3,,,
6.3,,,
6.48,,,
9.66,,,
8.61,,,
7.43,,,
8.93,,,
5.18,,,
8.99,,,
22.97,,,
6.06,,,
7.31,,,
6.74,,,
9.68,,,
9.18,,,
5.61,,,
10.06,,,
7.17,,,
14.82,,,
9.37,,,
6.3,,,
6.35,,,
6.49,,,
13.23,,,
7.23,,,
7.88,,,
7.41,,,
8.91,,,
5.85,,,
7.06,,,
7.97,,,
8.7,,,
6.73,,,
11.28,,,
6.7,,,
7.19,,,
7.51,,,
12.57,,,
11.66,,,
7.5,,,
8.05,,,
7.5,,,
7.75,,,
9.16,,,
6.34,,,
9.42,,,
6.42,,,
10.61,,,
8.83,,,
7.39,,,
13.08,,,
9.71,,,
7.72,,,
6.34,,,
7.4,,,
5.79,,,
8.46,,,
6.02,,,
6.15,,,
6.43,,,
7.29,,,
7.13,,,
6.09,,,
9.08,,,
5.27,,,
8.64,,,
5.85,,,
5.15,,,
6.73,,,
8.93,,,
6.54,,,
10.07,,,
6.98,,,
6.04,,,
10.39,,,
6.03,,,
6.14,,,
7.53,,,
6.77,,,
5.94,,,
6.87,,,
7.81,,,
6.37,,,
21.77,,,
12.93,,,
7.29,,,
12.4,,,
7.72,,,
9.95,,,
7.75,,,
9.69,,,
10.68,,,
10.05,,,
6.01,,,
8.22,,,
7.83,,,
5.3,,,
7.98,,,
7.03,,,
9.29,,,
8.62,,,
7.14,,,
6.09,,,
11.33,,,
8.46,,,
6.67,,,
7.14,,,
22.6,,,
5.07,,,
4.84,,,
7.77,,,
6.64,,,
8.14,,,
10.8,,,
5.3,,,
8.3,,,
8.06,,,
7.51,,,
7.45,,,
7.34,,,
7.26,,,
8.38,,,
9.33,,,
5.7,,,
4.66,,,
11.18,,,
17.77,,,
10.98,,,
13.8,,,
9.74,,,
5.83,,,
13.85,,,
12.72,,,
10.29,,,
7.19,,,
9.47,,,
6.47,,,
6.21,,,
4.89,,,
6.67,,,
10.69,,,
6.37,,,
10.41,,,
6.41,,,
6.95,,,
6.69,,,
7.06,,,
5.28,,,
6.84,,,
5.34,,,
6.55,,,
6.12,,,
6.24,,,
6.48,,,
6.45,,,
7.02,,,
5.22,,,
6.41,,,
9.22,,,
5.75,,,
9.79,,,
10.02,,,
10.15,,,
6.83,,,
12.67,,,
8.84,,,
8.4,,,
7.5,,,
9.83,,,
15.36,,,
10.08,,,
13.68,,,
7.43,,,
11.7,,,
6.28,,,
7.51,,,
7.16,,,
16.64,,,
6.99,,,
7.19,,,
7.18,,,
6.89,,,
11.21,,,
6.98,,,
15.89,,,
9.78,,,
5.77,,,
7.35,,,
6.45,,,
5.88,,,
10.65,,,
9.01,,,
8.21,,,
5,,,
7.29,,,
7,,,
6.95,,,
7.44,,,
5.32,,,
7.18,,,
6.78,,,
6.18,,,
6.21,,,
8.44,,,
8.09,,,
10.36,,,
8.05,,,
6.83,,,
5.9,,,
9.37,,,
5.25,,,
5.63,,,
7.26,,,
7.39,,,
7.05,,,
8.12,,,
7.13,,,
9.63,,,
7.14,,,
8.43,,,
6.66,,,
9.9,,,
6.67,,,
5.71,,,
13.9,,,
7.05,,,
6.17,,,
6.73,,,
8.37,,,
5.65,,,
7.37,,,
7.91,,,
6.53,,,
5.97,,,
8,,,
7.59,,,
14.92,,,
8.27,,,
8.52,,,
8.52,,,
5.41,,,
8.08,,,
9.16,,,
7.66,,,
16.93,,,
9.03,,,
9.35,,,
9.68,,,
11.92,,,
6.4,,,
10.47,,,
10.87,,,
7.55,,,
6.01,,,
6.61,,,
6.75,,,
6.15,,,
11.04,,,
8.81,,,
9.43,,,
13.97,,,
7.87,,,
8.44,,,
11.31,,,
6.91,,,
7.12,,,
6.61,,,
6.58,,,
7.91,,,
8.69,,,
7.86,,,
6.26,,,
6.86,,,
4.85,,,
6.69,,,
8.02,,,
8.28,,,
8.98,,,
6.24,,,
6.23,,,
7.28,,,
12.99,,,
12.26,,,
6.44,,,
16.08,,,
12.28,,,
8.24,,,
8.31,,,
9.24,,,
6.01,,,
6.24,,,
5.49,,,
10.74,,,
6.77,,,
9.63,,,
7.63,,,
6.56,,,
7.46,,,
8.46,,,
6.89,,,
6.05,,,
7.58,,,
7.91,,,
7.39,,,
10.52,,,
6.01,,,
7.72,,,
8.21,,,
5.07,,,
6.07,,,
9.68,,,
12.73,,,
12.19,,,
6.57,,,
9.37,,,
7.69,,,
6.57,,,
6.4,,,
11.11,,,
7.32,,,
8.6,,,
6.19,,,
8.87,,,
8.6,,,
7.64,,,
5.91,,,
7.21,,,
6.45,,,
10.16,,,
7.2,,,
5.99,,,
6.29,,,
5.59,,,
6.38,,,
5.15,,,
6.47,,,
9.22,,,
9.04,,,
4.74,,,
18.14,,,
5.37,,,
5.87,,,
6.63,,,
10.29,,,
7.62,,,
11.05,,,
7.66,,,
8.76,,,
7.83,,,
6.95,,,
8.81,,,
6.72,,,
6.9,,,
6.46,,,
8.09,,,
5.28,,,
6.39,,,
7.1,,,
7.73,,,
7.99,,,
5.29,,,
5.94,,,
8.92,,,
5.93,,,
7.5,,,
10.13,,,
9.38,,,
8.22,,,
4.56,,,
8.1,,,
8.72,,,
6.21,,,
6.73,,,
8.16,,,
6.03,,,
14.11,,,
7.59,,,
6.83,,,
6.29,,,
7.67,,,
10.27,,,
8.68,,,
5.82,,,
7.74,,,
6.5,,,
6.43,,,
12.8,,,
9.09,,,
14.1,,,
7.27,,,
6.73,,,
11.32,,,
8.89,,,
5.53,,,
8.53,,,
6.59,,,
7.69,,,
5.17,,,
8.17,,,
5.48,,,
6.4,,,
5.39,,,
6.59,,,
16.97,,,
9.31,,,
10.63,,,
9.48,,,
12.31,,,
6.5,,,
7.22,,,
7.97,,,
12.56,,,
4.78,,,
6.76,,,
6.01,,,
9.29,,,
10.03,,,
6.98,,,
7.86,,,
5.13,,,
5.73,,,
6.51,,,
6.43,,,
6.72,,,
12.53,,,
5.05,,,
6.87,,,
5.91,,,
4.64,,,
4.71,,,
6.39,,,
7.15,,,
5.02,,,
6.1,,,
5.49,,,
12.16,,,
8.83,,,
6.96,,,
10.64,,,
10.5,,,
23.6,,,
64.94,,,
7.24,,,
5.08,,,
7.68,,,
8.5,,,
11.46,,,
11.55,,,
7.83,,,
10.06,,,
5.46,,,
8.19,,,
7,,,
8.1,,,
8.04,,,
6.48,,,
18.12,,,
8.74,,,
7.52,,,
15.78,,,
6.4,,,
9.26,,,
10.61,,,
14.04,,,
5.15,,,
12.68,,,
7.33,,,
8.38,,,
7.88,,,
6.55,,,
7.59,,,
6.03,,,
9.77,,,
8.06,,,
6.83,,,
7.53,,,
6.81,,,
9.26,,,
7.15,,,
8.72,,,
8.48,,,
8.34,,,
6.88,,,
9.36,,,
7.59,,,
6.21,,,
8.23,,,
4.53,,,
5.37,,,
5.57,,,
6.29,,,
6.72,,,
5.39,,,
7.03,,,
7.01,,,
5.86,,,
9.98,,,
4.65,,,
6.9,,,
6.79,,,
10.41,,,
7.81,,,
5.39,,,
6.37,,,
7.11,,,
8.49,,,
5.82,,,
7.75,,,
7.32,,,
6.25,,,
309.04,,,
7.05,,,
5.89,,,
9.1,,,
4.66,,,
7.09,,,
5.99,,,
7.72,,,
17.63,,,
7.32,,,
9.3,,,
13.79,,,
8.47,,,
8.68,,,
7.35,,,
9.95,,,
10.65,,,
6.04,,,
12.17,,,
8.58,,,
11.16,,,
6,,,
15.8,,,
10.89,,,
9.45,,,
7.09,,,
5.33,,,
9.89,,,
7.51,,,
6.96,,,
6.45,,,
5.74,,,
9.74,,,
5.46,,,
6.76,,,
7.31,,,
6.42,,,
8.84,,,
7.69,,,
8.12,,,
9,,,
7.97,,,
6.41,,,
6.19,,,
8,,,
6.48,,,
5.24,,,
10.25,,,
5.21,,,
6.03,,,
6.46,,,
6.99,,,
5.51,,,
5.86,,,
5.4,,,
10.17,,,
7.02,,,
8.29,,,
9.1,,,
7.42,,,
6.36,,,
30.96,,,
6.75,,,
9.94,,,
6.6,,,
16.14,,,
12.48,,,
9.11,,,
13.88,,,
10.55,,,
7.96,,,
7.15,,,
9.43,,,
8.91,,,
6.67,,,
9.53,,,
8.94,,,
6.22,,,
5.96,,,
7,,,
9.64,,,
6.66,,,
8.36,,,
6.03,,,
9.91,,,
7.12,,,
7.56,,,
9.95,,,
7.29,,,
6.67,,,
8.44,,,
7.72,,,
7.33,,,
6.71,,,
8.87,,,
8.87,,,
11.59,,,
5.92,,,
6.72,,,
9.68,,,
6.19,,,
7.13,,,
8.24,,,
7.6,,,
6.75,,,
9.65,,,
10.03,,,
10.52,,,
7.17,,,
7.03,,,
6.77,,,
9.46,,,
5.68,,,
6.79,,,
5.93,,,
6.02,,,
6.9,,,
6.77,,,
8,,,
10.25,,,
9.68,,,
7.91,,,
8.23,,,
9.11,,,
7.99,,,
6.5,,,
11.65,,,
9.19,,,
9.08,,,
7.74,,,
7.07,,,
4.78,,,
7.82,,,
5.9,,,
8.62,,,
7.4,,,
8.59,,,
9.96,,,
7.24,,,
7.24,,,
7.48,,,
5.86,,,
5.9,,,
6.81,,,
6.25,,,
6.38,,,
8.39,,,
5.37,,,
4.45,,,
7.15,,,
5.04,,,
11.43,,,
7.19,,,
8.7,,,
5.95,,,
6.28,,,
6.44,,,
5.79,,,
6.1,,,
7.17,,,
7.12,,,
7.64,,,
5.98,,,
7.68,,,
7.58,,,
5.99,,,
5.14,,,
9.9,,,
6.52,,,
6.33,,,
6.68,,,
4.97,,,
6.47,,,
8.82,,,
11.46,,,
6.03,,,
14.15,,,
10.02,,,
6.6,,,
16,,,
8,,,
5.53,,,
11.19,,,
9.84,,,
6.3,,,
7.91,,,
6.79,,,
7.43,,,
7.43,,,
7.28,,,
7.35,,,
6.2,,,
7.66,,,
7.08,,,
6.97,,,
5.35,,,
6.48,,,
7.3,,,
5.83,,,
12.11,,,
8.14,,,
6.14,,,
10.24,,,
6.84,,,
7.74,,,
15.13,,,
8.82,,,
4.96,,,
7.53,,,
7.08,,,
6.75,,,
4.72,,,
5.23,,,
5.08,,,
5.92,,,
5.17,,,
6.89,,,
6.34,,,
6.79,,,
7.37,,,
10.63,,,
6.19,,,
7.53,,,
13.07,,,
6.13,,,
7.33,,,
6.67,,,
9.13,,,
8.23,,,
8.3,,,
44.42,,,
12.09,,,
9.37,,,
15.79,,,
6.03,,,
7.84,,,
6.75,,,
6.67,,,
6.77,,,
6.43,,,
10.61,,,
14.95,,,
7.92,,,
8.19,,,
7.52,,,
5.88,,,
5.62,,,
6.19,,,
6.94,,,
5.13,,,
6.86,,,
5.83,,,
5.4,,,
5.92,,,
7.39,,,
7.22,,,
9.31,,,
7.89,,,
7.27,,,
5.73,,,
7.72,,,
6.49,,,
7.13,,,
8.05,,,
6.95,,,
7.53,,,
7.54,,,
7.2,,,
10.07,,,
8.76,,,
5.83,,,
5.02,,,
12.79,,,
11.47,,,
12.8,,,
8.55,,,
6.82,,,
7.33,,,
15.61,,,
7.1,,,
7.14,,,
11.2,,,
7.42,,,
6.88,,,
7.56,,,
6.35,,,
7.57,,,
6.79,,,
8.94,,,
8.27,,,
6.92,,,
8.52,,,
8.89,,,
5.62,,,
8.55,,,
8.37,,,
11.64,,,
6.58,,,
6.19,,,
7.6,,,
6.51,,,
6.92,,,
8.16,,,
5.1,,,
9.19,,,
6.33,,,
5.35,,,
5.5,,,
5.49,,,
5.43,,,
6.72,,,
6.07,,,
6.66,,,
11.01,,,
10.46,,,
8.66,,,
6.04,,,
8.09,,,
8.37,,,
6.1,,,
6.28,,,
8.79,,,
9.64,,,
9.11,,,
7.15,,,
7.36,,,
12.39,,,
10.31,,,
11.52,,,
7.75,,,
5.52,,,
8.71,,,
7.23,,,
6.61,,,
9.78,,,
7.7,,,
8.02,,,
9.79,,,
10.48,,,
5.71,,,
7.1,,,
9.33,,,
6.54,,,
9.41,,,
7.96,,,
5.78,,,
5.94,,,
8.16,,,
5.89,,,
4.66,,,
11.05,,,
5.99,,,
9.34,,,
7.65,,,
7.21,,,
6.61,,,
14.56,,,
8.53,,,
5.26,,,
9.26,,,
11.47,,,
8.04,,,
6.37,,,
8.2,,,
8.48,,,
12.39,,,
11.12,,,
8.2,,,
5.7,,,
5.75,,,
6.87,,,
6.23,,,
7.24,,,
10.22,,,
6.51,,,
7.78,,,
5.54,,,
13.62,,,
10.75,,,
7.45,,,
8.62,,,
4.83,,,
7.11,,,
9.48,,,
6.25,,,
7.05,,,
6.64,,,
5.89,,,
8.39,,,
4.77,,,
7.21,,,
7.43,,,
5.75,,,
8.6,,,
9.66,,,
15.07,,,
8.55,,,
7.36,,,
6.46,,,
7.15,,,
13.24,,,
9.49,,,
7.96,,,
7.15,,,
11.44,,,
4.71,,,
5.54,,,
7.67,,,
6.63,,,
8.17,,,
8.31,,,
5.14,,,
4.46,,,
7.97,,,
4.98,,,
6.76,,,
8.37,,,
6.59,,,
6.59,,,
8.69,,,
7.3,,,
7.88,,,
6.24,,,
7.14,,,
10.83,,,
5.03,,,
10.83,,,
6.8,,,
6.89,,,
5.55,,,
7.21,,,
5.99,,,
7.01,,,
9.85,,,
7.66,,,
11.95,,,
8.74,,,
9.51,,,
5.88,,,
7.45,,,
16.53,,,
7.04,,,
5.27,,,
6.01,,,
5.95,,,
6.63,,,
9.59,,,
7.79,,,
6.05,,,
7.29,,,
6.43,,,
8.08,,,
6.97,,,
9.43,,,
12.66,,,
11.22,,,
7.8,,,
5.3,,,
6.31,,,
7.26,,,
10.76,,,
6.87,,,
7.31,,,
5.76,,,
9.88,,,
9.35,,,
8.9,,,
9.44,,,
9.1,,,
8.18,,,
6.9,,,
4.69,,,
7.35,,,
9.39,,,
6.75,,,
63.26,,,
6.3,,,
8.79,,,
12.74,,,
7.01,,,
6.63,,,
5.13,,,
6.15,,,
5.59,,,
13.97,,,
10.17,,,
6.11,,,
6.02,,,
6.15,,,
13.93,,,
5.56,,,
6.57,,,
5.75,,,
5.73,,,
6.08,,,
5.54,,,
6.32,,,
6.34,,,
10.19,,,
6.28,,,
5.89,,,
9.88,,,
6.09,,,
6.13,,,
5.04,,,
4.98,,,
5.47,,,
8.25,,,
5.89,,,
4.59,,,
25.14,,,
6.57,,,
7.41,,,
6.09,,,
5.43,,,
5.61,,,
6.03,,,
6.8,,,
6.07,,,
9.16,,,
40.55,,,
10.36,,,
8.52,,,
6.83,,,
6.8,,,
8.69,,,
6.47,,,
5.69,,,
7.22,,,
9.88,,,
10.43,,,
8.42,,,
6.3,,,
5.85,,,
6.99,,,
13.48,,,
7.58,,,
8.26,,,
6.28,,,
7.57,,,
5.47,,,
7.04,,,
8.41,,,
4.68,,,
6.68,,,
7.06,,,
9.19,,,
15.74,,,
8.97,,,
8.94,,,
9.3,,,
11.98,,,
6.85,,,
7.88,,,
5.77,,,
9.36,,,
5.26,,,
5.53,,,
8.89,,,
5.97,,,
12.53,,,
7.49,,,
6.81,,,
11.29,,,
5.56,,,
9.88,,,
7.49,,,
6.15,,,
5.46,,,
5.71,,,
6.15,,,
6.47,,,
12.27,,,
6.49,,,
6.59,,,
5.34,,,
6.39,,,
6.48,,,
7.06,,,
8.29,,,
8.89,,,
11.7,,,
7.08,,,
6.43,,,
6.42,,,
9.36,,,
9.07,,,
7,,,
7.78,,,
6.56,,,
7.3,,,
6.75,,,
6.98,,,
6.11,,,
5.67,,,
10.84,,,
6.6,,,
7.75,,,
6.69,,,
7.52,,,
6.03,,,
6.28,,,
6.04,,,
6.33,,,
7.54,,,
8.22,,,
13.71,,,
11.86,,,
6.88,,,
5.94,,,
25.41,,,
9.77,,,
9.27,,,
5.61,,,
8.54,,,
9.26,,,
26.03,,,
5.83,,,
6.93,,,
10.4,,,
12.08,,,
6.59,,,
5.69,,,
6.15,,,
8.3,,,
18.32,,,
5.67,,,
19.03,,,
11.72,,,
9.58,,,
8.4,,,
6.55,,,
6.92,,,
6.65,,,
5.45,,,
7.71,,,
8.28,,,
5.84,,,
4.79,,,
10.99,,,
9.01,,,
6.53,,,
17.04,,,
6.84,,,
6.91,,,
7.64,,,
8.17,,,
5.51,,,
8.98,,,
7.41,,,
6.34,,,
12.07,,,
6.25,,,
9.75,,,
7.67,,,
7.46,,,
6.84,,,
7.23,,,
6.99,,,
6.75,,,
5.35,,,
6.94,,,
5.21,,,
9.09,,,
6.19,,,
6.21,,,
6.82,,,
9.11,,,
5.25,,,
5.67,,,
8.37,,,
5.56,,,
11.57,,,
6.14,,,
5.79,,,
9.43,,,
7.47,,,
5.91,,,
6.16,,,
9.63,,,
5.24,,,
6.03,,,
6.07,,,
5.19,,,
27.74,,,
6.03,,,
5.35,,,
11.36,,,
21.23,,,
12.13,,,
7.97,,,
4.93,,,
7.82,,,
10.19,,,
5.14,,,
5.28,,,
5.63,,,
5.16,,,
6.49,,,
5.98,,,
7.54,,,
5.83,,,
6.25,,,
8.84,,,
6.4,,,
11.21,,,
8.98,,,
7.59,,,
6.02,,,
6.95,,,
6.25,,,
7.26,,,
9.5,,,
5.75,,,
5.56,,,
6.13,,,
6.61,,,
6.25,,,
5.81,,,
7.88,,,
5.09,,,
6.76,,,
8.99,,,
8.55,,,
5.98,,,
6.71,,,
5.6,,,
6.78,,,
7.24,,,
6.42,,,
5.9,,,
5.12,,,
6.48,,,
14.43,,,
14.14,,,
12.67,,,
6.94,,,
6.88,,,
6.95,,,
7.47,,,
8.7,,,
7.55,,,
5.71,,,
6.3,,,
5.92,,,
6.04,,,
4.4,,,
7.25,,,
9.06,,,
7.3,,,
5.31,,,
9.53,,,
12.34,,,
9.22,,,
6.77,,,
7.12,,,
7.39,,,
8.97,,,
7.54,,,
12.14,,,
7.67,,,
9.15,,,
9.47,,,
10.34,,,
5.68,,,
5.22,,,
6.63,,,
26.59,,,
8.36,,,
12.15,,,
6.91,,,
9.07,,,
9.64,,,
11.06,,,
9.17,,,
11.13,,,
11.71,,,
5.24,,,
7.03,,,
8.38,,,
7.9,,,
7.39,,,
4.7,,,
5.21,,,
6.51,,,
5.58,,,
8.16,,,
7.89,,,
6.8,,,
6.58,,,
5.83,,,
9.84,,,
6.88,,,
7.76,,,
9.31,,,
6.81,,,
6.3,,,
6.02,,,
9.51,,,
6.74,,,
6.6,,,
6.56,,,
6.1,,,
21.32,,,
8.73,,,
9.66,,,
7.36,,,
9.25,,,
11.23,,,
12.73,,,
6.38,,,
9.34,,,
6.89,,,
10.36,,,
9.05,,,
7.9,,,
10.17,,,
11.14,,,
6.56,,,
8.39,,,
8.71,,,
5.16,,,
6.51,,,
5.69,,,
10.71,,,
4.46,,,
5.52,,,
9.15,,,
15.53,,,
8.1,,,
9.02,,,
9.35,,,
5.82,,,
8.21,,,
9.69,,,
5.59,,,
13.06,,,
14.63,,,
9.31,,,
7.67,,,
7.21,,,
12.64,,,
7.13,,,
9.91,,,
7.05,,,
7.11,,,
6.03,,,
8,,,
8.62,,,
5.75,,,
6.92,,,
9.3,,,
12.01,,,
25,,,
10.82,,,
7.32,,,
6.42,,,
8.89,,,
6.64,,,
6.94,,,
6.95,,,
7.4,,,
7.47,,,
8.08,,,
4.35,,,
5.4,,,
8.09,,,
6.4,,,
6.13,,,
8.43,,,
6.4,,,
7.18,,,
7.12,,,
8.12,,,
5.77,,,
6.15,,,
6.69,,,
7.47,,,
5.81,,,
5.99,,,
8.15,,,
9.4,,,
11.97,,,
5.1,,,
6.82,,,
5.76,,,
5.43,,,
7.21,,,
7.53,,,
78.11,,,
10.15,,,
12.04,,,
7.31,,,
9.08,,,
5.45,,,
9.67,,,
5.97,,,
6.57,,,
6.59,,,
7.12,,,
10.13,,,
7.04,,,
6.83,,,
7.91,,,
6.47,,,
6.94,,,
6.59,,,
6.54,,,
5.55,,,
9.8,,,
6.3,,,
6.16,,,
6.65,,,
7.27,,,
9.45,,,
8.16,,,
10.43,,,
5.03,,,
8.6,,,
5.85,,,
8.95,,,
6.58,,,
5.95,,,
11.73,,,
5.61,,,
5.7,,,
8.33,,,
6.9,,,
9.93,,,
11.38,,,
6.01,,,
6.5,,,
6.26,,,
9.61,,,
4.97,,,
6.46,,,
9.31,,,
7.11,,,
5.49,,,
6.66,,,
7.57,,,
5.93,,,
5.44,,,
6.14,,,
5.31,,,
6.01,,,
8,,,
6.25,,,
11.09,,,
6.04,,,
9.8,,,
5.4,,,
5.7,,,
7.24,,,
9.72,,,
6.13,,,
5.61,,,
5.71,,,
11.15,,,
6.59,,,
6.19,,,
8.28,,,
5.81,,,
5.68,,,
9.68,,,
5.43,,,
9.36,,,
6.4,,,
10.16,,,
6.67,,,
7.54,,,
7.08,,,
12.28,,,
6.69,,,
6.89,,,
4.63,,,
8.25,,,
7.61,,,
6.28,,,
9.56,,,
7.26,,,
7.76,,,
8.38,,,
6.5,,,
10.74,,,
5.04,,,
7.91,,,
8.4,,,
6.34,,,
7.86,,,
4.89,,,
7.62,,,
12.25,,,
5.97,,,
6.64,,,
6.4,,,
6.94,,,
6.95,,,
15.17,,,
8.02,,,
10.02,,,
7.54,,,
6.53,,,
7.21,,,
6.41,,,
6.11,,,
8.52,,,
5.61,,,
10.05,,,
10.19,,,
8.74,,,
6.38,,,
9.74,,,
6.27,,,
5.61,,,
8.41,,,
5.84,,,
5.04,,,
4.75,,,
4.88,,,
8.56,,,
5.32,,,
5.08,,,
4.43,,,
5.6,,,
5.42,,,
6.63,,,
10.59,,,
6.28,,,
5.53,,,
11.07,,,
10.3,,,
8.52,,,
6.76,,,
5.93,,,
5.79,,,
9.38,,,
5.02,,,
4.25,,,
6.85,,,
8.31,,,
5.24,,,
7.05,,,
6.67,,,
6.72,,,
6.09,,,
6.68,,,
5.82,,,
6.15,,,
5.19,,,
6.44,,,
6.64,,,
6.74,,,
5.45,,,
6.9,,,
19.03,,,
11.57,,,
7.36,,,
6.18,,,
9.09,,,
4.97,,,
9.7,,,
4.52,,,
7.27,,,
14.09,,,
8.26,,,
14.95,,,
12.82,,,
11.72,,,
9.62,,,
4.41,,,
7.71,,,
5,,,
5.08,,,
9.96,,,
3.79,,,
15.75,,,
9.96,,,
5.58,,,
31.94,,,
13.67,,,
4.8,,,
4.45,,,
4.53,,,
7,,,
4.91,,,
4.34,,,
5.25,,,
8.25,,,
7.03,,,
9.44,,,
8.38,,,
6.51,,,
7.8,,,
9.04,,,
6.94,,,
8.39,,,
7.14,,,
6.08,,,
7.83,,,
5.2,,,
5.39,,,
6.17,,,
7.3,,,
8.13,,,
9.35,,,
7.59,,,
5.67,,,
7,,,
6.19,,,
4.98,,,
5.22,,,
5.15,,,
8.82,,,
6.17,,,
5.17,,,
8.45,,,
4.52,,,
6.02,,,
4.98,,,
6.67,,,
7.55,,,
7.77,,,
5.33,,,
5.83,,,
7.74,,,
6.89,,,
3.94,,,
5.5,,,
6.26,,,
4.67,,,
4.35,,,
5.71,,,
9.42,,,
7.05,,,
9.61,,,
4.53,,,
5.23,,,
4.47,,,
6.62,,,
5.18,,,
5.27,,,
5.87,,,
6.56,,,
6.38,,,
5.64,,,
7.74,,,
7.34,,,
6.16,,,
6.02,,,
5.91,,,
7.83,,,
5.86,,,
6.2,,,
10.41,,,
8.64,,,
6.68,,,
5.39,,,
7.14,,,
5.55,,,
10.47,,,
18.42,,,
4.59,,,
4.48,,,
6.81,,,
5.14,,,
5.31,,,
5.53,,,
6.9,,,
9,,,
5.74,,,
5.09,,,
6.66,,,
6.38,,,
6,,,
5.82,,,
5.72,,,
9.42,,,
8.02,,,
7.69,,,
19.21,,,
4.99,,,
6.37,,,
7.3,,,
9.07,,,
6.38,,,
11.57,,,
6.9,,,
8.19,,,
4.81,,,
4.95,,,
5.34,,,
9.5,,,
5.85,,,
7.18,,,
7.34,,,
4.11,,,
4.86,,,
7.11,,,
6.1,,,
6.74,,,
6.56,,,
7.26,,,
7.56,,,
14.12,,,
4.49,,,
6.16,,,
5.28,,,
9.29,,,
10.47,,,
8.73,,,
4.36,,,
5.92,,,
6.07,,,
6.01,,,
5.42,,,
7.24,,,
11.25,,,
6.76,,,
4.42,,,
7,,,
5.52,,,
4.92,,,
7.92,,,
20.82,,,
6.04,,,
7.7,,,
5.43,,,
6.88,,,
5.31,,,
4.83,,,
4.73,,,
6.93,,,
4.98,,,
7.25,,,
4.97,,,
6.4,,,
4.63,,,
6.99,,,
7.26,,,
8.85,,,
6.67,,,
4.04,,,
5.34,,,
4.6,,,
6.13,,,
5.12,,,
7.91,,,
7.04,,,
6.29,,,
9.61,,,
5.35,,,
19.22,,,
7.04,,,
6.96,,,
7.81,,,
6.23,,,
7.25,,,
6.77,,,
6.74,,,
6.2,,,
6.15,,,
6.69,,,
6.43,,,
10.67,,,
5.94,,,
6.07,,,
5.71,,,
5.12,,,
5,,,
5.79,,,
5.62,,,
6.03,,,
6.5,,,
6.13,,,
6.8,,,
6.55,,,
5.28,,,
4.78,,,
7.72,,,
5.81,,,
6.84,,,
5.78,,,
4.7,,,
6.81,,,
7.41,,,
6.4,,,
6.28,,,
5.07,,,
4.67,,,
5.81,,,
7.63,,,
7.27,,,
7.34,,,
8.01,,,
5.83,,,
7.27,,,
6.09,,,
6.26,,,
7.43,,,
7.76,,,
8.58,,,
6.03,,,
4.89,,,
11.67,,,
4.28,,,
5.22,,,
5.51,,,
4.96,,,
6.88,,,
5.58,,,
4.85,,,
6.76,,,
6.26,,,
5.83,,,
4.84,,,
8.84,,,
4.79,,,
7.82,,,
13.79,,,
4.35,,,
5.18,,,
5.3,,,
5.32,,,
18.04,,,
5.29,,,
5.9,,,
6.11,,,
7.15,,,
6.68,,,
5.71,,,
6.86,,,
7.85,,,
7.12,,,
4.71,,,
4.97,,,
4.66,,,
7.35,,,
7.13,,,
9.98,,,
5.5,,,
4.77,,,
5.12,,,
6.88,,,
5.82,,,
5.59,,,
5.13,,,
5.11,,,
5.21,,,
5.01,,,
10.84,,,
4.29,,,
4.66,,,
4.56,,,
7.94,,,
4.31,,,
9.52,,,
4.92,,,
5.95,,,
6.19,,,
7.51,,,
5.98,,,
4.53,,,
5.45,,,
4.56,,,
4.8,,,
5.12,,,
5.56,,,
5.55,,,
6.13,,,
5.49,,,
5.51,,,
6.52,,,
4.3,,,
4.13,,,
4.77,,,
6.84,,,
9.35,,,
7.11,,,
6.15,,,
6.11,,,
6.08,,,
5.65,,,
5.04,,,
4.96,,,
4.78,,,
4.99,,,
4.94,,,
6.81,,,
5.39,,,
4.94,,,
7.65,,,
6.57,,,
5.09,,,
8.08,,,
6.37,,,
14.98,,,
6.59,,,
4.35,,,
7.29,,,
5.16,,,
4.82,,,
5.13,,,
5.34,,,
4.99,,,
8.51,,,
7.69,,,
7.04,,,
5.43,,,
4.99,,,
13.71,,,
7.65,,,
4.77,,,
5.78,,,
5.2,,,
7.44,,,
5.97,,,
5.62,,,
11,,,
6.28,,,
7.23,,,
7.31,,,
6.83,,,
5.39,,,
6.15,,,
6.14,,,
9.52,,,
6.71,,,
5.14,,,
5.31,,,
6.44,,,
6.15,,,
10.09,,,
12.54,,,
6.01,,,
10.26,,,
5.5,,,
5.77,,,
6.25,,,
4.74,,,
4.32,,,
7.5,,,
5.81,,,
4.23,,,
22.83,,,
6.92,,,
6.8,,,
7.6,,,
7.79,,,
5.93,,,
7.16,,,
6.93,,,
5.41,,,
5.23,,,
11.59,,,
6.11,,,
21,,,
6.8,,,
9.77,,,
8.63,,,
6.21,,,
7.02,,,
5.1,,,
9.09,,,
28.01,,,
6.11,,,
6.18,,,
5.26,,,
5.98,,,
10,,,
5.57,,,
4.7,,,
4.46,,,
4.62,,,
5.34,,,
4.27,,,
5.33,,,
7.4,,,
7.75,,,
4.96,,,
5.4,,,
4.79,,,
6.46,,,
7.19,,,
5.45,,,
4.83,,,
4.87,,,
6.95,,,
7.36,,,
6.68,,,
5.82,,,
6.39,,,
4.55,,,
5.53,,,
5.67,,,
6.19,,,
5.87,,,
7.14,,,
4.43,,,
9.63,,,
7.15,,,
8.06,,,
5.99,,,
4.56,,,
5.7,,,
6.09,,,
5.79,,,
5.91,,,
5.93,,,
9.08,,,
6.48,,,
8.52,,,
5.84,,,
6.01,,,
4.61,,,
10.45,,,
6.15,,,
6.32,,,
7.78,,,
9.26,,,
8.49,,,
9.15,,,
21.02,,,
4.68,,,
4.87,,,
4.73,,,
5.54,,,
5.57,,,
4.7,,,
4.26,,,
8.86,,,
4.88,,,
6.5,,,
4.46,,,
7.15,,,
5.37,,,
10.12,,,
4.97,,,
5.91,,,
6.23,,,
6.86,,,
8.6,,,
7.22,,,
7.88,,,
8.33,,,
7.05,,,
24.11,,,
10.65,,,
6.99,,,
6.75,,,
5.06,,,
6.35,,,
6.73,,,
24.22,,,
6.96,,,
5.49,,,
16.02,,,
5.52,,,
5.5,,,
7.16,,,
5.3,,,
8.04,,,
6.48,,,
10.8,,,
6.3,,,
5.77,,,
5.24,,,
4.88,,,
7.02,,,
7.01,,,
6.23,,,
5.08,,,
5.07,,,
6.49,,,
7.25,,,
5.75,,,
4.88,,,
6.26,,,
5.56,,,
4.81,,,
6.86,,,
4.59,,,
5.14,,,
8.67,,,
7.42,,,
10.01,,,
8.52,,,
4.74,,,
5.22,,,
6.87,,,
4.97,,,
5.43,,,
26.14,,,
11.83,,,
5.78,,,
29.35,,,
6,,,
7.55,,,
5.85,,,
5.41,,,
4.35,,,
4.69,,,
5.56,,,
6.9,,,
5.75,,,
5.09,,,
4.82,,,
8.56,,,
5.84,,,
9.62,,,
4.87,,,
6.37,,,
6.97,,,
6.99,,,
9.28,,,
5.49,,,
6.66,,,
7.08,,,
4.75,,,
13.2,,,
6.05,,,
6.87,,,
5.21,,,
5.01,,,
5.87,,,
5.8,,,
9.62,,,
7.52,,,
7.13,,,
4.71,,,
4.7,,,
4.79,,,
6.77,,,
9.25,,,
5.67,,,
6.37,,,
12.52,,,
7.93,,,
6.83,,,
5.85,,,
7.61,,,
7.97,,,
5.08,,,
7.59,,,
5.27,,,
4.33,,,
6.44,,,
5.77,,,
8.44,,,
5.29,,,
5.43,,,
8.72,,,
7.79,,,
4.59,,,
5.14,,,
5.44,,,
9.04,,,
7.82,,,
6.68,,,
18.04,,,
9.37,,,
6.74,,,
6.37,,,
5.66,,,
4.94,,,
5.27,,,
12.24,,,
4.46,,,
5.62,,,
9.59,,,
7.62,,,
5.55,,,
9.97,,,
21.4,,,
6.36,,,
16.77,,,
16.82,,,
5.76,,,
6.74,,,
5.85,,,
17.56,,,
9.38,,,
4.93,,,
11.75,,,
9.75,,,
15.85,,,
6.82,,,
5.44,,,
8.77,,,
6.62,,,
21.08,,,
6.56,,,
6.78,,,
7.16,,,
5.43,,,
5.38,,,
5.91,,,
7.79,,,
8.3,,,
25.46,,,
17.1,,,
10,,,
4.89,,,
6.29,,,
6.3,,,
7.62,,,
5.35,,,
6.91,,,
5.03,,,
8.77,,,
19.81,,,
5.79,,,
8.02,,,
6.69,,,
5.82,,,
5.84,,,
4.44,,,
5.65,,,
6.47,,,
6.61,,,
4.9,,,
4.46,,,
5.24,,,
4.5,,,
5.3,,,
5.16,,,
5.14,,,
9.31,,,
5.79,,,
8.13,,,
5.5,,,
6.49,,,
5.2,,,
5.1,,,
10.32,,,
11.87,,,
5.5,,,
22,,,
4.46,,,
5.3,,,
8.53,,,
5.42,,,
5.95,,,
5,,,
7.16,,,
8.27,,,
6.26,,,
5.34,,,
5.02,,,
7.73,,,
6.57,,,
5.26,,,
6.47,,,
13.7,,,
22.8,,,
4.87,,,
8.31,,,
9.78,,,
11.53,,,
5.15,,,
8.24,,,
9.11,,,
5.38,,,
5.97,,,
16.09,,,
7.77,,,
10.58,,,
7.16,,,
4.87,,,
5.62,,,
4.8,,,
5.64,,,
5.45,,,
5.9,,,
5.38,,,
5.57,,,
7.05,,,
7.24,,,
19.59,,,
6.78,,,
5.69,,,
5.58,,,
4.19,,,
7.18,,,
5.85,,,
6.06,,,
7.35,,,
4.43,,,
7.27,,,
10.09,,,
6.57,,,
6.34,,,
4.83,,,
4.89,,,
9.03,,,
6.09,,,
6.97,,,
5.17,,,
6.74,,,
8.09,,,
5.07,,,
6.59,,,
7.49,,,
6.96,,,
9.25,,,
6.37,,,
6.04,,,
9.3,,,
11.13,,,
5.01,,,
4.6,,,
8.45,,,
16.05,,,
7.4,,,
11.7,,,
5.26,,,
5.47,,,
19.25,,,
8.9,,,
4.91,,,
5.65,,,
7.22,,,
5.47,,,
6.82,,,
4.29,,,
4.49,,,
8.74,,,
5.06,,,
4.06,,,
58.12,,,
6.79,,,
4.89,,,
11.96,,,
5.4,,,
5.77,,,
8.99,,,
10.22,,,
8.24,,,
6.97,,,
5.98,,,
8.74,,,
7.8,,,
7.07,,,
7.08,,,
9.59,,,
7.38,,,
6.67,,,
6.96,,,
7.88,,,
5.33,,,
5.83,,,
5.78,,,
4.72,,,
15.27,,,
5.74,,,
4.3,,,
4.44,,,
5.92,,,
18.86,,,
7.48,,,
7.76,,,
23.72,,,
30.82,,,
5.65,,,
18.49,,,
7.67,,,
5.5,,,
5.81,,,
6.46,,,
9.56,,,
6.03,,,
16.01,,,
12.25,,,
6.61,,,
7.25,,,
6.83,,,
4.56,,,
8.26,,,
5.92,,,
6.67,,,
7.14,,,
5.49,,,
5.22,,,
6.37,,,
4.01,,,
13.43,,,
8.58,,,
15.63,,,
6.92,,,
7.84,,,
6.96,,,
5.6,,,
4.99,,,
5.26,,,
11.74,,,
20.61,,,
5.59,,,
7.19,,,
5.43,,,
7.14,,,
8.2,,,
7.04,,,
4.91,,,
7.32,,,
5.35,,,
6.23,,,
16.56,,,
6.81,,,
5.71,,,
9.04,,,
11.92,,,
7.9,,,
8.98,,,
6.9,,,
6.69,,,
6.55,,,
6.77,,,
10.54,,,
21.41,,,
9.19,,,
4.68,,,
6.39,,,
5.05,,,
6.19,,,
6.12,,,
6.64,,,
5.45,,,
9.49,,,
6.9,,,
5.02,,,
5.54,,,
4.44,,,
6.1,,,
7.08,,,
7.81,,,
4.79,,,
5.32,,,
5.34,,,
7.33,,,
4.13,,,
7.41,,,
4.82,,,
4.71,,,
5.24,,,
9.3,,,
8.35,,,
5.81,,,
9.96,,,
6.85,,,
7.79,,,
6.86,,,
4.34,,,
6.94,,,
9.55,,,
14.61,,,
6.57,,,
8.92,,,
6.7,,,
5.21,,,
12.09,,,
4.97,,,
5.72,,,
5.96,,,
6.59,,,
5.29,,,
7.7,,,
6.26,,,
4.22,,,
5.97,,,
6.17,,,
7.4,,,
7.02,,,
5.81,,,
8.34,,,
4.78,,,
4.96,,,
7.03,,,
6.21,,,
4.67,,,
4.73,,,
6.62,,,
5.14,,,
6.26,,,
22.58,,,
9.72,,,
6.9,,,
5.23,,,
5.54,,,
6.44,,,
24,,,
6.06,,,
4.73,,,
11.51,,,
6.33,,,
22.88,,,
5.6,,,
5.4,,,
7.65,,,
6.81,,,
10.48,,,
4.84,,,
8.02,,,
4.75,,,
4.68,,,
5.46,,,
18.76,,,
17.18,,,
5.5,,,
5.5,,,
5.56,,,
10,,,
16.53,,,
4.83,,,
10.03,,,
5.75,,,
5.58,,,
5.99,,,
5.87,,,
4.91,,,
6.95,,,
4.23,,,
7.69,,,
8.54,,,
5.35,,,
6.69,,,
4.77,,,
7.91,,,
5.39,,,
19.35,,,
8.75,,,
7.07,,,
7.87,,,
5.74,,,
4.96,,,
5.1,,,
7.34,,,
5.89,,,
6.41,,,
6.98,,,
5.83,,,
4.85,,,
6.03,,,
6.42,,,
4.65,,,
4.28,,,
16.77,,,
20.38,,,
9.8,,,
6.38,,,
6.98,,,
8.62,,,
11.27,,,
9.52,,,
4.72,,,
6.89,,,
7.98,,,
5.89,,,
10.55,,,
4.33,,,
8.36,,,
7.11,,,
7.98,,,
7.65,,,
4.73,,,
22.85,,,
7.19,,,
6.55,,,
6.34,,,
5.96,,,
4.99,,,
4.53,,,
6.45,,,
5.08,,,
4.81,,,
4.72,,,
7.42,,,
4.32,,,
26.96,,,
4.66,,,
4.72,,,
4.51,,,
4.47,,,
5,,,
4.41,,,
4.8,,,
29.77,,,
4.71,,,
6.2,,,
6.46,,,
5.29,,,
15.2,,,
11.97,,,
6.85,,,
4.86,,,
8.19,,,
6.36,,,
5.47,,,
7.4,,,
9.88,,,
6.46,,,
5.1,,,
7.01,,,
25.17,,,
17.28,,,
4.46,,,
4.66,,,
6.61,,,
5.88,,,
5.27,,,
60.41,,,
6.93,,,
4.78,,,
8.14,,,
4.86,,,
6.09,,,
6.8,,,
4.86,,,
5.9,,,
4.98,,,
7.07,,,
4.27,,,
15.93,,,
4.64,,,
5.16,,,
10.36,,,
4.75,,,
6.66,,,
5.43,,,
5.11,,,
5.1,,,
4.95,,,
4.65,,,
4.99,,,
7.3,,,
6.64,,,
7.19,,,
6.51,,,
5.38,,,
4.54,,,
5.84,,,
4.91,,,
7.39,,,
5.43,,,
4.57,,,
17.67,,,
5.1,,,
7.14,,,
7.45,,,
8.66,,,
7.23,,,
7.73,,,
27.6,,,
8.52,,,
4.6,,,
8.38,,,
5.51,,,
19.08,,,
4.51,,,
6.61,,,
5.66,,,
17.93,,,
6.13,,,
16.12,,,
6.92,,,
4.95,,,
4.26,,,
4.31,,,
4.5,,,
4.87,,,
4.19,,,
4.79,,,
4.91,,,
5.55,,,
11.44,,,
8.53,,,
5.33,,,
6.14,,,
5.23,,,
5.14,,,
5.09,,,
7.77,,,
6.44,,,
5.83,,,
4.26,,,
4.34,,,
5.86,,,
5.54,,,
5.25,,,
4.75,,,
8.48,,,
5.44,,,
7.18,,,
5.45,,,
8.04,,,
15.25,,,
5.69,,,
6.05,,,
7.77,,,
6.86,,,
7.83,,,
7.55,,,
6.06,,,
5.69,,,
8.47,,,
55.56,,,
23.98,,,
5.93,,,
7.27,,,
4.21,,,
4.72,,,
5.59,,,
6.26,,,
5.23,,,
8.44,,,
16.07,,,
4.71,,,
6.83,,,
17.97,,,
6.29,,,
5.52,,,
4.71,,,
4.55,,,
6.78,,,
8.34,,,
19.4,,,
4.63,,,
5.44,,,
4.46,,,
6.36,,,
5.58,,,
6.09,,,
4.67,,,
4.59,,,
4.58,,,
6.23,,,
7.13,,,
6.42,,,
6.57,,,
9.2,,,
5.13,,,
19.22,,,
9.8,,,
4.65,,,
13.77,,,
5.16,,,
5.92,,,
7.13,,,
7.1,,,
19.15,,,
5.87,,,
5.86,,,
5.89,,,
4.01,,,
4.13,,,
6.08,,,
15.2,,,
21.51,,,
5.94,,,
16.59,,,
5.77,,,
4.51,,,
8.86,,,
9.12,,,
5.15,,,
7.45,,,
5.99,,,
15.55,,,
5.05,,,
8.7,,,
4.52,,,
6.2,,,
4.57,,,
6.96,,,
18.92,,,
5.74,,,
7.91,,,
5.91,,,
17.71,,,
19.53,,,
8.86,,,
16.83,,,
6.85,,,
65.57,,,
8.95,,,
10.99,,,
7.82,,,
6.67,,,
15.85,,,
11.45,,,
5.66,,,
21.86,,,
7.63,,,
24.35,,,
17.06,,,
6.8,,,
6.05,,,
4.85,,,
10.67,,,
5.6,,,
4.24,,,
4.86,,,
6.47,,,
6.45,,,
7.01,,,
16.31,,,
7.89,,,
7.11,,,
5.7,,,
16.69,,,
7.84,,,
6.48,,,
6.17,,,
5.07,,,
11.15,,,
7.81,,,
9.21,,,
21.65,,,
5.7,,,
5.57,,,
4.74,,,
5.58,,,
4.69,,,
4.42,,,
5.91,,,
4.57,,,
5.19,,,
5.56,,,
5.03,,,
5.85,,,
5.04,,,
5.87,,,
5.02,,,
5.38,,,
5.11,,,
4.43,,,
5.01,,,
5.26,,,
5.41,,,
4.35,,,
5.09,,,
5.08,,,
5.28,,,
4.78,,,
17.33,,,
7.36,,,
4.34,,,
4.73,,,
6.38,,,
4.83,,,
5.82,,,
5.42,,,
5.59,,,
4.15,,,
5.97,,,
5.12,,,
6.34,,,
7.26,,,
5.44,,,
5.46,,,
17.57,,,
11.09,,,
5.44,,,
21.56,,,
11.93,,,
7.3,,,
7.96,,,
6.13,,,
6.2,,,
4.31,,,
5.86,,,
4.38,,,
8.69,,,
5.6,,,
5.88,,,
5.11,,,
5.92,,,
10.85,,,
7.41,,,
6.12,,,
5.38,,,
4.33,,,
5.02,,,
5.62,,,
4.18,,,
5.04,,,
16.18,,,
4.93,,,
6.27,,,
4.65,,,
6.47,,,
4.81,,,
5.69,,,
4.76,,,
7.94,,,
5.84,,,
5.87,,,
4.96,,,
5.71,,,
5.53,,,
9.34,,,
5.96,,,
5.67,,,
7.11,,,
4.95,,,
5.66,,,
5.15,,,
7.29,,,
4.19,,,
4.57,,,
6.49,,,
6.29,,,
5.43,,,
11.05,,,
4.3,,,
7.06,,,
4.97,,,
4.96,,,
8.52,,,
6.03,,,
6.6,,,
6.46,,,
6.33,,,
6.4,,,
15.37,,,
5.57,,,
4.95,,,
6.67,,,
15.86,,,
7.21,,,
4.63,,,
4.63,,,
6.01,,,
5.12,,,
4.38,,,
6.12,,,
8.67,,,
6.52,,,
5.55,,,
6.76,,,
8.09,,,
4.88,,,
5.35,,,
6.25,,,
16.13,,,
10.67,,,
7.04,,,
7.71,,,
4.11,,,
6.07,,,
4.22,,,
6.03,,,
6.14,,,
6.23,,,
8.41,,,
5.46,,,
8.57,,,
6.51,,,
4.95,,,
8.05,,,
21.94,,,
6.48,,,
9.21,,,
5.49,,,
6.71,,,
7.26,,,
5.13,,,
6.22,,,
6.69,,,
15.62,,,
4.95,,,
6.55,,,
4.8,,,
5.92,,,
7.42,,,
4.07,,,
4.7,,,
6.37,,,
6.58,,,
4.2,,,
5.72,,,
5.17,,,
6.14,,,
4.49,,,
5.91,,,
7.32,,,
6.3,,,
15.76,,,
5.5,,,
6.37,,,
6.52,,,
5.3,,,
17.32,,,
6.34,,,
6.13,,,
5.7,,,
5.89,,,
7.34,,,
5.91,,,
6.12,,,
6.27,,,
5.94,,,
4.69,,,
4.88,,,
5.19,,,
6.39,,,
6.21,,,
5.22,,,
5.36,,,
8.68,,,
9.84,,,
5.59,,,
6.88,,,
4.19,,,
4.18,,,
4.23,,,
4.46,,,
13.73,,,
14.51,,,
4.94,,,
4.99,,,
18.64,,,
7.61,,,
4.41,,,
7.01,,,
5.09,,,
6.33,,,
6.27,,,
5.02,,,
5.91,,,
6.92,,,
15.36,,,
12.09,,,
11.2,,,
7.01,,,
21.87,,,
4.45,,,
5.16,,,
4.55,,,
5.1,,,
4.95,,,
6.74,,,
6.11,,,
4.63,,,
4.66,,,
4.12,,,
4.42,,,
4.72,,,
6.52,,,
5.05,,,
4.25,,,
4.38,,,
4.41,,,
6.25,,,
6.6,,,
4.98,,,
4.6,,,
4.71,,,
5.08,,,
4.3,,,
8.14,,,
6.34,,,
5.45,,,
8.56,,,
7.03,,,
5.9,,,
4.15,,,
5.44,,,
7.73,,,
26,,,
9.37,,,
4.97,,,
6.99,,,
18.04,,,
4.83,,,
5.71,,,
23.04,,,
6.6,,,
6.97,,,
11.87,,,
6.56,,,
15.39,,,
5.01,,,
72.29,,,
6.52,,,
6.01,,,
20.05,,,
6.33,,,
6.68,,,
5.09,,,
5.53,,,
4.72,,,
6.29,,,
4.78,,,
5.62,,,
6.96,,,
5.01,,,
5.77,,,
4.84,,,
19.21,,,
4.48,,,
5.44,,,
8.89,,,
4.88,,,
5.24,,,
7.73,,,
6.86,,,
7.91,,,
7.23,,,
6.87,,,
14.91,,,
18.76,,,
4.7,,,
4.33,,,
11.34,,,
8.2,,,
6.3,,,
4.7,,,
4.26,,,
6.7,,,
4.51,,,
7.26,,,
5.83,,,
4.82,,,
5.3,,,
6.92,,,
8.22,,,
4.57,,,
4.96,,,
6.1,,,
6.82,,,
7.23,,,
18.31,,,
5.43,,,
19.19,,,
5.16,,,
4.5,,,
4.73,,,
19.76,,,
6.3,,,
14.17,,,
4.26,,,
4.41,,,
5.75,,,
7.42,,,
4.21,,,
5.32,,,
6.93,,,
21.77,,,
5.04,,,
6.14,,,
7.35,,,
10.8,,,
4.88,,,
21.53,,,
4.94,,,
7.08,,,
9.28,,,
5.61,,,
4.16,,,
6.46,,,
6,,,
5.93,,,
6.02,,,
5.19,,,
6.34,,,
6.53,,,
6.18,,,
7.94,,,
5.11,,,
4.65,,,
6.91,,,
5.63,,,
5.46,,,
6.87,,,
4.25,,,
6.35,,,
7.03,,,
8.21,,,
5.25,,,
9.91,,,
5.2,,,
6.53,,,
5.03,,,
4.85,,,
8.35,,,
5.45,,,
6.79,,,
6.49,,,
6.5,,,
6.31,,,
5.27,,,
5.25,,,
6.32,,,
11.95,,,
16.27,,,
7.61,,,
7.54,,,
7.01,,,
4.77,,,
5.62,,,
6.1,,,
5.11,,,
6.55,,,
6.5,,,
4.96,,,
4.49,,,
6.05,,,
17.12,,,
8.29,,,
4.52,,,
20.08,,,
5.45,,,
4.92,,,
6.9,,,
7.31,,,
6.61,,,
6.52,,,
5.61,,,
4.64,,,
6.72,,,
5.33,,,
6.62,,,
6.03,,,
7.71,,,
6.14,,,
7.02,,,
4.19,,,
5.26,,,
19.2,,,
6.32,,,
7.06,,,
5.18,,,
5.26,,,
21.55,,,
21.25,,,
19.17,,,
6.12,,,
6.7,,,
4.49,,,
4.94,,,
9.57,,,
4.51,,,
6.57,,,
15.95,,,
5.78,,,
6.22,,,
6.21,,,
18.22,,,
7.34,,,
8.32,,,
8.1,,,
6.68,,,
5.27,,,
5.2,,,
9.42,,,
4.83,,,
5.4,,,
7.59,,,
7.13,,,
16.27,,,
6.7,,,
5.84,,,
19.86,,,
6.16,,,
5.9,,,
4.53,,,
5.12,,,
4.6,,,
5.38,,,
5.09,,,
5.96,,,
18.04,,,
4.78,,,
5.64,,,
8.49,,,
7.09,,,
5.53,,,
5.72,,,
5.38,,,
4.29,,,
6.44,,,
4.49,,,
4.59,,,
4.88,,,
7.11,,,
5.88,,,
5.97,,,
14.74,,,
9.62,,,
5.49,,,
7.02,,,
4.76,,,
7.17,,,
4.92,,,
5.79,,,
5.98,,,
4.95,,,
5.69,,,
18.14,,,
7.72,,,
7.39,,,
4.65,,,
7.5,,,
17.19,,,
11.49,,,
8.82,,,
9.45,,,
5.11,,,
5.24,,,
21.12,,,
4.79,,,
5.5,,,
4.24,,,
8.66,,,
5.85,,,
5.94,,,
20.93,,,
6.36,,,
6.85,,,
5.15,,,
6.38,,,
9.59,,,
4.57,,,
5.21,,,
6.62,,,
16.35,,,
12.12,,,
18.74,,,
16.25,,,
5.33,,,
5.05,,,
4.5,,,
4.66,,,
17.13,,,
5.89,,,
4.61,,,
17.93,,,
6.43,,,
4.85,,,
5.11,,,
4.74,,,
4.84,,,
4.71,,,
7.7,,,
7.26,,,
4.79,,,
5.31,,,
7.19,,,
5.78,,,
6.01,,,
20.66,,,
9.23,,,
15.39,,,
5.64,,,
4.41,,,
5.22,,,
19.82,,,
5.64,,,
4.78,,,
6.01,,,
4.54,,,
4.37,,,
4.81,,,
20.66,,,
15.63,,,
22.14,,,
9.8,,,
10.86,,,
6.01,,,
7.37,,,
8.85,,,
5.27,,,
6.03,,,
18.97,,,
4.85,,,
5.01,,,
4.87,,,
5.72,,,
6.46,,,
7.29,,,
4.96,,,
5.12,,,
6.26,,,
6.6,,,
23.61,,,
4.94,,,
6.51,,,
6.87,,,
8.5,,,
7.04,,,
5.79,,,
5.1,,,
6.26,,,
6.9,,,
5.11,,,
7.05,,,
6.15,,,
6.52,,,
6.62,,,
7.44,,,
6.97,,,
18.71,,,
7.11,,,
8.26,,,
5.73,,,
7.86,,,
5.51,,,
8.48,,,
7.91,,,
8.3,,,
5.14,,,
4.73,,,
7.53,,,
4.5,,,
7.64,,,
7.58,,,
6.03,,,
24.8,,,
6.37,,,
6.04,,,
9.11,,,
20.09,,,
6.42,,,
7,,,
4.89,,,
6.03,,,
17.26,,,
4.93,,,
6.65,,,
5.28,,,
6.94,,,
4.26,,,
4.76,,,
8.37,,,
4.96,,,
6.56,,,
5.37,,,
6.08,,,
8.12,,,
7.13,,,
6.16,,,
8.2,,,
14.65,,,
5.75,,,
4.42,,,
7.03,,,
21.74,,,
4.52,,,
14.25,,,
4.5,,,
19.34,,,
6.77,,,
6.85,,,
6.25,,,
4.93,,,
5.23,,,
4.72,,,
6.82,,,
5.31,,,
7.19,,,
65.62,,,
5.9,,,
21.11,,,
5.42,,,
15.46,,,
6.14,,,
4.83,,,
6.94,,,
5.96,,,
6.33,,,
5.67,,,
4.74,,,
8.67,,,
7,,,
6.82,,,
8.48,,,
6.53,,,
5.91,,,
4.54,,,
4.31,,,
5.01,,,
4.18,,,
14.42,,,
4.2,,,
4.61,,,
7.65,,,
4.85,,,
5.29,,,
4.76,,,
5.68,,,
4.68,,,
4.77,,,
4.19,,,
4.84,,,
4.2,,,
4.12,,,
5.9,,,
7.05,,,
5.06,,,
4.43,,,
4.67,,,
4.77,,,
5.31,,,
6.17,,,
5.57,,,
6.18,,,
6.63,,,
5.33,,,
5.1,,,
4.93,,,
5.29,,,
6.53,,,
9.57,,,
8.18,,,
7.06,,,
4.39,,,
4.68,,,
4.24,,,
4.87,,,
4.95,,,
5.32,,,
7.13,,,
5.77,,,
5.21,,,
5.91,,,
5.33,,,
6.35,,,
6.41,,,
6.41,,,
5.36,,,
5.17,,,
5.44,,,
4.99,,,
5.09,,,
4.52,,,
5.5,,,
5.09,,,
6.66,,,
4.9,,,
6.36,,,
6.69,,,
4.52,,,
5.32,,,
7.86,,,
6.02,,,
5.11,,,
10.73,,,
9.28,,,
4.93,,,
5.19,,,
4.29,,,
6.13,,,
4.27,,,
5.01,,,
4.89,,,
4.68,,,
5.03,,,
6.73,,,
4.75,,,
6.48,,,
8.74,,,
5.42,,,
4.57,,,
7.39,,,
4.88,,,
5.45,,,
4.75,,,
6.25,,,
7.06,,,
4.73,,,
4.69,,,
4.98,,,
5.44,,,
8.24,,,
6.45,,,
4.37,,,
5.26,,,
5.05,,,
6.44,,,
6.96,,,
7.25,,,
6.79,,,
4.55,,,
7.99,,,
11.96,,,
4.25,,,
6.02,,,
4.41,,,
4.83,,,
4.29,,,
4.35,,,
4.78,,,
5.9,,,
4.62,,,
5.22,,,
5.3,,,
7.31,,,
4.77,,,
6.56,,,
6.49,,,
9.26,,,
4.72,,,
16.11,,,
6.52,,,
5.76,,,
5.7,,,
8.78,,,
6.2,,,
6.86,,,
6.83,,,
5.3,,,
6.95,,,
20.4,,,
6.77,,,
4.85,,,
4.75,,,
5.54,,,
5.45,,,
5.91,,,
8.17,,,
6.17,,,
5.38,,,
5.13,,,
5.73,,,
6.23,,,
3.78,,,
7.57,,,
5.39,,,
7.17,,,
6.05,,,
5.88,,,
7.11,,,
9.44,,,
5.47,,,
6.83,,,
8.38,,,
5.05,,,
6.07,,,
6.63,,,
5.25,,,
5.79,,,
7.37,,,
6.44,,,
5.03,,,
6.21,,,
4.74,,,
5.59,,,
4.51,,,
6.54,,,
17.77,,,
5.26,,,
16.6,,,
5.54,,,
6.42,,,
4.24,,,
4.87,,,
6.1,,,
6.05,,,
6.18,,,
4.69,,,
6.61,,,
4.71,,,
6.21,,,
5.81,,,
5.1,,,
6.32,,,
5.5,,,
18.56,,,
4.64,,,
4.33,,,
14.43,,,
19.66,,,
6.13,,,
8.55,,,
7.01,,,
4.22,,,
5.32,,,
17.63,,,
5.14,,,
5.96,,,
4.7,,,
6.24,,,
4.78,,,
4.53,,,
5.59,,,
5.53,,,
4.94,,,
7.66,,,
6.32,,,
6.91,,,
18.4,,,
5.36,,,
5.63,,,
5.27,,,
4.92,,,
6.34,,,
5.46,,,
15.53,,,
5.05,,,
5.58,,,
5.43,,,
5.04,,,
4.68,,,
6.44,,,
7.05,,,
5.97,,,
4.71,,,
6.87,,,
6.55,,,
7.05,,,
7.16,,,
6.13,,,
5.23,,,
4.74,,,
17.97,,,
6.08,,,
6.32,,,
4.82,,,
6.88,,,
6.44,,,
7.55,,,
6.34,,,
16.52,,,
6.09,,,
8.23,,,
16.22,,,
5.97,,,
5.77,,,
6.7,,,
4.09,,,
6.29,,,
6.25,,,
5.33,,,
7.13,,,
7.14,,,
4.79,,,
5.1,,,
5.28,,,
7.85,,,
7.68,,,
5.93,,,
5.06,,,
5.83,,,
6.13,,,
17.69,,,
4.32,,,
6.51,,,
5.58,,,
9.03,,,
4.82,,,
5.04,,,
6.1,,,
4.87,,,
5.5,,,
9.25,,,
7.38,,,
4.92,,,
5.16,,,
5.95,,,
6.24,,,
6.35,,,
6.49,,,
8.51,,,
5.46,,,
8.33,,,
3.95,,,
8.41,,,
54.12,,,
4.75,,,
4.33,,,
4.74,,,
5.66,,,
6.09,,,
8.82,,,
4.73,,,
7.4,,,
7.23,,,
4.57,,,
4.67,,,
10.07,,,
4.9,,,
4.13,,,
10.06,,,
8.78,,,
9.63,,,
6.68,,,
8.05,,,
6.58,,,
7.75,,,
15.07,,,
27.59,,,
9.98,,,
5.97,,,
6.09,,,
6.77,,,
6.2,,,
5.32,,,
7.84,,,
5.72,,,
5.49,,,
5.25,,,
5.27,,,
7.55,,,
6.08,,,
6.07,,,
7.06,,,
5.09,,,
6.89,,,
4.89,,,
5.29,,,
6.76,,,
10.21,,,
5.26,,,
8.02,,,
6.83,,,
5.25,,,
5.8,,,
5.95,,,
7.18,,,
6.28,,,
4.26,,,
15.31,,,
5.23,,,
7.4,,,
11.73,,,
20.13,,,
5.18,,,
4.62,,,
7.12,,,
6.72,,,
5.21,,,
4.86,,,
6.64,,,
5.95,,,
5.43,,,
5.09,,,
8.93,,,
6.14,,,
6.81,,,
14.99,,,
5.09,,,
6.17,,,
8.92,,,
21.04,,,
5.04,,,
4.87,,,
4.83,,,
5.35,,,
7.22,,,
7.03,,,
5.16,,,
6.42,,,
7.17,,,
6.71,,,
5.97,,,
6.6,,,
6.65,,,
6.37,,,
51.74,,,
4.22,,,
18.14,,,
12.08,,,
11.37,,,
8.18,,,
6,,,
6.97,,,
20.93,,,
4.51,,,
6.69,,,
4.94,,,
10.56,,,
6.52,,,
6.68,,,
6.77,,,
20.96,,,
9.03,,,
6.1,,,
4.63,,,
4.32,,,
4.37,,,
6.44,,,
18.42,,,
15.99,,,
5.84,,,
6.93,,,
4.83,,,
6.44,,,
4.77,,,
5.22,,,
5.02,,,
5.29,,,
6.09,,,
4.84,,,
10.28,,,
4.98,,,
6.29,,,
8.26,,,
4.57,,,
5.01,,,
5.95,,,
15.5,,,
5.03,,,
8.48,,,
10.66,,,
5.6,,,
4.64,,,
6.24,,,
6.38,,,
4.52,,,
5.41,,,
6.07,,,
4.79,,,
4.61,,,
5.25,,,
4.44,,,
16.27,,,
4.28,,,
6.71,,,
4.79,,,
8.06,,,
8.53,,,
5.56,,,
30.02,,,
10.23,,,
4.64,,,
3.99,,,
7.67,,,
4.49,,,
4.84,,,
7.22,,,
5.72,,,
19.56,,,
3.95,,,
22.8,,,
5.72,,,
6.52,,,
6.45,,,
8.24,,,
8.23,,,
6.7,,,
5.35,,,
4.79,,,
4.66,,,
16.13,,,
5.78,,,
8.64,,,
7.03,,,
6.36,,,
9.01,,,
5.01,,,
7.08,,,
4.79,,,
6.44,,,
6.29,,,
5.65,,,
6.44,,,
55.72,,,
8.87,,,
7.53,,,
5.75,,,
4.15,,,
6.5,,,
4.11,,,
5.18,,,
6.7,,,
9.22,,,
5.38,,,
8.83,,,
18.57,,,
5.92,,,
5.08,,,
5.25,,,
6.45,,,
7.86,,,
5.63,,,
8.15,,,
6.33,,,
7.26,,,
15.6,,,
6.4,,,
16.26,,,
4.52,,,
5.22,,,
17.19,,,
5.69,,,
5.92,,,
6.09,,,
6.1,,,
5.96,,,
4.14,,,
4.33,,,
6.91,,,
17.35,,,
7.18,,,
6.96,,,
4.65,,,
4.78,,,
5.32,,,
5.66,,,
5.94,,,
7.01,,,
4.97,,,
6.93,,,
7.74,,,
5.53,,,
5.19,,,
5.34,,,
7.46,,,
5.29,,,
5.41,,,
6.79,,,
6.15,,,
8.01,,,
5.73,,,
7.08,,,
7.28,,,
4.83,,,
6.89,,,
7.1,,,
4.95,,,
52.74,,,
4.78,,,
5.83,,,
5.1,,,
8.65,,,
5.48,,,
4.95,,,
7.4,,,
7.4,,,
17.03,,,
13.23,,,
5.74,,,
6.14,,,
9.41,,,
5.39,,,
5.46,,,
16.78,,,
7.27,,,
5.23,,,
5.65,,,
6.41,,,
4.69,,,
18.01,,,
6.74,,,
4.78,,,
4.27,,,
5.08,,,
6.13,,,
16.55,,,
5.06,,,
5.33,,,
5.45,,,
6.39,,,
6.2,,,
51.52,,,
5.05,,,
9.55,,,
4.7,,,
4.36,,,
5.26,,,
12.17,,,
8.38,,,
4.81,,,
6.54,,,
5.52,,,
7.13,,,
9.33,,,
5.6,,,
9.22,,,
6.3,,,
6.92,,,
5.21,,,
6.8,,,
4.97,,,
5.53,,,
5.13,,,
8.94,,,
5.43,,,
6.03,,,
5.05,,,
5.89,,,
6.41,,,
5.75,,,
4.43,,,
7.03,,,
6.57,,,
5.66,,,
4.64,,,
6.82,,,
5.25,,,
6.71,,,
6.6,,,
6.82,,,
16.07,,,
4.62,,,
5.09,,,
7.74,,,
7.49,,,
5.05,,,
7.2,,,
5.06,,,
4.7,,,
4.57,,,
6.42,,,
5.61,,,
6,,,
4.42,,,
4.56,,,
5.65,,,
8.92,,,
8.24,,,
9.28,,,
4.86,,,
5.98,,,
6.64,,,
6.74,,,
6,,,
5.91,,,
18.55,,,
9.32,,,
7.18,,,
4.18,,,
4.73,,,
5.4,,,
6.33,,,
6.37,,,
4.55,,,
5.12,,,
5.19,,,
6.94,,,
5.73,,,
5.58,,,
14.84,,,
7.91,,,
20.34,,,
5.48,,,
17.56,,,
4.6,,,
6.02,,,
5.77,,,
20.98,,,
5.3,,,
6.26,,,
7.06,,,
9.27,,,
7.44,,,
5.05,,,
7.76,,,
6.2,,,
10.17,,,
4.67,,,
9.98,,,
14.83,,,
5.01,,,
18.6,,,
4.33,,,
5.25,,,
7.64,,,
5.69,,,
6.2,,,
5.85,,,
6.45,,,
7.52,,,
5.82,,,
5.64,,,
5.14,,,
6.12,,,
4.96,,,
4.65,,,
5.79,,,
6.5,,,
8.05,,,
6.87,,,
5.45,,,
29.26,,,
9.99,,,
5.64,,,
21.6,,,
4.53,,,
6.5,,,
5.14,,,
15.43,,,
5.22,,,
5.61,,,
4.85,,,
5.27,,,
6.75,,,
4.81,,,
9.64,,,
6.17,,,
6.31,,,
6.42,,,
6.87,,,
4.77,,,
6.27,,,
4.47,,,
4.31,,,
4.27,,,
5.95,,,
5.23,,,
7.37,,,
4.79,,,
6.23,,,
15.84,,,
18.88,,,
19.05,,,
6.86,,,
5.34,,,
21.22,,,
6.3,,,
5.38,,,
5.75,,,
8.71,,,
8.4,,,
7.68,,,
11.56,,,
7.09,,,
5.81,,,
6.19,,,
6.4,,,
4.41,,,
4.85,,,
20.97,,,
6.76,,,
5.84,,,
6.46,,,
9.07,,,
4.6,,,
6.32,,,
5.76,,,
9.08,,,
4.5,,,
7.41,,,
6.11,,,
17.62,,,
5.95,,,
6.17,,,
7.48,,,
6.07,,,
4.53,,,
5.01,,,
5.22,,,
6.55,,,
101.16,,,
7.4,,,
6.31,,,
6.35,,,
5.27,,,
7.73,,,
4.55,,,
4.83,,,
21.26,,,
6.15,,,
5.36,,,
4.51,,,
4.82,,,
18.4,,,
5.38,,,
6.23,,,
15.13,,,
5.24,,,
5.35,,,
5.79,,,
5.06,,,
6.59,,,
5.61,,,
6.75,,,
7.6,,,
6.95,,,
6.38,,,
5.02,,,
5.91,,,
5.56,,,
7.56,,,
4.49,,,
5.15,,,
4.06,,,
5.2,,,
5.27,,,
5.72,,,
5.03,,,
4.26,,,
6.66,,,
7.59,,,
5.06,,,
6.83,,,
6.2,,,
4.5,,,
4.77,,,
4.57,,,
5.09,,,
4.68,,,
4.8,,,
4.57,,,
6.51,,,
7.34,,,
4.35,,,
5.54,,,
4.62,,,
4.61,,,
14.14,,,
5.67,,,
6.43,,,
5.69,,,
15.74,,,
4.98,,,
5.88,,,
5.8,,,
7.29,,,
4.93,,,
4.87,,,
4.33,,,
6.23,,,
4.14,,,
4.65,,,
6.77,,,
6.32,,,
8.4,,,
4.97,,,
5.69,,,
7.4,,,
7.12,,,
11.3,,,
4.66,,,
6.42,,,
5.87,,,
4.6,,,
6.48,,,
6.32,,,
4.72,,,
5.52,,,
5.53,,,
5.39,,,
7.78,,,
6.3,,,
5.22,,,
6.09,,,
5.03,,,
4.9,,,
15.8,,,
16.04,,,
4.76,,,
4.27,,,
4.53,,,
4.71,,,
6.38,,,
9.14,,,
4.67,,,
7.23,,,
5.46,,,
5.53,,,
5.22,,,
13.29,,,
6.05,,,
4.95,,,
5.84,,,
6.19,,,
4.59,,,
5.47,,,
5.99,,,
6.67,,,
4.01,,,
5.58,,,
5.81,,,
4.58,,,
18.35,,,
7.06,,,
5.82,,,
9.3,,,
4.89,,,
5.23,,,
6.25,,,
5.53,,,
6.63,,,
5.23,,,
18.44,,,
5.13,,,
4.64,,,
5.2,,,
6.58,,,
5.17,,,
7.87,,,
6.62,,,
5.34,,,
16.96,,,
4.65,,,
4.12,,,
6.64,,,
4.59,,,
5.12,,,
18.3,,,
8.34,,,
4.67,,,
19.67,,,
8.08,,,
5.71,,,
6.62,,,
5.6,,,
5.28,,,
5.34,,,
15.92,,,
7.38,,,
7.01,,,
5.79,,,
4.94,,,
4.52,,,
5.37,,,
16.45,,,
5.76,,,
5.15,,,
5.33,,,
5.13,,,
5.78,,,
7.22,,,
5.13,,,
7.58,,,
7.11,,,
6.56,,,
5.55,,,
6.69,,,
5.3,,,
5.75,,,
4.89,,,
5.12,,,
4.26,,,
5.06,,,
4.76,,,
5.12,,,
5.09,,,
5.4,,,
4.67,,,
51.86,,,
5.48,,,
5.95,,,
6.02,,,
5.56,,,
6.81,,,
6.63,,,
4.76,,,
5.61,,,
6.71,,,
18.02,,,
16.35,,,
6.91,,,
5.04,,,
5.46,,,
4.98,,,
6.85,,,
4.58,,,
5.7,,,
6.78,,,
12.67,,,
4.57,,,
7.28,,,
7.42,,,
20.1,,,
6.7,,,
6.4,,,
6.71,,,
5.25,,,
9.44,,,
5.24,,,
19.14,,,
17.07,,,
5.03,,,
5.02,,,
7.24,,,
5.31,,,
5.15,,,
4.95,,,
5.51,,,
6.83,,,
7.24,,,
4.16,,,
4.68,,,
4.03,,,
4.44,,,
4.13,,,
4.8,,,
5.15,,,
6.14,,,
5.3,,,
5.96,,,
6.2,,,
5.92,,,
5.03,,,
5.76,,,
4.39,,,
7.76,,,
5.08,,,
7.04,,,
5.92,,,
4.83,,,
4.91,,,
6.89,,,
5.2,,,
5.56,,,
13.52,,,
4.31,,,
7.28,,,
26.9,,,
6.87,,,
12.41,,,
6.19,,,
6.52,,,
7.41,,,
8.9,,,
5.04,,,
5.65,,,
5.14,,,
8.91,,,
5.22,,,
5,,,
7.49,,,
4.14,,,
4.85,,,
9.34,,,
4.21,,,
5.11,,,
5.04,,,
5.84,,,
4.3,,,
15.89,,,
4.95,,,
6.27,,,
5.35,,,
7.09,,,
22.64,,,
17.91,,,
6.38,,,
6.5,,,
9.2,,,
5.72,,,
4.95,,,
6.29,,,
4.91,,,
4.21,,,
6.76,,,
7.07,,,
5.28,,,
9.51,,,
22.41,,,
8.04,,,
9.64,,,
5.69,,,
6.35,,,
4.61,,,
14.89,,,
18.98,,,
5.47,,,
5.25,,,
11.19,,,
13.82,,,
23.67,,,
15.08,,,
4.8,,,
8.15,,,
6.46,,,
5.56,,,
5.46,,,
4.99,,,
18.41,,,
4.96,,,
19.53,,,
5.73,,,
8.01,,,
21.85,,,
18.44,,,
17.61,,,
19.92,,,
9.52,,,
6.55,,,
5.61,,,
18.15,,,
7.96,,,
5.57,,,
5.66,,,
10.53,,,
5.93,,,
5.45,,,
7.29,,,
5.75,,,
24.38,,,
7.21,,,
5.03,,,
9.29,,,
5.97,,,
5.7,,,
6.87,,,
6.77,,,
18.49,,,
11.07,,,
5.45,,,
6.25,,,
19.37,,,
7.6,,,
5.94,,,
5.44,,,
5.1,,,
6.65,,,
7.08,,,
14.44,,,
5.98,,,
8.18,,,
19.1,,,
6.78,,,
7.36,,,
6.97,,,
7.64,,,
15.04,,,
5.61,,,
9.7,,,
7.96,,,
4.92,,,
5.57,,,
10.62,,,
5.22,,,
17.54,,,
20.44,,,
6.63,,,
5.11,,,
4.92,,,
5.32,,,
4.96,,,
6.52,,,
6.99,,,
6.43,,,
4.73,,,
4.6,,,
4.4,,,
4.89,,,
4.4,,,
4.5,,,
6.43,,,
4.96,,,
6.06,,,
19.93,,,
9.58,,,
4.95,,,
6.03,,,
5.76,,,
5.76,,,
6.44,,,
7.04,,,
6.88,,,
5.64,,,
4.72,,,
5.85,,,
5.1,,,
5.47,,,
5.74,,,
4.9,,,
5.84,,,
4.84,,,
5.14,,,
10.44,,,
6.4,,,
4.88,,,
7.22,,,
6.4,,,
4.23,,,
5.15,,,
8.78,,,
21.17,,,
5.94,,,
5.92,,,
7.86,,,
4.61,,,
5.44,,,
21.05,,,
5.13,,,
5.12,,,
4.59,,,
5.13,,,
4.97,,,
5.68,,,
6.78,,,
5.67,,,
6.34,,,
5.01,,,
4.42,,,
6.72,,,
4.18,,,
4.56,,,
4.62,,,
5.62,,,
3.89,,,
4.78,,,
6.88,,,
4.44,,,
4.87,,,
6.19,,,
4.67,,,
4.51,,,
6.03,,,
4.43,,,
5.77,,,
10.04,,,
7.76,,,
7.96,,,
11.49,,,
18.09,,,
7.94,,,
19.48,,,
6.12,,,
4.77,,,
6.62,,,
7.21,,,
4.79,,,
6.88,,,
5.52,,,
5.3,,,
5.69,,,
6.57,,,
5.55,,,
7.17,,,
19.34,,,
7.08,,,
9.01,,,
18.54,,,
15.61,,,
6.37,,,
15.65,,,
5.78,,,
6.51,,,
6.03,,,
19.64,,,
8.1,,,
6.23,,,
6.49,,,
22.89,,,
4.61,,,
6.42,,,
22.65,,,
8.21,,,
6.59,,,
5.71,,,
5.79,,,
6.47,,,
5.58,,,
5.63,,,
17.45,,,
7.02,,,
5.68,,,
18.91,,,
6.56,,,
5.98,,,
5.41,,,
8.34,,,
18,,,
7.68,,,
7.56,,,
22.11,,,
7.8,,,
5.96,,,
5.89,,,
6.51,,,
16.68,,,
32.29,,,
15.05,,,
5.4,,,
5.13,,,
6.37,,,
16.74,,,
6.79,,,
15.5,,,
8.06,,,
5.97,,,
5.73,,,
7.61,,,
6.16,,,
5.58,,,
5.65,,,
5.16,,,
7.12,,,
6.9,,,
5.19,,,
5.57,,,
7.26,,,
5.27,,,
6.95,,,
4.79,,,
17.03,,,
10.55,,,
4.99,,,
5.29,,,
5.05,,,
18.47,,,
5.66,,,
6.82,,,
5.23,,,
5.53,,,
5.02,,,
5.98,,,
5.12,,,
4.69,,,
6.6,,,
8.45,,,
7.95,,,
7.97,,,
4.19,,,
4.47,,,
6.07,,,
5.18,,,
6.06,,,
4.8,,,
4.63,,,
18.6,,,
5.2,,,
5.23,,,
6.82,,,
5.56,,,
5.78,,,
7.25,,,
5.45,,,
8.53,,,
5.48,,,
6.48,,,
21.2,,,
11.94,,,
5.93,,,
4.59,,,
5.27,,,
6.45,,,
9.54,,,
6.7,,,
13.77,,,
6.15,,,
4.68,,,
4.86,,,
5.51,,,
8.63,,,
4.81,,,
5.42,,,
4.31,,,
6.12,,,
6.99,,,
6.18,,,
5.7,,,
17.29,,,
4.79,,,
4.23,,,
5.94,,,
4.61,,,
6.51,,,
6.17,,,
5.98,,,
5.39,,,
6.72,,,
16.54,,,
5.02,,,
6.49,,,
8.47,,,
6.05,,,
5.51,,,
5.52,,,
6.31,,,
5.18,,,
4.91,,,
6.2,,,
4.7,,,
6.37,,,
7.28,,,
6.86,,,
6.52,,,
11.16,,,
7.54,,,
16.15,,,
4.17,,,
7.68,,,
13.98,,,
9.02,,,
5.24,,,
4.91,,,
7.11,,,
4.74,,,
15.27,,,
7.59,,,
8.13,,,
5.87,,,
4.32,,,
6.44,,,
8.69,,,
4.39,,,
15.54,,,
6.37,,,
5.03,,,
4.96,,,
5.26,,,
5.09,,,
4.8,,,
5.16,,,
6.77,,,
6.02,,,
5.13,,,
7.42,,,
4.76,,,
7.97,,,
5.53,,,
6.91,,,
7.81,,,
19.71,,,
4.42,,,
6.87,,,
9.53,,,
8.6,,,
4.89,,,
5.12,,,
6.34,,,
6.91,,,
8.35,,,
5.96,,,
5.75,,,
8.86,,,
7.26,,,
7.28,,,
5.54,,,
18.14,,,
4.54,,,
4.62,,,
4.4,,,
9.22,,,
4.78,,,
6.27,,,
4.66,,,
4.84,,,
4.95,,,
5.84,,,
6.05,,,
10.61,,,
16.15,,,
4.98,,,
7.2,,,
4.92,,,
5.71,,,
6.97,,,
5.34,,,
6.4,,,
15.26,,,
4.45,,,
5.78,,,
4.31,,,
7.03,,,
6.33,,,
8.62,,,
5.77,,,
7.04,,,
15.8,,,
5.66,,,
14.22,,,
20.45,,,
6.28,,,
7.57,,,
6.86,,,
8.47,,,
7.15,,,
6.42,,,
5.04,,,
4.14,,,
4.95,,,
4.46,,,
8.55,,,
4.66,,,
19.44,,,
9.17,,,
4.98,,,
15.67,,,
9.62,,,
5.48,,,
16.55,,,
5.16,,,
19.35,,,
18.66,,,
15.43,,,
100.39,,,
132.38,,,
8.27,,,
5.65,,,
10,,,
10.23,,,
5.61,,,
5.46,,,
6.1,,,
4.4,,,
4.9,,,
6.21,,,
16.57,,,
4.89,,,
6.64,,,
6.79,,,
6.89,,,
5.89,,,
11.23,,,
18.34,,,
6.03,,,
8.33,,,
4.99,,,
4.93,,,
6.45,,,
7.33,,,
6.85,,,
6.36,,,
4.29,,,
6.98,,,
19.16,,,
6.62,,,
19.56,,,
5.3,,,
4.83,,,
6.6,,,
11.72,,,
5.02,,,
6.89,,,
5.27,,,
6.1,,,
61.98,,,
4.88,,,
5.02,,,
6.33,,,
4.4,,,
4.5,,,
6.53,,,
4.56,,,
6.21,,,
16.44,,,
4.9,,,
6.57,,,
6.55,,,
17.79,,,
5.49,,,
5.2,,,
6.53,,,
6.81,,,
4.16,,,
5.41,,,
6.26,,,
18.74,,,
7.53,,,
5.25,,,
6.78,,,
6.72,,,
24.41,,,
5.58,,,
6.67,,,
10,,,
6.43,,,
4.58,,,
12.96,,,
4.37,,,
4.67,,,
5.29,,,
8.23,,,
4.91,,,
10.82,,,
4.89,,,
8.58,,,
4.96,,,
5.42,,,
7.61,,,
15.16,,,
7.81,,,
20.58,,,
4.89,,,
6.59,,,
5.95,,,
6.68,,,
6.36,,,
5.92,,,
6.69,,,
4.71,,,
6.37,,,
5.1,,,
4.65,,,
17.15,,,
8.37,,,
6.77,,,
5.22,,,
7.39,,,
5.1,,,
5.05,,,
5.75,,,
5.24,,,
6.07,,,
19.52,,,
5.36,,,
6.13,,,
5.36,,,
5.29,,,
7.04,,,
4.7,,,
7.82,,,
16.37,,,
8.16,,,
7.04,,,
6.87,,,
5.46,,,
4.65,,,
4.94,,,
5.21,,,
4.34,,,
5.39,,,
4.81,,,
16.64,,,
4.77,,,
4.69,,,
6.19,,,
4.52,,,
4.75,,,
4.99,,,
4.8,,,
5.33,,,
5.62,,,
20.22,,,
5.02,,,
5.02,,,
5.02,,,
4.75,,,
6.33,,,
4.98,,,
10.75,,,
5.31,,,
6.14,,,
4.97,,,
6.64,,,
5.27,,,
5.86,,,
4.95,,,
4.25,,,
5.73,,,
5.05,,,
5.3,,,
4.73,,,
6.15,,,
8.67,,,
4.11,,,
7.01,,,
5.86,,,
10.83,,,
9.74,,,
4.29,,,
4.65,,,
6.74,,,
4.26,,,
4.38,,,
4.16,,,
4.84,,,
7.67,,,
5.48,,,
10.96,,,
6.89,,,
5.11,,,
8.65,,,
5.81,,,
6.49,,,
4.49,,,
5.88,,,
6.58,,,
12.84,,,
20.75,,,
5.26,,,
4.64,,,
5.15,,,
5.33,,,
5.06,,,
5.86,,,
6.2,,,
4.72,,,
4.95,,,
4.35,,,
6.13,,,
9.34,,,
8.9,,,
6.01,,,
5.28,,,
14.66,,,
7.51,,,
7.03,,,
6.06,,,
5.01,,,
8.6,,,
6.25,,,
16.31,,,
6.36,,,
5.09,,,
5.01,,,
5.12,,,
5.32,,,
5.03,,,
7.06,,,
4.3,,,
17.28,,,
16.41,,,
4.49,,,
5.52,,,
5.98,,,
4.99,,,
21.43,,,
7.2,,,
4.99,,,
4.76,,,
4.94,,,
5.86,,,
6.07,,,
5.62,,,
6.71,,,
5.42,,,
10.41,,,
6.52,,,
10.29,,,
3.97,,,
5.8,,,
6.6,,,
8.59,,,
16.87,,,
8.05,,,
8.61,,,
6.81,,,
6.06,,,
6.97,,,
7.62,,,
6.33,,,
6.74,,,
6.19,,,
6.17,,,
4.86,,,
4.36,,,
4.59,,,
4.46,,,
7.2,,,
4.52,,,
5.7,,,
5.27,,,
5.57,,,
8.9,,,
15.35,,,
4.12,,,
5.4,,,
5.47,,,
4.73,,,
7.75,,,
13.94,,,
6.47,,,
5.58,,,
6.08,,,
6.78,,,
5.2,,,
6.09,,,
6.21,,,
19.33,,,
6,,,
5.75,,,
4.23,,,
7.14,,,
5.2,,,
9.19,,,
4.38,,,
7.63,,,
7.02,,,
20.02,,,
8.37,,,
6.09,,,
6.72,,,
4.94,,,
6.44,,,
5.47,,,
5.4,,,
5.33,,,
17.49,,,
4.84,,,
5.69,,,
4.59,,,
20.44,,,
4.78,,,
4.33,,,
4.96,,,
6.14,,,
62.67,,,
5.66,,,
4.89,,,
5.18,,,
5.43,,,
6.36,,,
7.81,,,
5.41,,,
5.09,,,
5.54,,,
7.26,,,
6.32,,,
5.52,,,
10.14,,,
15.7,,,
6.72,,,
6.18,,,
4.74,,,
4.79,,,
5.17,,,
18.07,,,
5.79,,,
21.26,,,
6.83,,,
19.2,,,
6.3,,,
7.34,,,
10.12,,,
5.16,,,
5.27,,,
4.88,,,
4.7,,,
4.61,,,
6.47,,,
4.06,,,
4.49,,,
9.71,,,
7.6,,,
5.06,,,
5.52,,,
4.73,,,
5.78,,,
8.29,,,
5.99,,,
5.75,,,
5.47,,,
4.99,,,
9.21,,,
4.84,,,
4.5,,,
19.61,,,
5.12,,,
17.28,,,
6.51,,,
6.26,,,
8.31,,,
12.44,,,
4.57,,,
6.99,,,
4.94,,,
5.6,,,
5.83,,,
5.91,,,
5.44,,,
15.64,,,
19.74,,,
6.41,,,
4.82,,,
16.77,,,
7,,,
15.92,,,
15.46,,,
16.07,,,
6.11,,,
6.69,,,
6.33,,,
7.75,,,
6.26,,,
5.79,,,
5.38,,,
7.74,,,
5.46,,,
15.85,,,
5.21,,,
5.17,,,
4.81,,,
6.18,,,
5.5,,,
5.27,,,
6.3,,,
5.28,,,
7.53,,,
7.81,,,
4.66,,,
7.11,,,
4.52,,,
5.84,,,
4.86,,,
19.22,,,
5.1,,,
5.86,,,
6.07,,,
6.37,,,
7.86,,,
4.61,,,
12.04,,,
19.12,,,
8.12,,,
7.56,,,
5.14,,,
6.76,,,
4.81,,,
4.74,,,
6.41,,,
6.11,,,
4.57,,,
7.05,,,
6.43,,,
4.51,,,
6.48,,,
14.91,,,
5.92,,,
16.57,,,
16.42,,,
6.41,,,
6.87,,,
16.74,,,
7.62,,,
10.36,,,
17.58,,,
4.66,,,
5.17,,,
4.46,,,
5.38,,,
4.68,,,
5.48,,,
14.91,,,
5.5,,,
6.19,,,
4.72,,,
7.62,,,
5.27,,,
6.37,,,
5,,,
6.54,,,
19.34,,,
10.24,,,
7.13,,,
4.81,,,
5.67,,,
5.98,,,
5.22,,,
9.31,,,
6.41,,,
5.18,,,
8.27,,,
6.42,,,
4.59,,,
6.19,,,
4.15,,,
4.29,,,
8.11,,,
11.01,,,
8.73,,,
5.17,,,
8,,,
7.15,,,
7.68,,,
15.41,,,
7.56,,,
4.98,,,
7.21,,,
19.21,,,
5.17,,,
16.45,,,
5.88,,,
5.9,,,
5.94,,,
7.85,,,
5.24,,,
8.17,,,
6.87,,,
7.41,,,
6.66,,,
7.55,,,
5.88,,,
6.13,,,
9.27,,,
7.08,,,
5.38,,,
5.49,,,
5.07,,,
7.52,,,
5.95,,,
7.39,,,
6.23,,,
6.76,,,
6.81,,,
6,,,
5.42,,,
18.29,,,
5.09,,,
4.71,,,
4.6,,,
4.53,,,
5.28,,,
4.59,,,
5.11,,,
4.55,,,
4.76,,,
5.89,,,
5.58,,,
5.11,,,
5.39,,,
4.97,,,
6.49,,,
4.26,,,
6.53,,,
4.93,,,
4.87,,,
8.67,,,
17.87,,,
5.77,,,
4.85,,,
7.7,,,
6.6,,,
5.57,,,
4.78,,,
4.5,,,
4.7,,,
5.65,,,
7.89,,,
18.57,,,
5.36,,,
4.97,,,
18.33,,,
4.68,,,
6.55,,,
4.85,,,
19.9,,,
4.83,,,
6.83,,,
5.78,,,
5.29,,,
6.38,,,
4.36,,,
8.65,,,
6.07,,,
4.32,,,
5.62,,,
8.68,,,
4.42,,,
5.42,,,
11.72,,,
5.41,,,
5.55,,,
7.19,,,
5.44,,,
5.04,,,
4.74,,,
6.12,,,
11.2,,,
15.26,,,
5.12,,,
5.52,,,
6.69,,,
5.11,,,
5.56,,,
5.84,,,
10.89,,,
6.57,,,
6.18,,,
5.32,,,
10.47,,,
4.96,,,
7.88,,,
5.11,,,
6.14,,,
5.64,,,
21.26,,,
7.16,,,
10.73,,,
6.13,,,
6.25,,,
6.25,,,
8.21,,,
5.56,,,
14.44,,,
34.32,,,
7.24,,,
7.54,,,
22.85,,,
5.97,,,
5.69,,,
5.04,,,
6.67,,,
7.19,,,
6.53,,,
4.7,,,
5.18,,,
4.64,,,
17.31,,,
5.25,,,
4.69,,,
5.92,,,
7.01,,,
5.23,,,
9.59,,,
4.69,,,
8.34,,,
4.65,,,
5.26,,,
4.62,,,
5.13,,,
6.09,,,
5.35,,,
5.89,,,
5.73,,,
6.05,,,
8.26,,,
5.74,,,
5.56,,,
6.33,,,
7.28,,,
7.03,,,
5.22,,,
6.33,,,
15.68,,,
4.29,,,
5.33,,,
5.09,,,
6.48,,,
5.09,,,
5.77,,,
4.45,,,
7.27,,,
5.11,,,
4.74,,,
5.68,,,
6.28,,,
5.45,,,
9.12,,,
7.64,,,
4.26,,,
4.94,,,
8.6,,,
5.62,,,
8.84,,,
4.67,,,
6.86,,,
5.48,,,
5.52,,,
4.87,,,
5.13,,,
6.91,,,
6.63,,,
7.59,,,
5.04,,,
7.26,,,
7.86,,,
22.81,,,
5.31,,,
5.91,,,
8.53,,,
29.34,,,
6.9,,,
5.96,,,
4.92,,,
7.55,,,
6.97,,,
8.97,,,
6.66,,,
6.64,,,
Response Time Get Static: 39.26 ms
Response Time Get Static: 43.71 ms
Response Time Get Static: 43.99 ms
Response Time Get Static: 43.48 ms
Response Time Get Static: 40.04 ms
Response Time Get Static: 37.55 ms
Response Time Get Static: 39.28 ms
Response Time Get Static: 38.03 ms
Response Time Get Static: 2.85 ms
Response Time Get Static: 4.26 ms
Response Time Get Static: 2.78 ms
Response Time Get Static: 36.38 ms
Response Time Get Static: 38.47 ms
Response Time Get Static: 40.31 ms
Response Time Get Static: 3.19 ms
Response Time Get Static: 3.19 ms
Response Time Get Static: 2.66 ms
Response Time Get Static: 3.19 ms
Response Time Get Static: 3.47 ms
Response Time Get Static: 3.29 ms
Response Time Get Static: 3.44 ms
Response Time Get Static: 3.30 ms
Response Time Get Static: 2.95 ms
Response Time Get Static: 3.21 ms
Response Time Get Static: 3.30 ms
Response Time Get Static: 36.91 ms
Response Time Get Static: 3.83 ms
Response Time Get Static: 36.06 ms
Response Time Get Static: 57.93 ms
Response Time Get Static: 3.27 ms
Response Time Get Static: 3.30 ms
Response Time Get Static: 3.84 ms
Response Time Get Static: 3.93 ms
Response Time Get Static: 3.41 ms
Response Time Get Static: 4.88 ms
Response Time Get Static: 35.06 ms
Response Time Get Static: 35.53 ms
Response Time Get Static: 36.03 ms
Response Time Get Static: 4.29 ms
Response Time Get Static: 40.55 ms
Response Time Get Static: 4.13 ms
Response Time Get Static: 36.36 ms
Response Time Get Static: 38.34 ms
Response Time Get Static: 2.84 ms
Response Time Get Static: 11.92 ms
Response Time Get Static: 95.55 ms
Response Time Get Static: 64.47 ms
Response Time Get Static: 60.61 ms
Response Time Get Static: 58.44 ms
Response Time Get Static: 58.45 ms
Response Time Get Static: 63.58 ms
Response Time Get Static: 106.00 ms
Response Time Get Static: 61.37 ms
Response Time Get Static: 39.64 ms
Response Time Get Static: 3.34 ms
Response Time Get Static: 3.63 ms
Response Time Get Static: 3.26 ms
Response Time Get Static: 3.51 ms
Response Time Get Static: 2.66 ms
Response Time Get Static: 3.22 ms
Response Time Get Static: 2.98 ms
Response Time Get Static: 2.68 ms
Response Time Get Static: 3.32 ms
Response Time Get Static: 4.25 ms
Response Time Get Static: 3.30 ms
Response Time Get Static: 3.47 ms
Response Time Get Static: 42.07 ms
Response Time Get Static: 4.01 ms
Response Time Get Static: 3.39 ms
Response Time Get Static: 2.54 ms
Response Time Get Static: 4.17 ms
Response Time Get Static: 3.49 ms
Response Time Get Static: 2.94 ms
Response Time Get Static: 4.43 ms
Response Time Get Static: 3.60 ms
Response Time Get Static: 2.61 ms
Response Time Get Static: 2.81 ms
Response Time Get Static: 3.97 ms
Response Time Get Static: 2.87 ms
Response Time Get Static: 3.13 ms
Response Time Get Static: 3.66 ms
Response Time Get Static: 4.39 ms
Response Time Get Static: 90.04 ms
Response Time Get Static: 2.27 ms
Response Time Get Static: 2.65 ms
Response Time Get Static: 2.66 ms
Response Time Get Static: 2.82 ms
Response Time Get Static: 2.76 ms
Response Time Get Static: 3.17 ms
Response Time Get Static: 2.85 ms
Response Time Get Static: 2.42 ms
Response Time Get Static: 2.36 ms
Response Time Get Static: 2.69 ms
Response Time Get Static: 2.80 ms
Response Time Get Static: 2.80 ms
Response Time Get Static: 3.66 ms
Response Time Get Static: 2.84 ms
Response Time Get Static: 2.80 ms
Response Time Get Static: 384.53 ms
Response Time Get Static: 2.59 ms
Response Time Get Static: 2.68 ms
Response Time Get Static: 72.51 ms
Response Time Get Static: 61.79 ms
Response Time Get Static: 12.81 ms
Response Time Get Static: 5.31 ms
Response Time Get Static: 4.88 ms
Response Time Get Static: 5.40 ms
Response Time Get Static: 6.17 ms
Response Time Get Static: 5.46 ms
Response Time Get Static: 5.56 ms
Response Time Get Static: 4.89 ms
Response Time Get Static: 5.62 ms
Response Time Get Static: 7.15 ms
Response Time Get Static: 5.32 ms
Response Time Get Static: 5.38 ms
Response Time Get Static: 5.95 ms
Response Time Get Static: 11.53 ms
Response Time Get Static: 5.82 ms
Response Time Get Static: 7.64 ms
Response Time Get Static: 31.33 ms
Response Time Get Static: 40.58 ms
Response Time Get Static: 5.72 ms
Response Time Get Static: 5.19 ms
Response Time Get Static: 12.08 ms
Response Time Get Static: 5.41 ms
Response Time Get Static: 5.34 ms
Response Time Get Static: 4.99 ms
Response Time Get Static: 5.54 ms
Response Time Get Static: 6.09 ms
Response Time Get Static: 6.50 ms
Response Time Get Static: 4.00 ms
Response Time Get Static: 61.27 ms
Response Time Get Static: 5.94 ms
Response Time Get Static: 5.57 ms
Response Time Get Static: 4.87 ms
Response Time Get Static: 5077.19 ms
Response Time Get Static: 626.79 ms
Response Time Get Static: 1251.70 ms
Response Time Get Static: 2444.61 ms
Response Time Get Static: 9.84 ms
Response Time Get Static: 9.48 ms
Response Time Get Static: 9.75 ms
Response Time Get Static: 10.60 ms
Response Time Get Static: 9.70 ms
Response Time Get Static: 7.36 ms
Response Time Get Static: 10.21 ms
Response Time Get Static: 9.69 ms
Response Time Get Static: 9.42 ms
Response Time Get Static: 21.22 ms
Response Time Get Static: 14.03 ms
Response Time Get Static: 11.56 ms
Response Time Get Static: 21.87 ms
Response Time Get Static: 13.22 ms
Response Time Get Static: 10.29 ms
Response Time Get Static: 10.10 ms
Response Time Get Static: 49.07 ms
Response Time Get Static: 7.37 ms
Response Time Get Static: 9.92 ms
Response Time Get Static: 12.94 ms
Response Time Get Static: 8.19 ms
Response Time Get Static: 11.30 ms
Response Time Get Static: 11.29 ms
Response Time Get Static: 13.62 ms
Response Time Get Static: 13.02 ms
Response Time Get Static: 12.08 ms
Response Time Get Static: 11.07 ms
Response Time Get Static: 8.68 ms
Response Time Get Static: 10.26 ms
Response Time Get Static: 13.49 ms
Response Time Get Static: 7.83 ms
Response Time Get Static: 10.64 ms
Response Time Get Static: 29.13 ms
Response Time Get Static: 8.22 ms
Response Time Get Static: 9.76 ms
Response Time Get Static: 10.62 ms
Response Time Get Static: 8.93 ms
Response Time Get Static: 9.88 ms
Response Time Get Static: 8.44 ms
Response Time Get Static: 2408.96 ms
Response Time Get Static: 6.70 ms
Response Time Get Static: 11.26 ms
Response Time Get Static: 7.39 ms
Response Time Get Static: 7.37 ms
Response Time Get Static: 10.15 ms
Response Time Get Static: 8.35 ms
Response Time Get Static: 14.68 ms
Response Time Get Static: 33.41 ms
Response Time Get Static: 8.37 ms
Response Time Get Static: 10.50 ms
Response Time Get Static: 18.37 ms
Response Time Get Static: 31.91 ms
Response Time Get Static: 7.26 ms
Response Time Get Static: 46.31 ms
Response Time Get Static: 7.65 ms
Response Time Get Static: 7.51 ms
Response Time Get Static: 8.58 ms
Response Time Get Static: 7.12 ms
Response Time Get Static: 9.88 ms
Response Time Get Static: 7938.55 ms
Response Time Get Static: 11.53 ms
Response Time Get Static: 11.26 ms
Response Time Get Static: 9.34 ms
Response Time Get Static: 11.22 ms
Response Time Get Static: 11.16 ms
Response Time Get Static: 28.72 ms
Response Time Get Static: 6.51 ms
Response Time Get Static: 11.59 ms
Response Time Get Static: 12.39 ms
Response Time Get Static: 10.18 ms
Response Time Get Static: 19.29 ms
Response Time Get Static: 11.62 ms
Response Time Get Static: 44.32 ms
Response Time Get Static: 40.95 ms
Response Time Get Static: 13.63 ms
Response Time Get Static: 27.11 ms
Response Time Get Static: 28.23 ms
Response Time Get Static: 12.66 ms
Response Time Get Static: 15.06 ms
Response Time Get Static: 11.31 ms
Response Time Get Static: 14.91 ms
Response Time Get Static: 11.50 ms
Response Time Get Static: 7.63 ms
Response Time Get Static: 9.57 ms
Response Time Get Static: 4835.06 ms
Response Time Get Static: 1019.29 ms
Response Time Get Static: 525.29 ms
Response Time Get Static: 512.01 ms
Response Time Get Static: 2848.78 ms
Response Time Get Static: 2340.76 ms
Response Time Get Static: 32.50 ms
Response Time Get Static: 27.69 ms
Response Time Get Static: 8.60 ms
Response Time Get Static: 7.13 ms
Response Time Get Static: 7.07 ms
Response Time Get Static: 9.46 ms
Response Time Get Static: 11.49 ms
Response Time Get Static: 2710.50 ms
Response Time Get Static: 16.83 ms
Response Time Get Static: 15.46 ms
Response Time Get Static: 9.93 ms
Response Time Get Static: 19.88 ms
Response Time Get Static: 7.70 ms
Response Time Get Static: 93.56 ms
Response Time Get Static: 8.00 ms
Response Time Get Static: 2340.56 ms
Response Time Get Static: 7.53 ms
Response Time Get Static: 7.02 ms
Response Time Get Static: 10.32 ms
Response Time Get Static: 15.81 ms
Response Time Get Static: 10.33 ms
Response Time Get Static: 7.38 ms
Response Time Get Static: 10.10 ms
Response Time Get Static: 9.99 ms
Response Time Get Static: 8.54 ms
Response Time Get Static: 11.63 ms
Response Time Get Static: 7.47 ms
Response Time Get Static: 11.28 ms
Response Time Get Static: 6.41 ms
Response Time Get Static: 11.04 ms
Response Time Get Static: 16.43 ms
Response Time Get Static: 11.53 ms
Response Time Get Static: 129.57 ms
Response Time Get Static: 9.47 ms
Response Time Get Static: 65.69 ms
Response Time Get Static: 19.69 ms
Response Time Get Static: 8.09 ms
Response Time Get Static: 11.88 ms
Response Time Get Static: 2641.06 ms
Response Time Get Static: 12.56 ms
Response Time Get Static: 7.79 ms
Response Time Get Static: 15.50 ms
Response Time Get Static: 24.39 ms
Response Time Get Static: 2348.47 ms
Response Time Get Static: 8.22 ms
Response Time Get Static: 11.76 ms
Response Time Get Static: 26.91 ms
Response Time Get Static: 11.39 ms
Response Time Get Static: 7.35 ms
Response Time Get Static: 2669.63 ms
Response Time Get Static: 8.19 ms
Response Time Get Static: 2344.65 ms
Response Time Get Static: 2645.28 ms
Response Time Get Static: 2345.14 ms
Response Time Get Static: 2331.35 ms
Response Time Get Static: 2678.89 ms
Response Time Get Static: 2336.88 ms
Response Time Get Static: 2379.13 ms
Response Time Get Static: 2341.02 ms
Response Time Get Static: 2652.04 ms
Response Time Get Static: 2339.66 ms
Response Time Get Static: 4471.93 ms
Response Time Get Static: 7.85 ms
Response Time Get Static: 27.44 ms
Response Time Get Static: 7.32 ms
Response Time Get Static: 7.62 ms
Response Time Get Static: 10.86 ms
Response Time Get Static: 10.35 ms
Response Time Get Static: 9.68 ms
Response Time Get Static: 10.80 ms
Response Time Get Static: 12.40 ms
Response Time Get Static: 7.67 ms
Response Time Get Static: 11.88 ms
Response Time Get Static: 2345.39 ms
Response Time Get Static: 11.70 ms
Response Time Get Static: 8.96 ms
Response Time Get Static: 9.18 ms
Response Time Get Static: 11.04 ms
Response Time Get Static: 10.89 ms
Response Time Get Static: 11.07 ms
Response Time Get Static: 11.01 ms
Response Time Get Static: 8.31 ms
Response Time Get Static: 9.87 ms
Response Time Get Static: 15.38 ms
Response Time Get Static: 10.09 ms
Response Time Get Static: 3165.77 ms
Response Time Get Static: 538.81 ms
Response Time Get Static: 517.41 ms
Response Time Get Static: 11.34 ms
Response Time Get Static: 8.32 ms
Response Time Get Static: 8.75 ms
Response Time Get Static: 572.96 ms
Response Time Get Static: 519.46 ms
Response Time Get Static: 11.51 ms
Response Time Get Static: 2350.59 ms
Response Time Get Static: 11.16 ms
Response Time Get Static: 2373.32 ms
Response Time Get Static: 2332.69 ms
Response Time Get Static: 2868.33 ms
Response Time Get Static: 533.42 ms
Response Time Get Static: 3175.07 ms
Response Time Get Static: 527.45 ms
