8,,Min,0
2,,Max,70
2,,Sum,37754
2,,Mean,3.7754
2,,Variance,16.78883372
2,,Std. Dev,4.097417934
2,,CoV,1.085293726
2,,,
2,,,
2,,,
2,,,
2,,,
2,,,
2,,,
2,,,
2,,,
2,,,
2,,,
2,,,
15,,,
2,,,
2,,,
2,,,
2,,,
2,,,
2,,,
2,,,
2,,,
3,,,
2,,,
2,,,
2,,,
2,,,
2,,,
2,,,
2,,,
52,,,
2,,,
2,,,
2,,,
2,,,
2,,,
2,,,
2,,,
2,,,
1,,,
2,,,
2,,,
2,,,
2,,,
2,,,
2,,,
2,,,
2,,,
2,,,
2,,,
2,,,
1,,,
2,,,
2,,,
3,,,
3,,,
2,,,
2,,,
2,,,
2,,,
2,,,
2,,,
1,,,
2,,,
2,,,
2,,,
3,,,
2,,,
2,,,
2,,,
2,,,
3,,,
2,,,
2,,,
2,,,
2,,,
5,,,
3,,,
2,,,
2,,,
2,,,
2,,,
2,,,
2,,,
2,,,
2,,,
2,,,
2,,,
2,,,
2,,,
2,,,
2,,,
2,,,
2,,,
2,,,
2,,,
2,,,
2,,,
2,,,
2,,,
2,,,
2,,,
2,,,
2,,,
2,,,
2,,,
2,,,
2,,,
2,,,
2,,,
2,,,
2,,,
2,,,
2,,,
1,,,
2,,,
2,,,
2,,,
2,,,
2,,,
2,,,
2,,,
2,,,
2,,,
2,,,
2,,,
2,,,
2,,,
2,,,
2,,,
2,,,
2,,,
2,,,
2,,,
2,,,
2,,,
2,,,
2,,,
2,,,
2,,,
2,,,
2,,,
3,,,
2,,,
3,,,
1,,,
2,,,
2,,,
2,,,
2,,,
2,,,
2,,,
2,,,
3,,,
2,,,
2,,,
2,,,
2,,,
2,,,
2,,,
2,,,
3,,,
2,,,
2,,,
2,,,
2,,,
2,,,
2,,,
2,,,
25,,,
2,,,
2,,,
2,,,
2,,,
2,,,
2,,,
2,,,
2,,,
2,,,
7,,,
2,,,
2,,,
2,,,
2,,,
2,,,
2,,,
2,,,
2,,,
2,,,
2,,,
2,,,
3,,,
2,,,
2,,,
2,,,
2,,,
2,,,
2,,,
2,,,
2,,,
2,,,
2,,,
2,,,
2,,,
2,,,
2,,,
2,,,
2,,,
2,,,
2,,,
2,,,
2,,,
2,,,
2,,,
2,,,
2,,,
2,,,
2,,,
2,,,
2,,,
2,,,
2,,,
2,,,
2,,,
2,,,
2,,,
2,,,
2,,,
2,,,
2,,,
2,,,
2,,,
2,,,
2,,,
2,,,
2,,,
2,,,
2,,,
2,,,
2,,,
2,,,
11,,,
2,,,
2,,,
2,,,
2,,,
3,,,
2,,,
2,,,
2,,,
2,,,
2,,,
2,,,
2,,,
2,,,
2,,,
2,,,
2,,,
2,,,
2,,,
2,,,
2,,,
2,,,
2,,,
2,,,
2,,,
2,,,
2,,,
2,,,
2,,,
2,,,
2,,,
2,,,
2,,,
2,,,
2,,,
2,,,
2,,,
2,,,
2,,,
2,,,
2,,,
2,,,
2,,,
2,,,
2,,,
1,,,
2,,,
2,,,
2,,,
2,,,
3,,,
2,,,
2,,,
2,,,
2,,,
2,,,
2,,,
2,,,
2,,,
2,,,
2,,,
2,,,
2,,,
2,,,
2,,,
6,,,
2,,,
2,,,
2,,,
2,,,
2,,,
2,,,
2,,,
3,,,
3,,,
3,,,
2,,,
2,,,
2,,,
2,,,
2,,,
2,,,
2,,,
2,,,
2,,,
3,,,
2,,,
7,,,
2,,,
2,,,
2,,,
2,,,
3,,,
2,,,
2,,,
2,,,
2,,,
2,,,
3,,,
3,,,
2,,,
2,,,
2,,,
5,,,
2,,,
2,,,
2,,,
2,,,
2,,,
2,,,
2,,,
2,,,
3,,,
2,,,
2,,,
2,,,
2,,,
2,,,
1,,,
2,,,
2,,,
2,,,
2,,,
2,,,
3,,,
3,,,
2,,,
2,,,
2,,,
2,,,
2,,,
2,,,
2,,,
2,,,
2,,,
2,,,
2,,,
2,,,
2,,,
2,,,
2,,,
2,,,
2,,,
2,,,
2,,,
2,,,
2,,,
2,,,
2,,,
2,,,
2,,,
2,,,
2,,,
2,,,
2,,,
2,,,
2,,,
2,,,
3,,,
2,,,
2,,,
30,,,
2,,,
2,,,
2,,,
2,,,
2,,,
3,,,
2,,,
2,,,
2,,,
2,,,
2,,,
2,,,
2,,,
2,,,
2,,,
2,,,
2,,,
2,,,
2,,,
2,,,
2,,,
3,,,
2,,,
3,,,
2,,,
2,,,
2,,,
2,,,
2,,,
2,,,
2,,,
2,,,
2,,,
2,,,
2,,,
2,,,
2,,,
2,,,
14,,,
2,,,
2,,,
2,,,
2,,,
2,,,
2,,,
2,,,
2,,,
3,,,
2,,,
2,,,
2,,,
3,,,
2,,,
2,,,
2,,,
2,,,
2,,,
2,,,
2,,,
2,,,
2,,,
2,,,
2,,,
2,,,
2,,,
2,,,
2,,,
2,,,
6,,,
2,,,
2,,,
2,,,
2,,,
2,,,
2,,,
4,,,
2,,,
4,,,
3,,,
2,,,
2,,,
2,,,
2,,,
2,,,
2,,,
2,,,
2,,,
2,,,
2,,,
2,,,
2,,,
2,,,
2,,,
2,,,
2,,,
2,,,
2,,,
2,,,
2,,,
2,,,
2,,,
3,,,
2,,,
2,,,
2,,,
2,,,
2,,,
2,,,
2,,,
2,,,
2,,,
2,,,
2,,,
2,,,
3,,,
2,,,
2,,,
2,,,
2,,,
2,,,
2,,,
2,,,
2,,,
2,,,
2,,,
2,,,
2,,,
2,,,
2,,,
2,,,
2,,,
2,,,
2,,,
2,,,
2,,,
2,,,
2,,,
3,,,
2,,,
2,,,
3,,,
2,,,
2,,,
2,,,
2,,,
2,,,
2,,,
2,,,
2,,,
2,,,
2,,,
2,,,
2,,,
2,,,
2,,,
2,,,
2,,,
2,,,
2,,,
3,,,
2,,,
2,,,
2,,,
2,,,
2,,,
2,,,
2,,,
2,,,
2,,,
2,,,
2,,,
2,,,
2,,,
2,,,
2,,,
2,,,
2,,,
2,,,
3,,,
2,,,
2,,,
2,,,
2,,,
2,,,
2,,,
2,,,
2,,,
2,,,
3,,,
2,,,
2,,,
2,,,
2,,,
2,,,
2,,,
2,,,
2,,,
2,,,
2,,,
2,,,
2,,,
2,,,
2,,,
2,,,
2,,,
2,,,
2,,,
2,,,
2,,,
2,,,
3,,,
2,,,
2,,,
2,,,
1,,,
2,,,
2,,,
2,,,
2,,,
2,,,
2,,,
3,,,
2,,,
2,,,
2,,,
2,,,
2,,,
3,,,
2,,,
2,,,
2,,,
2,,,
2,,,
2,,,
2,,,
2,,,
2,,,
2,,,
3,,,
2,,,
2,,,
2,,,
2,,,
2,,,
2,,,
2,,,
3,,,
2,,,
2,,,
2,,,
2,,,
2,,,
2,,,
2,,,
2,,,
2,,,
3,,,
2,,,
2,,,
2,,,
2,,,
2,,,
2,,,
2,,,
2,,,
2,,,
2,,,
2,,,
2,,,
2,,,
2,,,
2,,,
2,,,
2,,,
2,,,
2,,,
2,,,
2,,,
2,,,
2,,,
2,,,
2,,,
2,,,
2,,,
2,,,
2,,,
2,,,
14,,,
2,,,
2,,,
3,,,
2,,,
2,,,
2,,,
2,,,
48,,,
2,,,
2,,,
2,,,
3,,,
2,,,
2,,,
2,,,
2,,,
2,,,
2,,,
2,,,
2,,,
2,,,
2,,,
2,,,
2,,,
2,,,
2,,,
2,,,
2,,,
2,,,
2,,,
2,,,
2,,,
2,,,
2,,,
2,,,
2,,,
2,,,
2,,,
2,,,
2,,,
2,,,
2,,,
2,,,
3,,,
2,,,
2,,,
3,,,
2,,,
2,,,
2,,,
2,,,
2,,,
3,,,
2,,,
3,,,
2,,,
3,,,
3,,,
3,,,
2,,,
2,,,
3,,,
2,,,
2,,,
2,,,
2,,,
2,,,
3,,,
2,,,
3,,,
2,,,
2,,,
2,,,
2,,,
2,,,
2,,,
2,,,
2,,,
2,,,
2,,,
2,,,
2,,,
2,,,
2,,,
2,,,
2,,,
2,,,
2,,,
2,,,
2,,,
2,,,
2,,,
16,,,
2,,,
2,,,
2,,,
2,,,
2,,,
2,,,
2,,,
2,,,
2,,,
2,,,
2,,,
2,,,
2,,,
2,,,
2,,,
2,,,
2,,,
12,,,
2,,,
2,,,
2,,,
2,,,
2,,,
2,,,
2,,,
2,,,
2,,,
2,,,
47,,,
2,,,
2,,,
2,,,
2,,,
3,,,
2,,,
2,,,
2,,,
2,,,
2,,,
2,,,
2,,,
2,,,
2,,,
2,,,
2,,,
2,,,
2,,,
2,,,
2,,,
2,,,
2,,,
2,,,
2,,,
2,,,
2,,,
2,,,
2,,,
2,,,
2,,,
2,,,
2,,,
2,,,
2,,,
3,,,
4,,,
2,,,
2,,,
2,,,
2,,,
2,,,
2,,,
2,,,
2,,,
2,,,
2,,,
2,,,
3,,,
2,,,
2,,,
2,,,
2,,,
2,,,
2,,,
2,,,
2,,,
2,,,
2,,,
2,,,
2,,,
2,,,
2,,,
2,,,
2,,,
2,,,
2,,,
2,,,
2,,,
2,,,
2,,,
2,,,
2,,,
2,,,
2,,,
2,,,
2,,,
2,,,
2,,,
2,,,
2,,,
2,,,
2,,,
2,,,
2,,,
2,,,
2,,,
2,,,
2,,,
2,,,
2,,,
2,,,
2,,,
2,,,
2,,,
2,,,
2,,,
2,,,
2,,,
2,,,
2,,,
2,,,
2,,,
2,,,
2,,,
2,,,
2,,,
2,,,
2,,,
2,,,
2,,,
2,,,
3,,,
3,,,
3,,,
2,,,
2,,,
3,,,
3,,,
3,,,
2,,,
3,,,
2,,,
3,,,
2,,,
2,,,
2,,,
2,,,
2,,,
2,,,
2,,,
2,,,
2,,,
2,,,
2,,,
2,,,
2,,,
2,,,
2,,,
3,,,
3,,,
3,,,
3,,,
2,,,
3,,,
2,,,
2,,,
2,,,
2,,,
2,,,
2,,,
2,,,
2,,,
2,,,
2,,,
2,,,
2,,,
1,,,
2,,,
2,,,
2,,,
2,,,
2,,,
2,,,
2,,,
2,,,
2,,,
2,,,
2,,,
2,,,
2,,,
2,,,
2,,,
2,,,
2,,,
2,,,
3,,,
2,,,
2,,,
2,,,
2,,,
2,,,
2,,,
2,,,
2,,,
2,,,
3,,,
2,,,
2,,,
2,,,
2,,,
2,,,
2,,,
2,,,
2,,,
2,,,
2,,,
2,,,
2,,,
2,,,
2,,,
2,,,
2,,,
2,,,
2,,,
3,,,
2,,,
2,,,
2,,,
2,,,
2,,,
2,,,
2,,,
2,,,
2,,,
2,,,
2,,,
2,,,
2,,,
2,,,
2,,,
2,,,
2,,,
2,,,
2,,,
2,,,
2,,,
3,,,
25,,,
2,,,
2,,,
2,,,
2,,,
2,,,
37,,,
2,,,
2,,,
2,,,
2,,,
2,,,
2,,,
2,,,
2,,,
2,,,
2,,,
2,,,
2,,,
2,,,
2,,,
2,,,
2,,,
2,,,
1,,,
2,,,
2,,,
2,,,
2,,,
2,,,
2,,,
2,,,
2,,,
2,,,
2,,,
2,,,
2,,,
1,,,
2,,,
2,,,
2,,,
2,,,
2,,,
2,,,
2,,,
2,,,
2,,,
2,,,
2,,,
2,,,
2,,,
2,,,
3,,,
2,,,
2,,,
2,,,
2,,,
2,,,
2,,,
2,,,
2,,,
2,,,
2,,,
2,,,
3,,,
3,,,
2,,,
2,,,
2,,,
2,,,
2,,,
2,,,
2,,,
2,,,
2,,,
1,,,
2,,,
2,,,
2,,,
2,,,
2,,,
4,,,
2,,,
2,,,
2,,,
2,,,
2,,,
2,,,
2,,,
2,,,
2,,,
3,,,
2,,,
2,,,
2,,,
2,,,
3,,,
4,,,
2,,,
5,,,
2,,,
2,,,
2,,,
2,,,
2,,,
2,,,
2,,,
2,,,
2,,,
2,,,
2,,,
2,,,
2,,,
2,,,
2,,,
2,,,
2,,,
2,,,
2,,,
2,,,
2,,,
2,,,
2,,,
2,,,
2,,,
2,,,
2,,,
2,,,
2,,,
2,,,
2,,,
2,,,
2,,,
2,,,
2,,,
2,,,
49,,,
2,,,
2,,,
2,,,
2,,,
2,,,
2,,,
2,,,
2,,,
2,,,
2,,,
2,,,
2,,,
2,,,
2,,,
2,,,
2,,,
2,,,
2,,,
2,,,
2,,,
2,,,
2,,,
2,,,
2,,,
2,,,
2,,,
2,,,
2,,,
2,,,
2,,,
3,,,
2,,,
2,,,
2,,,
2,,,
2,,,
2,,,
2,,,
2,,,
2,,,
2,,,
2,,,
2,,,
2,,,
2,,,
3,,,
2,,,
2,,,
2,,,
2,,,
2,,,
2,,,
2,,,
2,,,
2,,,
2,,,
2,,,
2,,,
2,,,
2,,,
2,,,
2,,,
2,,,
2,,,
2,,,
2,,,
1,,,
2,,,
2,,,
2,,,
2,,,
2,,,
2,,,
2,,,
2,,,
2,,,
2,,,
2,,,
2,,,
2,,,
2,,,
3,,,
2,,,
2,,,
2,,,
2,,,
2,,,
2,,,
2,,,
2,,,
2,,,
2,,,
2,,,
2,,,
2,,,
2,,,
2,,,
2,,,
2,,,
2,,,
2,,,
3,,,
2,,,
2,,,
2,,,
2,,,
1,,,
2,,,
2,,,
2,,,
3,,,
2,,,
2,,,
1,,,
2,,,
2,,,
2,,,
2,,,
2,,,
2,,,
2,,,
3,,,
2,,,
2,,,
2,,,
2,,,
2,,,
2,,,
2,,,
2,,,
2,,,
2,,,
2,,,
2,,,
2,,,
3,,,
2,,,
2,,,
2,,,
4,,,
2,,,
2,,,
2,,,
2,,,
4,,,
2,,,
2,,,
2,,,
2,,,
3,,,
2,,,
2,,,
2,,,
2,,,
2,,,
2,,,
2,,,
11,,,
2,,,
2,,,
2,,,
2,,,
2,,,
2,,,
2,,,
2,,,
2,,,
47,,,
2,,,
3,,,
2,,,
2,,,
2,,,
2,,,
2,,,
2,,,
2,,,
2,,,
2,,,
2,,,
2,,,
2,,,
3,,,
2,,,
2,,,
2,,,
2,,,
2,,,
2,,,
2,,,
2,,,
2,,,
2,,,
2,,,
2,,,
2,,,
2,,,
2,,,
2,,,
2,,,
2,,,
2,,,
2,,,
3,,,
2,,,
3,,,
2,,,
2,,,
2,,,
2,,,
2,,,
2,,,
2,,,
2,,,
2,,,
2,,,
2,,,
2,,,
2,,,
2,,,
2,,,
2,,,
2,,,
2,,,
2,,,
2,,,
2,,,
2,,,
2,,,
2,,,
2,,,
2,,,
2,,,
2,,,
2,,,
2,,,
2,,,
2,,,
2,,,
2,,,
2,,,
2,,,
2,,,
2,,,
2,,,
2,,,
2,,,
2,,,
2,,,
2,,,
2,,,
2,,,
2,,,
2,,,
2,,,
2,,,
2,,,
2,,,
2,,,
2,,,
2,,,
2,,,
2,,,
1,,,
3,,,
3,,,
2,,,
2,,,
2,,,
2,,,
2,,,
2,,,
2,,,
2,,,
2,,,
2,,,
2,,,
2,,,
2,,,
2,,,
45,,,
3,,,
2,,,
2,,,
3,,,
2,,,
2,,,
2,,,
2,,,
2,,,
2,,,
2,,,
2,,,
2,,,
2,,,
2,,,
2,,,
2,,,
2,,,
2,,,
2,,,
2,,,
2,,,
4,,,
2,,,
2,,,
3,,,
2,,,
2,,,
2,,,
1,,,
3,,,
3,,,
2,,,
2,,,
3,,,
2,,,
2,,,
2,,,
3,,,
4,,,
5,,,
2,,,
2,,,
2,,,
4,,,
2,,,
2,,,
2,,,
2,,,
3,,,
4,,,
8,,,
2,,,
2,,,
2,,,
2,,,
4,,,
11,,,
4,,,
2,,,
3,,,
2,,,
2,,,
2,,,
3,,,
2,,,
2,,,
3,,,
3,,,
2,,,
2,,,
2,,,
4,,,
11,,,
2,,,
2,,,
2,,,
2,,,
2,,,
8,,,
5,,,
2,,,
2,,,
3,,,
2,,,
2,,,
6,,,
2,,,
2,,,
2,,,
2,,,
2,,,
3,,,
4,,,
2,,,
3,,,
2,,,
2,,,
2,,,
3,,,
2,,,
4,,,
3,,,
3,,,
2,,,
3,,,
3,,,
15,,,
2,,,
5,,,
2,,,
3,,,
2,,,
2,,,
2,,,
5,,,
3,,,
3,,,
2,,,
6,,,
10,,,
5,,,
2,,,
2,,,
3,,,
2,,,
12,,,
11,,,
11,,,
8,,,
2,,,
3,,,
2,,,
2,,,
2,,,
11,,,
3,,,
2,,,
3,,,
2,,,
2,,,
2,,,
10,,,
2,,,
11,,,
2,,,
2,,,
3,,,
4,,,
9,,,
2,,,
8,,,
3,,,
3,,,
2,,,
2,,,
3,,,
2,,,
2,,,
3,,,
2,,,
2,,,
3,,,
2,,,
48,,,
2,,,
3,,,
3,,,
12,,,
2,,,
3,,,
3,,,
2,,,
4,,,
2,,,
2,,,
2,,,
2,,,
2,,,
3,,,
4,,,
3,,,
2,,,
2,,,
3,,,
11,,,
2,,,
5,,,
15,,,
2,,,
3,,,
2,,,
4,,,
2,,,
4,,,
2,,,
2,,,
2,,,
5,,,
2,,,
3,,,
2,,,
4,,,
3,,,
2,,,
2,,,
2,,,
2,,,
2,,,
2,,,
3,,,
4,,,
2,,,
2,,,
3,,,
57,,,
5,,,
2,,,
3,,,
2,,,
2,,,
2,,,
2,,,
3,,,
4,,,
2,,,
4,,,
2,,,
3,,,
3,,,
4,,,
12,,,
4,,,
2,,,
2,,,
15,,,
4,,,
3,,,
4,,,
4,,,
2,,,
5,,,
5,,,
2,,,
3,,,
4,,,
5,,,
2,,,
2,,,
2,,,
2,,,
3,,,
2,,,
2,,,
2,,,
4,,,
9,,,
2,,,
3,,,
2,,,
2,,,
2,,,
4,,,
2,,,
4,,,
5,,,
3,,,
4,,,
3,,,
3,,,
3,,,
2,,,
2,,,
6,,,
2,,,
2,,,
2,,,
5,,,
2,,,
2,,,
2,,,
12,,,
3,,,
2,,,
2,,,
2,,,
19,,,
2,,,
3,,,
2,,,
2,,,
2,,,
2,,,
2,,,
2,,,
3,,,
4,,,
4,,,
2,,,
2,,,
2,,,
2,,,
3,,,
2,,,
2,,,
3,,,
2,,,
4,,,
4,,,
3,,,
5,,,
2,,,
2,,,
4,,,
2,,,
2,,,
3,,,
5,,,
2,,,
2,,,
3,,,
2,,,
2,,,
3,,,
3,,,
3,,,
3,,,
5,,,
4,,,
2,,,
4,,,
2,,,
2,,,
3,,,
3,,,
3,,,
4,,,
3,,,
2,,,
6,,,
3,,,
3,,,
2,,,
2,,,
12,,,
3,,,
3,,,
4,,,
2,,,
4,,,
2,,,
3,,,
3,,,
2,,,
2,,,
2,,,
3,,,
3,,,
2,,,
2,,,
52,,,
6,,,
4,,,
2,,,
4,,,
2,,,
4,,,
2,,,
3,,,
2,,,
2,,,
5,,,
18,,,
19,,,
2,,,
2,,,
3,,,
8,,,
20,,,
3,,,
2,,,
3,,,
4,,,
3,,,
3,,,
2,,,
2,,,
4,,,
3,,,
2,,,
3,,,
2,,,
3,,,
2,,,
2,,,
2,,,
5,,,
2,,,
3,,,
3,,,
4,,,
2,,,
5,,,
2,,,
3,,,
4,,,
3,,,
4,,,
12,,,
3,,,
64,,,
2,,,
4,,,
3,,,
3,,,
3,,,
5,,,
4,,,
4,,,
7,,,
4,,,
3,,,
9,,,
2,,,
4,,,
7,,,
8,,,
2,,,
6,,,
3,,,
3,,,
4,,,
3,,,
3,,,
3,,,
4,,,
3,,,
3,,,
3,,,
4,,,
3,,,
5,,,
5,,,
5,,,
3,,,
4,,,
2,,,
7,,,
5,,,
3,,,
3,,,
3,,,
3,,,
3,,,
4,,,
4,,,
3,,,
4,,,
3,,,
7,,,
3,,,
3,,,
59,,,
6,,,
2,,,
2,,,
3,,,
5,,,
26,,,
2,,,
8,,,
6,,,
3,,,
3,,,
3,,,
6,,,
4,,,
5,,,
6,,,
4,,,
3,,,
3,,,
2,,,
5,,,
6,,,
5,,,
9,,,
3,,,
3,,,
3,,,
3,,,
3,,,
5,,,
7,,,
6,,,
4,,,
4,,,
6,,,
7,,,
4,,,
5,,,
16,,,
6,,,
3,,,
3,,,
3,,,
3,,,
3,,,
2,,,
4,,,
4,,,
3,,,
3,,,
4,,,
4,,,
8,,,
3,,,
3,,,
4,,,
4,,,
3,,,
3,,,
4,,,
3,,,
3,,,
3,,,
5,,,
4,,,
3,,,
2,,,
3,,,
6,,,
6,,,
4,,,
3,,,
5,,,
5,,,
4,,,
3,,,
3,,,
6,,,
3,,,
3,,,
4,,,
3,,,
4,,,
4,,,
4,,,
3,,,
3,,,
3,,,
27,,,
3,,,
5,,,
4,,,
3,,,
6,,,
5,,,
4,,,
4,,,
3,,,
4,,,
4,,,
4,,,
2,,,
5,,,
5,,,
9,,,
2,,,
4,,,
3,,,
6,,,
3,,,
5,,,
3,,,
9,,,
14,,,
4,,,
4,,,
6,,,
6,,,
5,,,
4,,,
8,,,
3,,,
15,,,
7,,,
3,,,
4,,,
2,,,
3,,,
4,,,
5,,,
3,,,
5,,,
3,,,
4,,,
18,,,
4,,,
4,,,
7,,,
3,,,
4,,,
3,,,
4,,,
5,,,
9,,,
3,,,
6,,,
4,,,
3,,,
5,,,
3,,,
3,,,
6,,,
5,,,
2,,,
4,,,
3,,,
8,,,
4,,,
5,,,
3,,,
3,,,
3,,,
4,,,
3,,,
3,,,
3,,,
8,,,
4,,,
5,,,
6,,,
5,,,
5,,,
3,,,
2,,,
4,,,
4,,,
4,,,
53,,,
4,,,
4,,,
5,,,
5,,,
4,,,
6,,,
3,,,
9,,,
3,,,
3,,,
3,,,
4,,,
2,,,
4,,,
3,,,
4,,,
7,,,
4,,,
3,,,
4,,,
3,,,
3,,,
3,,,
5,,,
5,,,
10,,,
4,,,
5,,,
6,,,
7,,,
3,,,
9,,,
4,,,
7,,,
7,,,
7,,,
4,,,
6,,,
7,,,
2,,,
11,,,
6,,,
2,,,
2,,,
5,,,
3,,,
3,,,
2,,,
6,,,
2,,,
2,,,
4,,,
2,,,
2,,,
2,,,
3,,,
3,,,
6,,,
2,,,
6,,,
3,,,
2,,,
3,,,
2,,,
2,,,
2,,,
4,,,
2,,,
2,,,
2,,,
2,,,
2,,,
3,,,
2,,,
4,,,
3,,,
2,,,
3,,,
2,,,
2,,,
4,,,
3,,,
4,,,
3,,,
2,,,
3,,,
14,,,
2,,,
4,,,
3,,,
3,,,
2,,,
16,,,
2,,,
4,,,
4,,,
5,,,
2,,,
5,,,
4,,,
2,,,
4,,,
2,,,
2,,,
5,,,
2,,,
3,,,
2,,,
2,,,
2,,,
3,,,
4,,,
2,,,
2,,,
3,,,
2,,,
2,,,
3,,,
2,,,
14,,,
3,,,
3,,,
2,,,
10,,,
3,,,
2,,,
4,,,
2,,,
4,,,
2,,,
6,,,
2,,,
2,,,
2,,,
2,,,
2,,,
4,,,
2,,,
2,,,
4,,,
3,,,
2,,,
2,,,
2,,,
4,,,
3,,,
4,,,
2,,,
4,,,
2,,,
2,,,
3,,,
3,,,
2,,,
2,,,
7,,,
2,,,
2,,,
3,,,
2,,,
6,,,
4,,,
4,,,
2,,,
4,,,
2,,,
2,,,
4,,,
4,,,
4,,,
4,,,
2,,,
4,,,
2,,,
2,,,
3,,,
3,,,
3,,,
15,,,
2,,,
4,,,
2,,,
3,,,
2,,,
3,,,
3,,,
2,,,
2,,,
3,,,
2,,,
2,,,
4,,,
3,,,
4,,,
4,,,
2,,,
3,,,
2,,,
3,,,
2,,,
11,,,
4,,,
3,,,
4,,,
2,,,
3,,,
2,,,
5,,,
3,,,
2,,,
5,,,
2,,,
2,,,
4,,,
3,,,
2,,,
4,,,
3,,,
4,,,
4,,,
2,,,
3,,,
3,,,
3,,,
2,,,
3,,,
2,,,
2,,,
4,,,
3,,,
4,,,
2,,,
2,,,
4,,,
3,,,
10,,,
3,,,
2,,,
3,,,
5,,,
2,,,
2,,,
3,,,
3,,,
2,,,
2,,,
3,,,
2,,,
12,,,
2,,,
2,,,
3,,,
3,,,
10,,,
3,,,
4,,,
3,,,
2,,,
2,,,
3,,,
4,,,
14,,,
2,,,
3,,,
3,,,
4,,,
3,,,
3,,,
2,,,
4,,,
3,,,
2,,,
3,,,
2,,,
3,,,
3,,,
2,,,
2,,,
6,,,
4,,,
7,,,
2,,,
7,,,
2,,,
4,,,
17,,,
3,,,
6,,,
2,,,
2,,,
2,,,
2,,,
2,,,
5,,,
2,,,
2,,,
2,,,
2,,,
2,,,
5,,,
2,,,
3,,,
2,,,
2,,,
2,,,
2,,,
4,,,
2,,,
2,,,
2,,,
4,,,
2,,,
4,,,
2,,,
2,,,
2,,,
4,,,
10,,,
4,,,
3,,,
5,,,
2,,,
2,,,
2,,,
2,,,
2,,,
2,,,
4,,,
2,,,
2,,,
4,,,
3,,,
2,,,
2,,,
4,,,
3,,,
2,,,
2,,,
4,,,
3,,,
3,,,
3,,,
3,,,
2,,,
2,,,
5,,,
2,,,
2,,,
2,,,
2,,,
2,,,
2,,,
2,,,
2,,,
4,,,
3,,,
3,,,
2,,,
2,,,
10,,,
4,,,
4,,,
4,,,
3,,,
3,,,
3,,,
3,,,
2,,,
1,,,
2,,,
2,,,
3,,,
2,,,
4,,,
2,,,
2,,,
2,,,
2,,,
48,,,
3,,,
4,,,
3,,,
2,,,
2,,,
2,,,
2,,,
2,,,
4,,,
3,,,
3,,,
2,,,
2,,,
2,,,
2,,,
1,,,
2,,,
12,,,
3,,,
3,,,
3,,,
3,,,
3,,,
2,,,
3,,,
3,,,
3,,,
5,,,
13,,,
5,,,
2,,,
5,,,
2,,,
3,,,
7,,,
3,,,
3,,,
3,,,
4,,,
3,,,
2,,,
3,,,
5,,,
4,,,
3,,,
2,,,
3,,,
3,,,
2,,,
2,,,
2,,,
10,,,
2,,,
2,,,
6,,,
3,,,
15,,,
3,,,
5,,,
5,,,
2,,,
3,,,
3,,,
2,,,
3,,,
2,,,
2,,,
3,,,
2,,,
2,,,
2,,,
3,,,
2,,,
2,,,
3,,,
2,,,
4,,,
4,,,
2,,,
4,,,
3,,,
2,,,
3,,,
3,,,
4,,,
2,,,
3,,,
5,,,
2,,,
2,,,
3,,,
2,,,
5,,,
4,,,
2,,,
2,,,
16,,,
3,,,
36,,,
2,,,
2,,,
4,,,
2,,,
2,,,
4,,,
2,,,
3,,,
3,,,
2,,,
3,,,
3,,,
2,,,
2,,,
3,,,
2,,,
2,,,
3,,,
2,,,
3,,,
5,,,
2,,,
11,,,
2,,,
3,,,
5,,,
3,,,
2,,,
2,,,
3,,,
2,,,
3,,,
2,,,
6,,,
4,,,
2,,,
2,,,
2,,,
2,,,
3,,,
15,,,
4,,,
15,,,
3,,,
4,,,
5,,,
2,,,
4,,,
2,,,
4,,,
2,,,
2,,,
2,,,
5,,,
3,,,
3,,,
6,,,
2,,,
4,,,
2,,,
3,,,
3,,,
3,,,
3,,,
2,,,
2,,,
4,,,
2,,,
3,,,
3,,,
2,,,
2,,,
2,,,
3,,,
2,,,
3,,,
17,,,
2,,,
2,,,
2,,,
2,,,
2,,,
2,,,
3,,,
4,,,
4,,,
4,,,
5,,,
57,,,
3,,,
3,,,
4,,,
2,,,
15,,,
4,,,
2,,,
2,,,
2,,,
2,,,
4,,,
2,,,
5,,,
3,,,
5,,,
5,,,
2,,,
4,,,
2,,,
16,,,
2,,,
4,,,
4,,,
3,,,
3,,,
4,,,
4,,,
2,,,
3,,,
3,,,
3,,,
5,,,
2,,,
2,,,
5,,,
10,,,
3,,,
2,,,
2,,,
12,,,
2,,,
2,,,
2,,,
3,,,
3,,,
4,,,
3,,,
4,,,
3,,,
2,,,
2,,,
2,,,
4,,,
3,,,
4,,,
2,,,
2,,,
3,,,
2,,,
2,,,
2,,,
2,,,
4,,,
2,,,
2,,,
2,,,
3,,,
4,,,
3,,,
3,,,
2,,,
2,,,
4,,,
3,,,
3,,,
2,,,
2,,,
3,,,
3,,,
3,,,
6,,,
3,,,
5,,,
2,,,
4,,,
4,,,
2,,,
4,,,
15,,,
3,,,
3,,,
5,,,
3,,,
2,,,
3,,,
11,,,
2,,,
2,,,
3,,,
2,,,
3,,,
2,,,
1,,,
2,,,
3,,,
3,,,
3,,,
2,,,
5,,,
3,,,
2,,,
2,,,
3,,,
2,,,
3,,,
2,,,
4,,,
5,,,
3,,,
4,,,
3,,,
2,,,
2,,,
3,,,
3,,,
2,,,
4,,,
11,,,
2,,,
2,,,
2,,,
2,,,
2,,,
2,,,
5,,,
5,,,
2,,,
6,,,
6,,,
5,,,
3,,,
5,,,
2,,,
2,,,
18,,,
3,,,
2,,,
4,,,
2,,,
2,,,
5,,,
3,,,
4,,,
2,,,
2,,,
11,,,
2,,,
4,,,
4,,,
2,,,
2,,,
2,,,
4,,,
2,,,
4,,,
5,,,
4,,,
20,,,
2,,,
3,,,
4,,,
2,,,
3,,,
4,,,
6,,,
3,,,
5,,,
3,,,
2,,,
2,,,
2,,,
3,,,
19,,,
7,,,
2,,,
5,,,
2,,,
3,,,
3,,,
3,,,
4,,,
15,,,
2,,,
2,,,
2,,,
2,,,
4,,,
3,,,
3,,,
3,,,
3,,,
2,,,
2,,,
4,,,
2,,,
3,,,
3,,,
4,,,
2,,,
3,,,
4,,,
2,,,
2,,,
4,,,
3,,,
4,,,
4,,,
2,,,
2,,,
3,,,
5,,,
2,,,
2,,,
3,,,
2,,,
18,,,
2,,,
2,,,
3,,,
2,,,
4,,,
4,,,
3,,,
5,,,
6,,,
2,,,
2,,,
3,,,
3,,,
2,,,
4,,,
2,,,
2,,,
3,,,
3,,,
3,,,
4,,,
2,,,
2,,,
3,,,
2,,,
2,,,
4,,,
2,,,
2,,,
2,,,
3,,,
2,,,
2,,,
2,,,
3,,,
3,,,
2,,,
3,,,
2,,,
2,,,
4,,,
3,,,
3,,,
6,,,
2,,,
2,,,
11,,,
2,,,
10,,,
4,,,
2,,,
17,,,
2,,,
3,,,
2,,,
3,,,
2,,,
2,,,
5,,,
3,,,
3,,,
2,,,
2,,,
2,,,
3,,,
2,,,
3,,,
4,,,
4,,,
3,,,
4,,,
5,,,
3,,,
5,,,
16,,,
5,,,
3,,,
3,,,
2,,,
3,,,
4,,,
3,,,
2,,,
2,,,
2,,,
2,,,
2,,,
2,,,
2,,,
2,,,
2,,,
2,,,
2,,,
3,,,
6,,,
2,,,
2,,,
2,,,
3,,,
2,,,
2,,,
2,,,
2,,,
2,,,
3,,,
2,,,
2,,,
2,,,
2,,,
3,,,
4,,,
2,,,
2,,,
2,,,
2,,,
2,,,
2,,,
5,,,
2,,,
2,,,
2,,,
3,,,
5,,,
2,,,
2,,,
4,,,
6,,,
2,,,
2,,,
2,,,
2,,,
2,,,
15,,,
2,,,
3,,,
2,,,
5,,,
2,,,
3,,,
3,,,
3,,,
2,,,
3,,,
2,,,
5,,,
3,,,
4,,,
4,,,
3,,,
5,,,
2,,,
3,,,
2,,,
12,,,
2,,,
3,,,
2,,,
2,,,
2,,,
4,,,
3,,,
2,,,
2,,,
4,,,
4,,,
2,,,
2,,,
2,,,
3,,,
2,,,
2,,,
2,,,
2,,,
2,,,
2,,,
2,,,
2,,,
4,,,
6,,,
2,,,
3,,,
4,,,
13,,,
3,,,
4,,,
3,,,
5,,,
2,,,
2,,,
5,,,
4,,,
4,,,
7,,,
2,,,
2,,,
5,,,
2,,,
2,,,
4,,,
3,,,
2,,,
3,,,
11,,,
2,,,
2,,,
4,,,
2,,,
3,,,
3,,,
2,,,
2,,,
2,,,
4,,,
2,,,
2,,,
4,,,
2,,,
2,,,
3,,,
6,,,
3,,,
2,,,
3,,,
17,,,
11,,,
5,,,
4,,,
4,,,
7,,,
4,,,
4,,,
4,,,
4,,,
4,,,
4,,,
3,,,
3,,,
2,,,
2,,,
2,,,
3,,,
2,,,
24,,,
2,,,
2,,,
2,,,
2,,,
3,,,
4,,,
2,,,
2,,,
2,,,
2,,,
3,,,
3,,,
3,,,
2,,,
5,,,
4,,,
3,,,
3,,,
2,,,
3,,,
3,,,
4,,,
4,,,
2,,,
9,,,
2,,,
6,,,
5,,,
2,,,
4,,,
5,,,
4,,,
3,,,
2,,,
4,,,
4,,,
3,,,
4,,,
3,,,
4,,,
2,,,
2,,,
2,,,
2,,,
7,,,
5,,,
2,,,
2,,,
4,,,
4,,,
2,,,
3,,,
3,,,
2,,,
4,,,
2,,,
5,,,
4,,,
2,,,
3,,,
3,,,
5,,,
3,,,
2,,,
3,,,
2,,,
3,,,
3,,,
2,,,
3,,,
2,,,
4,,,
4,,,
2,,,
3,,,
2,,,
3,,,
2,,,
2,,,
4,,,
6,,,
10,,,
3,,,
2,,,
3,,,
2,,,
2,,,
4,,,
4,,,
2,,,
3,,,
2,,,
2,,,
3,,,
3,,,
2,,,
5,,,
9,,,
3,,,
5,,,
2,,,
10,,,
2,,,
3,,,
4,,,
4,,,
4,,,
3,,,
4,,,
4,,,
2,,,
4,,,
2,,,
4,,,
2,,,
3,,,
4,,,
4,,,
2,,,
3,,,
2,,,
2,,,
2,,,
2,,,
2,,,
4,,,
2,,,
3,,,
2,,,
2,,,
2,,,
3,,,
5,,,
2,,,
2,,,
4,,,
2,,,
2,,,
4,,,
3,,,
3,,,
3,,,
4,,,
2,,,
5,,,
2,,,
4,,,
2,,,
2,,,
2,,,
12,,,
5,,,
5,,,
7,,,
4,,,
2,,,
3,,,
3,,,
2,,,
3,,,
3,,,
3,,,
3,,,
3,,,
8,,,
4,,,
4,,,
3,,,
3,,,
3,,,
3,,,
2,,,
3,,,
4,,,
3,,,
4,,,
2,,,
3,,,
3,,,
3,,,
5,,,
3,,,
3,,,
6,,,
5,,,
3,,,
6,,,
4,,,
4,,,
6,,,
6,,,
4,,,
3,,,
4,,,
4,,,
2,,,
3,,,
5,,,
3,,,
7,,,
3,,,
5,,,
3,,,
5,,,
6,,,
3,,,
5,,,
3,,,
4,,,
4,,,
6,,,
3,,,
4,,,
2,,,
7,,,
5,,,
3,,,
3,,,
4,,,
3,,,
5,,,
4,,,
5,,,
6,,,
5,,,
3,,,
3,,,
3,,,
4,,,
6,,,
3,,,
6,,,
5,,,
4,,,
3,,,
8,,,
3,,,
4,,,
4,,,
4,,,
4,,,
2,,,
6,,,
3,,,
4,,,
3,,,
3,,,
3,,,
4,,,
4,,,
3,,,
3,,,
10,,,
6,,,
9,,,
3,,,
6,,,
7,,,
6,,,
4,,,
3,,,
5,,,
4,,,
4,,,
3,,,
4,,,
7,,,
3,,,
5,,,
7,,,
4,,,
5,,,
4,,,
4,,,
4,,,
3,,,
5,,,
4,,,
5,,,
12,,,
3,,,
5,,,
4,,,
5,,,
6,,,
3,,,
4,,,
3,,,
3,,,
6,,,
4,,,
5,,,
2,,,
4,,,
5,,,
3,,,
5,,,
3,,,
3,,,
3,,,
3,,,
4,,,
3,,,
3,,,
4,,,
3,,,
3,,,
3,,,
3,,,
4,,,
3,,,
3,,,
4,,,
3,,,
5,,,
3,,,
3,,,
3,,,
3,,,
4,,,
5,,,
3,,,
4,,,
5,,,
3,,,
5,,,
3,,,
2,,,
2,,,
3,,,
8,,,
4,,,
3,,,
3,,,
4,,,
4,,,
5,,,
3,,,
3,,,
3,,,
3,,,
3,,,
19,,,
5,,,
3,,,
4,,,
6,,,
7,,,
3,,,
3,,,
4,,,
3,,,
5,,,
6,,,
3,,,
4,,,
3,,,
3,,,
4,,,
3,,,
3,,,
4,,,
6,,,
6,,,
4,,,
4,,,
4,,,
4,,,
3,,,
5,,,
3,,,
3,,,
5,,,
4,,,
4,,,
6,,,
5,,,
7,,,
7,,,
6,,,
4,,,
4,,,
5,,,
3,,,
5,,,
3,,,
4,,,
6,,,
6,,,
5,,,
3,,,
4,,,
3,,,
6,,,
3,,,
4,,,
10,,,
6,,,
4,,,
3,,,
3,,,
3,,,
7,,,
4,,,
6,,,
4,,,
3,,,
3,,,
5,,,
3,,,
3,,,
5,,,
4,,,
6,,,
8,,,
4,,,
7,,,
4,,,
5,,,
9,,,
6,,,
4,,,
4,,,
4,,,
4,,,
3,,,
8,,,
3,,,
8,,,
5,,,
3,,,
4,,,
6,,,
4,,,
4,,,
7,,,
6,,,
5,,,
3,,,
6,,,
2,,,
7,,,
3,,,
7,,,
3,,,
7,,,
3,,,
3,,,
2,,,
5,,,
5,,,
3,,,
4,,,
3,,,
3,,,
6,,,
3,,,
4,,,
5,,,
3,,,
5,,,
3,,,
6,,,
5,,,
3,,,
5,,,
4,,,
5,,,
4,,,
2,,,
2,,,
3,,,
3,,,
3,,,
3,,,
4,,,
4,,,
3,,,
2,,,
7,,,
3,,,
3,,,
2,,,
3,,,
5,,,
4,,,
6,,,
2,,,
3,,,
5,,,
3,,,
3,,,
5,,,
4,,,
5,,,
7,,,
6,,,
4,,,
14,,,
3,,,
4,,,
4,,,
5,,,
2,,,
4,,,
3,,,
4,,,
4,,,
4,,,
4,,,
5,,,
6,,,
2,,,
6,,,
4,,,
2,,,
4,,,
4,,,
3,,,
6,,,
3,,,
3,,,
7,,,
3,,,
3,,,
5,,,
8,,,
3,,,
3,,,
7,,,
2,,,
5,,,
6,,,
6,,,
4,,,
7,,,
4,,,
3,,,
4,,,
6,,,
5,,,
4,,,
5,,,
7,,,
2,,,
4,,,
3,,,
3,,,
3,,,
4,,,
3,,,
5,,,
4,,,
3,,,
14,,,
30,,,
5,,,
4,,,
4,,,
3,,,
2,,,
3,,,
3,,,
6,,,
3,,,
4,,,
6,,,
3,,,
9,,,
3,,,
3,,,
3,,,
3,,,
6,,,
5,,,
3,,,
3,,,
4,,,
6,,,
5,,,
8,,,
3,,,
5,,,
6,,,
4,,,
3,,,
6,,,
5,,,
4,,,
3,,,
4,,,
6,,,
6,,,
2,,,
3,,,
3,,,
3,,,
3,,,
4,,,
4,,,
6,,,
6,,,
15,,,
5,,,
3,,,
8,,,
3,,,
6,,,
3,,,
8,,,
8,,,
2,,,
6,,,
3,,,
3,,,
3,,,
5,,,
3,,,
4,,,
3,,,
7,,,
3,,,
4,,,
3,,,
3,,,
2,,,
5,,,
3,,,
5,,,
4,,,
4,,,
3,,,
2,,,
5,,,
5,,,
3,,,
2,,,
6,,,
5,,,
3,,,
3,,,
3,,,
3,,,
4,,,
6,,,
4,,,
4,,,
2,,,
5,,,
3,,,
6,,,
3,,,
23,,,
5,,,
2,,,
3,,,
2,,,
5,,,
7,,,
3,,,
11,,,
3,,,
3,,,
3,,,
3,,,
3,,,
3,,,
4,,,
8,,,
4,,,
3,,,
3,,,
3,,,
6,,,
3,,,
3,,,
5,,,
7,,,
7,,,
4,,,
6,,,
6,,,
4,,,
4,,,
3,,,
3,,,
5,,,
3,,,
2,,,
4,,,
4,,,
5,,,
5,,,
3,,,
2,,,
3,,,
3,,,
6,,,
3,,,
3,,,
3,,,
3,,,
4,,,
4,,,
3,,,
5,,,
8,,,
3,,,
3,,,
3,,,
5,,,
4,,,
6,,,
5,,,
5,,,
3,,,
5,,,
4,,,
4,,,
3,,,
5,,,
3,,,
3,,,
3,,,
6,,,
5,,,
4,,,
2,,,
7,,,
4,,,
3,,,
2,,,
7,,,
4,,,
3,,,
15,,,
2,,,
2,,,
6,,,
3,,,
6,,,
3,,,
4,,,
3,,,
6,,,
4,,,
4,,,
3,,,
4,,,
5,,,
3,,,
3,,,
2,,,
5,,,
2,,,
7,,,
5,,,
5,,,
7,,,
3,,,
5,,,
9,,,
4,,,
6,,,
5,,,
4,,,
7,,,
3,,,
5,,,
14,,,
2,,,
6,,,
15,,,
68,,,
3,,,
7,,,
5,,,
8,,,
5,,,
3,,,
5,,,
3,,,
4,,,
7,,,
6,,,
5,,,
13,,,
6,,,
7,,,
14,,,
6,,,
4,,,
8,,,
8,,,
3,,,
3,,,
20,,,
3,,,
4,,,
3,,,
3,,,
3,,,
7,,,
15,,,
4,,,
6,,,
3,,,
7,,,
4,,,
4,,,
6,,,
11,,,
7,,,
4,,,
3,,,
3,,,
5,,,
9,,,
4,,,
5,,,
2,,,
4,,,
3,,,
4,,,
15,,,
16,,,
6,,,
7,,,
3,,,
4,,,
2,,,
6,,,
4,,,
8,,,
4,,,
6,,,
4,,,
3,,,
4,,,
3,,,
4,,,
3,,,
5,,,
5,,,
3,,,
4,,,
4,,,
3,,,
2,,,
6,,,
4,,,
3,,,
3,,,
3,,,
4,,,
6,,,
3,,,
3,,,
4,,,
3,,,
5,,,
5,,,
4,,,
4,,,
5,,,
4,,,
3,,,
2,,,
2,,,
3,,,
4,,,
3,,,
3,,,
6,,,
3,,,
6,,,
3,,,
2,,,
4,,,
4,,,
7,,,
10,,,
3,,,
7,,,
3,,,
3,,,
4,,,
5,,,
4,,,
4,,,
4,,,
3,,,
6,,,
10,,,
6,,,
3,,,
3,,,
6,,,
4,,,
8,,,
4,,,
4,,,
6,,,
3,,,
2,,,
7,,,
3,,,
6,,,
4,,,
5,,,
3,,,
3,,,
2,,,
5,,,
6,,,
6,,,
6,,,
3,,,
13,,,
5,,,
4,,,
3,,,
6,,,
2,,,
3,,,
7,,,
4,,,
7,,,
3,,,
4,,,
3,,,
4,,,
3,,,
4,,,
5,,,
3,,,
5,,,
5,,,
5,,,
4,,,
2,,,
3,,,
4,,,
2,,,
5,,,
4,,,
7,,,
4,,,
4,,,
2,,,
5,,,
3,,,
3,,,
3,,,
3,,,
3,,,
4,,,
5,,,
8,,,
12,,,
6,,,
3,,,
2,,,
3,,,
6,,,
3,,,
3,,,
4,,,
4,,,
6,,,
6,,,
4,,,
3,,,
2,,,
4,,,
3,,,
5,,,
3,,,
5,,,
4,,,
3,,,
4,,,
4,,,
4,,,
5,,,
5,,,
5,,,
4,,,
7,,,
3,,,
4,,,
7,,,
6,,,
7,,,
4,,,
4,,,
3,,,
4,,,
5,,,
2,,,
6,,,
6,,,
9,,,
6,,,
2,,,
4,,,
3,,,
8,,,
7,,,
3,,,
4,,,
3,,,
3,,,
6,,,
3,,,
5,,,
5,,,
3,,,
2,,,
4,,,
5,,,
9,,,
3,,,
9,,,
4,,,
4,,,
4,,,
8,,,
10,,,
3,,,
7,,,
3,,,
4,,,
3,,,
2,,,
5,,,
4,,,
3,,,
4,,,
3,,,
7,,,
4,,,
5,,,
4,,,
3,,,
3,,,
3,,,
7,,,
5,,,
10,,,
8,,,
5,,,
3,,,
5,,,
7,,,
2,,,
5,,,
3,,,
3,,,
10,,,
3,,,
5,,,
5,,,
3,,,
4,,,
3,,,
4,,,
7,,,
5,,,
3,,,
3,,,
3,,,
2,,,
4,,,
2,,,
4,,,
3,,,
3,,,
3,,,
3,,,
3,,,
3,,,
2,,,
4,,,
3,,,
4,,,
3,,,
3,,,
2,,,
3,,,
3,,,
3,,,
8,,,
2,,,
5,,,
4,,,
4,,,
6,,,
3,,,
4,,,
3,,,
3,,,
6,,,
3,,,
4,,,
3,,,
4,,,
3,,,
3,,,
6,,,
4,,,
4,,,
3,,,
4,,,
5,,,
10,,,
3,,,
6,,,
4,,,
5,,,
3,,,
4,,,
3,,,
6,,,
3,,,
3,,,
3,,,
4,,,
4,,,
3,,,
4,,,
9,,,
6,,,
5,,,
3,,,
5,,,
5,,,
7,,,
3,,,
4,,,
6,,,
6,,,
3,,,
3,,,
5,,,
3,,,
3,,,
2,,,
6,,,
3,,,
3,,,
9,,,
3,,,
3,,,
5,,,
3,,,
7,,,
4,,,
5,,,
3,,,
7,,,
5,,,
4,,,
5,,,
6,,,
4,,,
4,,,
4,,,
2,,,
3,,,
5,,,
4,,,
6,,,
10,,,
7,,,
4,,,
3,,,
6,,,
7,,,
5,,,
7,,,
5,,,
7,,,
4,,,
3,,,
3,,,
6,,,
3,,,
3,,,
3,,,
3,,,
3,,,
13,,,
6,,,
3,,,
4,,,
4,,,
4,,,
3,,,
3,,,
3,,,
3,,,
8,,,
6,,,
4,,,
12,,,
4,,,
3,,,
8,,,
8,,,
4,,,
6,,,
7,,,
3,,,
3,,,
4,,,
3,,,
5,,,
6,,,
5,,,
3,,,
4,,,
4,,,
5,,,
3,,,
6,,,
3,,,
5,,,
4,,,
5,,,
10,,,
5,,,
5,,,
4,,,
8,,,
3,,,
2,,,
7,,,
6,,,
4,,,
5,,,
10,,,
5,,,
3,,,
6,,,
3,,,
3,,,
4,,,
9,,,
2,,,
4,,,
4,,,
3,,,
5,,,
2,,,
4,,,
5,,,
4,,,
3,,,
4,,,
7,,,
3,,,
6,,,
3,,,
5,,,
3,,,
2,,,
4,,,
6,,,
3,,,
2,,,
4,,,
3,,,
3,,,
9,,,
5,,,
5,,,
5,,,
4,,,
2,,,
3,,,
4,,,
17,,,
6,,,
13,,,
9,,,
5,,,
6,,,
12,,,
5,,,
4,,,
3,,,
3,,,
5,,,
6,,,
4,,,
3,,,
4,,,
6,,,
6,,,
8,,,
3,,,
3,,,
4,,,
3,,,
7,,,
4,,,
7,,,
3,,,
3,,,
9,,,
5,,,
4,,,
5,,,
2,,,
5,,,
5,,,
5,,,
4,,,
7,,,
4,,,
4,,,
3,,,
3,,,
3,,,
15,,,
8,,,
4,,,
5,,,
5,,,
4,,,
17,,,
8,,,
20,,,
15,,,
7,,,
3,,,
5,,,
5,,,
3,,,
3,,,
3,,,
3,,,
4,,,
3,,,
4,,,
3,,,
4,,,
3,,,
3,,,
2,,,
3,,,
4,,,
3,,,
6,,,
4,,,
3,,,
3,,,
4,,,
2,,,
5,,,
8,,,
6,,,
9,,,
12,,,
9,,,
4,,,
5,,,
6,,,
4,,,
4,,,
7,,,
4,,,
5,,,
3,,,
6,,,
6,,,
8,,,
4,,,
5,,,
3,,,
3,,,
5,,,
3,,,
2,,,
3,,,
4,,,
3,,,
4,,,
4,,,
5,,,
3,,,
3,,,
51,,,
5,,,
6,,,
7,,,
6,,,
3,,,
3,,,
3,,,
3,,,
11,,,
6,,,
3,,,
2,,,
4,,,
4,,,
4,,,
4,,,
3,,,
3,,,
4,,,
3,,,
4,,,
4,,,
3,,,
3,,,
3,,,
6,,,
4,,,
4,,,
3,,,
3,,,
3,,,
5,,,
3,,,
6,,,
5,,,
5,,,
2,,,
4,,,
3,,,
3,,,
2,,,
6,,,
5,,,
4,,,
3,,,
4,,,
4,,,
3,,,
6,,,
3,,,
3,,,
4,,,
5,,,
3,,,
2,,,
3,,,
6,,,
3,,,
13,,,
2,,,
4,,,
3,,,
15,,,
4,,,
3,,,
3,,,
5,,,
4,,,
7,,,
6,,,
4,,,
2,,,
3,,,
4,,,
5,,,
6,,,
4,,,
5,,,
4,,,
3,,,
2,,,
3,,,
3,,,
3,,,
5,,,
9,,,
3,,,
5,,,
5,,,
9,,,
2,,,
5,,,
5,,,
3,,,
5,,,
2,,,
4,,,
3,,,
4,,,
3,,,
6,,,
3,,,
3,,,
4,,,
4,,,
4,,,
8,,,
4,,,
7,,,
3,,,
4,,,
6,,,
3,,,
9,,,
6,,,
3,,,
4,,,
3,,,
4,,,
3,,,
6,,,
5,,,
3,,,
3,,,
3,,,
6,,,
4,,,
4,,,
5,,,
6,,,
6,,,
3,,,
5,,,
5,,,
4,,,
6,,,
4,,,
5,,,
5,,,
3,,,
3,,,
4,,,
4,,,
2,,,
3,,,
3,,,
4,,,
3,,,
11,,,
6,,,
4,,,
4,,,
3,,,
3,,,
5,,,
3,,,
4,,,
6,,,
5,,,
6,,,
3,,,
6,,,
6,,,
3,,,
3,,,
4,,,
3,,,
5,,,
5,,,
5,,,
4,,,
6,,,
7,,,
3,,,
3,,,
5,,,
3,,,
6,,,
5,,,
7,,,
4,,,
3,,,
4,,,
4,,,
3,,,
4,,,
5,,,
3,,,
4,,,
9,,,
5,,,
5,,,
5,,,
2,,,
2,,,
5,,,
2,,,
3,,,
3,,,
4,,,
6,,,
3,,,
5,,,
4,,,
2,,,
3,,,
5,,,
3,,,
3,,,
4,,,
5,,,
5,,,
5,,,
4,,,
3,,,
4,,,
3,,,
5,,,
6,,,
5,,,
4,,,
5,,,
2,,,
7,,,
4,,,
2,,,
2,,,
3,,,
3,,,
3,,,
6,,,
2,,,
3,,,
4,,,
3,,,
4,,,
3,,,
4,,,
4,,,
5,,,
21,,,
2,,,
5,,,
4,,,
4,,,
4,,,
3,,,
3,,,
5,,,
3,,,
2,,,
7,,,
9,,,
6,,,
4,,,
3,,,
4,,,
4,,,
3,,,
6,,,
4,,,
4,,,
12,,,
5,,,
3,,,
6,,,
4,,,
3,,,
3,,,
5,,,
2,,,
6,,,
4,,,
4,,,
4,,,
3,,,
4,,,
3,,,
6,,,
3,,,
4,,,
7,,,
3,,,
4,,,
4,,,
4,,,
3,,,
5,,,
4,,,
5,,,
5,,,
2,,,
5,,,
3,,,
3,,,
5,,,
5,,,
2,,,
3,,,
3,,,
3,,,
3,,,
3,,,
4,,,
3,,,
3,,,
7,,,
6,,,
4,,,
3,,,
25,,,
6,,,
3,,,
3,,,
2,,,
3,,,
3,,,
4,,,
3,,,
4,,,
4,,,
9,,,
2,,,
5,,,
3,,,
3,,,
2,,,
6,,,
4,,,
3,,,
3,,,
2,,,
6,,,
8,,,
3,,,
6,,,
3,,,
3,,,
5,,,
4,,,
3,,,
5,,,
3,,,
7,,,
3,,,
5,,,
13,,,
4,,,
4,,,
5,,,
6,,,
3,,,
3,,,
6,,,
5,,,
4,,,
9,,,
6,,,
4,,,
2,,,
4,,,
12,,,
2,,,
2,,,
4,,,
3,,,
4,,,
3,,,
4,,,
3,,,
2,,,
4,,,
7,,,
3,,,
3,,,
3,,,
4,,,
3,,,
3,,,
3,,,
3,,,
3,,,
3,,,
3,,,
3,,,
9,,,
7,,,
3,,,
3,,,
6,,,
6,,,
3,,,
7,,,
4,,,
5,,,
8,,,
3,,,
7,,,
5,,,
4,,,
4,,,
4,,,
4,,,
6,,,
3,,,
6,,,
5,,,
3,,,
4,,,
2,,,
5,,,
3,,,
4,,,
4,,,
3,,,
3,,,
5,,,
3,,,
6,,,
8,,,
4,,,
7,,,
3,,,
3,,,
3,,,
3,,,
46,,,
3,,,
3,,,
5,,,
4,,,
4,,,
2,,,
4,,,
5,,,
5,,,
5,,,
4,,,
4,,,
5,,,
5,,,
3,,,
3,,,
4,,,
3,,,
3,,,
7,,,
4,,,
6,,,
4,,,
4,,,
4,,,
4,,,
4,,,
4,,,
5,,,
4,,,
3,,,
3,,,
4,,,
4,,,
3,,,
3,,,
5,,,
3,,,
4,,,
6,,,
4,,,
4,,,
4,,,
5,,,
3,,,
4,,,
3,,,
3,,,
5,,,
3,,,
2,,,
7,,,
5,,,
3,,,
3,,,
5,,,
4,,,
3,,,
7,,,
5,,,
2,,,
5,,,
4,,,
5,,,
4,,,
5,,,
6,,,
4,,,
6,,,
3,,,
4,,,
6,,,
2,,,
4,,,
4,,,
3,,,
7,,,
5,,,
5,,,
6,,,
4,,,
4,,,
3,,,
4,,,
3,,,
3,,,
6,,,
3,,,
5,,,
4,,,
5,,,
3,,,
3,,,
5,,,
2,,,
3,,,
3,,,
4,,,
3,,,
3,,,
2,,,
3,,,
3,,,
3,,,
3,,,
3,,,
3,,,
3,,,
5,,,
5,,,
4,,,
6,,,
5,,,
4,,,
2,,,
3,,,
6,,,
2,,,
5,,,
3,,,
3,,,
3,,,
4,,,
3,,,
3,,,
7,,,
3,,,
4,,,
4,,,
4,,,
5,,,
4,,,
3,,,
3,,,
6,,,
3,,,
3,,,
3,,,
3,,,
3,,,
2,,,
3,,,
5,,,
3,,,
3,,,
4,,,
44,,,
5,,,
4,,,
4,,,
3,,,
4,,,
4,,,
4,,,
3,,,
5,,,
2,,,
3,,,
7,,,
4,,,
3,,,
7,,,
3,,,
4,,,
3,,,
3,,,
6,,,
16,,,
2,,,
3,,,
6,,,
2,,,
3,,,
3,,,
3,,,
3,,,
3,,,
4,,,
3,,,
4,,,
5,,,
5,,,
5,,,
3,,,
5,,,
5,,,
6,,,
4,,,
3,,,
4,,,
5,,,
4,,,
7,,,
4,,,
2,,,
3,,,
8,,,
2,,,
2,,,
3,,,
4,,,
4,,,
6,,,
5,,,
3,,,
5,,,
3,,,
2,,,
3,,,
2,,,
2,,,
4,,,
3,,,
3,,,
3,,,
3,,,
2,,,
3,,,
3,,,
4,,,
3,,,
6,,,
4,,,
5,,,
7,,,
8,,,
2,,,
4,,,
5,,,
7,,,
3,,,
2,,,
3,,,
8,,,
4,,,
4,,,
3,,,
2,,,
2,,,
5,,,
6,,,
6,,,
2,,,
5,,,
3,,,
3,,,
4,,,
3,,,
3,,,
15,,,
5,,,
5,,,
3,,,
8,,,
5,,,
4,,,
5,,,
3,,,
11,,,
2,,,
6,,,
4,,,
6,,,
4,,,
4,,,
32,,,
4,,,
6,,,
7,,,
3,,,
5,,,
7,,,
2,,,
3,,,
4,,,
3,,,
3,,,
3,,,
3,,,
4,,,
4,,,
4,,,
6,,,
3,,,
51,,,
4,,,
3,,,
4,,,
4,,,
3,,,
3,,,
5,,,
4,,,
3,,,
5,,,
3,,,
6,,,
4,,,
3,,,
2,,,
3,,,
6,,,
3,,,
4,,,
3,,,
2,,,
5,,,
3,,,
3,,,
3,,,
8,,,
6,,,
4,,,
4,,,
9,,,
6,,,
3,,,
5,,,
4,,,
4,,,
3,,,
4,,,
3,,,
6,,,
5,,,
4,,,
3,,,
2,,,
4,,,
3,,,
8,,,
11,,,
3,,,
2,,,
3,,,
3,,,
5,,,
3,,,
3,,,
2,,,
3,,,
5,,,
4,,,
6,,,
5,,,
4,,,
3,,,
5,,,
4,,,
4,,,
3,,,
3,,,
5,,,
3,,,
5,,,
5,,,
6,,,
3,,,
4,,,
4,,,
3,,,
4,,,
9,,,
4,,,
3,,,
3,,,
3,,,
6,,,
6,,,
2,,,
4,,,
5,,,
5,,,
5,,,
4,,,
4,,,
3,,,
2,,,
3,,,
3,,,
5,,,
2,,,
5,,,
5,,,
3,,,
3,,,
3,,,
9,,,
3,,,
9,,,
5,,,
3,,,
4,,,
3,,,
2,,,
6,,,
5,,,
3,,,
3,,,
3,,,
3,,,
6,,,
5,,,
3,,,
3,,,
3,,,
3,,,
3,,,
4,,,
4,,,
4,,,
6,,,
2,,,
7,,,
3,,,
3,,,
3,,,
3,,,
5,,,
3,,,
4,,,
4,,,
4,,,
4,,,
5,,,
4,,,
4,,,
7,,,
3,,,
4,,,
2,,,
2,,,
3,,,
8,,,
5,,,
5,,,
6,,,
4,,,
4,,,
3,,,
5,,,
3,,,
5,,,
5,,,
2,,,
4,,,
19,,,
4,,,
3,,,
3,,,
7,,,
5,,,
5,,,
3,,,
6,,,
3,,,
3,,,
2,,,
4,,,
3,,,
3,,,
4,,,
3,,,
5,,,
5,,,
6,,,
5,,,
6,,,
5,,,
4,,,
3,,,
7,,,
3,,,
3,,,
7,,,
9,,,
3,,,
6,,,
4,,,
5,,,
27,,,
6,,,
3,,,
3,,,
5,,,
5,,,
3,,,
3,,,
5,,,
3,,,
6,,,
3,,,
7,,,
3,,,
7,,,
3,,,
4,,,
5,,,
4,,,
5,,,
9,,,
5,,,
3,,,
11,,,
3,,,
5,,,
4,,,
9,,,
4,,,
5,,,
3,,,
3,,,
3,,,
5,,,
5,,,
3,,,
3,,,
6,,,
4,,,
5,,,
3,,,
5,,,
3,,,
3,,,
5,,,
3,,,
6,,,
3,,,
7,,,
4,,,
3,,,
3,,,
3,,,
3,,,
3,,,
5,,,
4,,,
5,,,
3,,,
4,,,
4,,,
6,,,
7,,,
4,,,
3,,,
52,,,
7,,,
3,,,
3,,,
3,,,
3,,,
3,,,
3,,,
2,,,
3,,,
3,,,
3,,,
4,,,
2,,,
5,,,
3,,,
4,,,
4,,,
3,,,
7,,,
6,,,
6,,,
5,,,
3,,,
2,,,
3,,,
3,,,
3,,,
3,,,
4,,,
4,,,
4,,,
3,,,
3,,,
4,,,
3,,,
3,,,
3,,,
4,,,
3,,,
2,,,
4,,,
4,,,
3,,,
5,,,
3,,,
3,,,
4,,,
3,,,
7,,,
4,,,
6,,,
2,,,
7,,,
5,,,
4,,,
9,,,
3,,,
6,,,
6,,,
2,,,
3,,,
3,,,
2,,,
3,,,
7,,,
6,,,
4,,,
2,,,
4,,,
2,,,
3,,,
3,,,
3,,,
3,,,
2,,,
23,,,
3,,,
9,,,
15,,,
4,,,
3,,,
5,,,
4,,,
4,,,
3,,,
3,,,
3,,,
3,,,
3,,,
8,,,
3,,,
2,,,
3,,,
5,,,
4,,,
6,,,
4,,,
4,,,
6,,,
3,,,
2,,,
4,,,
3,,,
4,,,
4,,,
6,,,
3,,,
21,,,
3,,,
5,,,
5,,,
4,,,
3,,,
4,,,
2,,,
3,,,
5,,,
4,,,
8,,,
3,,,
4,,,
3,,,
3,,,
12,,,
3,,,
3,,,
5,,,
3,,,
5,,,
4,,,
5,,,
5,,,
4,,,
3,,,
4,,,
10,,,
4,,,
3,,,
6,,,
10,,,
3,,,
3,,,
5,,,
3,,,
8,,,
18,,,
7,,,
5,,,
4,,,
6,,,
6,,,
5,,,
4,,,
4,,,
3,,,
3,,,
4,,,
3,,,
4,,,
3,,,
5,,,
5,,,
6,,,
5,,,
4,,,
3,,,
4,,,
3,,,
3,,,
5,,,
5,,,
3,,,
7,,,
3,,,
3,,,
3,,,
4,,,
3,,,
3,,,
16,,,
7,,,
3,,,
6,,,
3,,,
3,,,
5,,,
4,,,
3,,,
8,,,
24,,,
3,,,
3,,,
2,,,
3,,,
7,,,
6,,,
5,,,
3,,,
3,,,
4,,,
4,,,
3,,,
5,,,
5,,,
3,,,
4,,,
4,,,
3,,,
2,,,
5,,,
3,,,
5,,,
7,,,
3,,,
4,,,
3,,,
3,,,
3,,,
3,,,
3,,,
4,,,
4,,,
3,,,
5,,,
7,,,
7,,,
3,,,
5,,,
2,,,
2,,,
3,,,
3,,,
4,,,
3,,,
4,,,
6,,,
7,,,
3,,,
3,,,
3,,,
6,,,
9,,,
3,,,
4,,,
3,,,
3,,,
3,,,
5,,,
5,,,
5,,,
3,,,
5,,,
4,,,
2,,,
4,,,
4,,,
5,,,
4,,,
4,,,
7,,,
6,,,
2,,,
6,,,
4,,,
4,,,
8,,,
5,,,
7,,,
7,,,
4,,,
25,,,
18,,,
5,,,
3,,,
3,,,
5,,,
4,,,
4,,,
3,,,
5,,,
3,,,
3,,,
4,,,
2,,,
5,,,
4,,,
3,,,
3,,,
4,,,
5,,,
6,,,
7,,,
4,,,
4,,,
4,,,
3,,,
3,,,
5,,,
3,,,
5,,,
4,,,
5,,,
6,,,
3,,,
4,,,
3,,,
2,,,
5,,,
7,,,
4,,,
4,,,
4,,,
5,,,
7,,,
4,,,
3,,,
4,,,
5,,,
4,,,
3,,,
3,,,
4,,,
5,,,
4,,,
6,,,
3,,,
4,,,
3,,,
4,,,
3,,,
4,,,
6,,,
6,,,
3,,,
7,,,
3,,,
2,,,
5,,,
4,,,
8,,,
8,,,
6,,,
6,,,
3,,,
6,,,
5,,,
3,,,
3,,,
3,,,
5,,,
2,,,
2,,,
5,,,
3,,,
3,,,
4,,,
7,,,
3,,,
4,,,
2,,,
4,,,
2,,,
2,,,
3,,,
4,,,
2,,,
2,,,
2,,,
2,,,
3,,,
5,,,
5,,,
3,,,
4,,,
2,,,
2,,,
3,,,
2,,,
4,,,
2,,,
2,,,
2,,,
3,,,
2,,,
2,,,
2,,,
4,,,
4,,,
4,,,
4,,,
5,,,
16,,,
3,,,
4,,,
3,,,
4,,,
4,,,
6,,,
3,,,
8,,,
9,,,
3,,,
2,,,
6,,,
3,,,
3,,,
13,,,
18,,,
3,,,
4,,,
3,,,
4,,,
4,,,
2,,,
3,,,
2,,,
3,,,
3,,,
2,,,
3,,,
2,,,
2,,,
5,,,
4,,,
3,,,
2,,,
3,,,
2,,,
2,,,
1,,,
3,,,
3,,,
2,,,
4,,,
2,,,
2,,,
5,,,
5,,,
3,,,
5,,,
3,,,
3,,,
2,,,
3,,,
2,,,
3,,,
2,,,
2,,,
2,,,
2,,,
2,,,
3,,,
16,,,
7,,,
2,,,
3,,,
28,,,
2,,,
12,,,
11,,,
2,,,
2,,,
2,,,
2,,,
2,,,
2,,,
2,,,
2,,,
5,,,
3,,,
2,,,
2,,,
2,,,
2,,,
2,,,
3,,,
2,,,
2,,,
1,,,
3,,,
5,,,
11,,,
4,,,
3,,,
2,,,
3,,,
2,,,
2,,,
4,,,
2,,,
4,,,
4,,,
2,,,
3,,,
3,,,
4,,,
3,,,
3,,,
3,,,
5,,,
2,,,
3,,,
3,,,
3,,,
3,,,
2,,,
2,,,
2,,,
2,,,
2,,,
4,,,
6,,,
4,,,
5,,,
2,,,
2,,,
4,,,
13,,,
2,,,
3,,,
2,,,
4,,,
4,,,
3,,,
4,,,
3,,,
2,,,
4,,,
2,,,
4,,,
3,,,
5,,,
4,,,
12,,,
2,,,
4,,,
3,,,
2,,,
2,,,
4,,,
2,,,
2,,,
2,,,
2,,,
3,,,
3,,,
5,,,
2,,,
4,,,
7,,,
2,,,
4,,,
2,,,
4,,,
4,,,
2,,,
3,,,
2,,,
2,,,
2,,,
9,,,
2,,,
2,,,
2,,,
2,,,
2,,,
2,,,
2,,,
3,,,
2,,,
2,,,
3,,,
2,,,
2,,,
2,,,
3,,,
2,,,
2,,,
2,,,
2,,,
2,,,
2,,,
2,,,
2,,,
4,,,
4,,,
2,,,
17,,,
2,,,
2,,,
2,,,
2,,,
5,,,
2,,,
4,,,
2,,,
2,,,
11,,,
3,,,
2,,,
4,,,
4,,,
16,,,
2,,,
17,,,
3,,,
2,,,
2,,,
2,,,
3,,,
2,,,
2,,,
2,,,
3,,,
2,,,
4,,,
2,,,
2,,,
3,,,
3,,,
2,,,
2,,,
11,,,
2,,,
2,,,
2,,,
2,,,
2,,,
5,,,
4,,,
2,,,
2,,,
3,,,
2,,,
4,,,
4,,,
2,,,
2,,,
2,,,
2,,,
3,,,
4,,,
3,,,
3,,,
3,,,
3,,,
4,,,
2,,,
3,,,
3,,,
3,,,
2,,,
2,,,
3,,,
2,,,
3,,,
2,,,
19,,,
2,,,
2,,,
2,,,
2,,,
2,,,
3,,,
2,,,
3,,,
4,,,
4,,,
2,,,
2,,,
4,,,
2,,,
2,,,
2,,,
2,,,
2,,,
2,,,
2,,,
2,,,
3,,,
3,,,
3,,,
15,,,
4,,,
3,,,
4,,,
2,,,
8,,,
3,,,
2,,,
2,,,
5,,,
3,,,
5,,,
2,,,
2,,,
4,,,
2,,,
2,,,
4,,,
2,,,
2,,,
4,,,
3,,,
3,,,
5,,,
3,,,
2,,,
4,,,
3,,,
4,,,
2,,,
4,,,
2,,,
2,,,
4,,,
2,,,
2,,,
2,,,
2,,,
3,,,
2,,,
3,,,
3,,,
2,,,
2,,,
3,,,
4,,,
3,,,
2,,,
2,,,
2,,,
3,,,
3,,,
2,,,
2,,,
11,,,
2,,,
3,,,
3,,,
4,,,
2,,,
3,,,
3,,,
3,,,
3,,,
4,,,
2,,,
3,,,
9,,,
2,,,
2,,,
3,,,
3,,,
4,,,
2,,,
3,,,
2,,,
2,,,
3,,,
2,,,
2,,,
3,,,
4,,,
2,,,
2,,,
2,,,
3,,,
2,,,
2,,,
5,,,
4,,,
3,,,
2,,,
3,,,
2,,,
2,,,
11,,,
3,,,
3,,,
2,,,
3,,,
2,,,
3,,,
4,,,
3,,,
5,,,
3,,,
3,,,
3,,,
2,,,
51,,,
3,,,
2,,,
2,,,
3,,,
3,,,
4,,,
11,,,
4,,,
3,,,
2,,,
3,,,
3,,,
3,,,
3,,,
4,,,
4,,,
4,,,
2,,,
5,,,
10,,,
2,,,
2,,,
4,,,
3,,,
2,,,
2,,,
3,,,
3,,,
4,,,
3,,,
3,,,
2,,,
6,,,
3,,,
3,,,
3,,,
2,,,
3,,,
4,,,
2,,,
2,,,
2,,,
4,,,
3,,,
3,,,
3,,,
2,,,
4,,,
3,,,
4,,,
3,,,
2,,,
4,,,
2,,,
2,,,
2,,,
2,,,
2,,,
2,,,
2,,,
4,,,
2,,,
2,,,
3,,,
2,,,
5,,,
4,,,
5,,,
3,,,
11,,,
3,,,
2,,,
4,,,
2,,,
2,,,
2,,,
2,,,
3,,,
5,,,
2,,,
2,,,
4,,,
2,,,
2,,,
2,,,
2,,,
2,,,
6,,,
2,,,
2,,,
3,,,
4,,,
6,,,
7,,,
3,,,
2,,,
17,,,
13,,,
16,,,
6,,,
4,,,
3,,,
3,,,
49,,,
3,,,
3,,,
3,,,
2,,,
4,,,
2,,,
2,,,
4,,,
3,,,
3,,,
5,,,
3,,,
3,,,
11,,,
2,,,
2,,,
3,,,
2,,,
5,,,
3,,,
4,,,
2,,,
3,,,
2,,,
3,,,
2,,,
3,,,
2,,,
3,,,
2,,,
5,,,
2,,,
2,,,
4,,,
4,,,
6,,,
6,,,
3,,,
3,,,
2,,,
2,,,
3,,,
2,,,
5,,,
2,,,
3,,,
3,,,
2,,,
2,,,
2,,,
2,,,
2,,,
3,,,
3,,,
2,,,
2,,,
2,,,
2,,,
9,,,
3,,,
2,,,
4,,,
3,,,
4,,,
2,,,
3,,,
2,,,
11,,,
3,,,
2,,,
3,,,
2,,,
6,,,
2,,,
2,,,
2,,,
2,,,
3,,,
2,,,
2,,,
4,,,
5,,,
6,,,
5,,,
3,,,
2,,,
3,,,
2,,,
2,,,
2,,,
6,,,
5,,,
6,,,
2,,,
2,,,
4,,,
2,,,
2,,,
2,,,
5,,,
4,,,
4,,,
3,,,
3,,,
3,,,
2,,,
3,,,
2,,,
3,,,
4,,,
4,,,
4,,,
2,,,
2,,,
2,,,
2,,,
5,,,
2,,,
2,,,
7,,,
3,,,
16,,,
2,,,
2,,,
4,,,
12,,,
4,,,
3,,,
3,,,
4,,,
2,,,
16,,,
3,,,
3,,,
2,,,
2,,,
3,,,
2,,,
4,,,
2,,,
2,,,
3,,,
2,,,
3,,,
12,,,
3,,,
5,,,
2,,,
2,,,
3,,,
2,,,
2,,,
2,,,
2,,,
5,,,
3,,,
2,,,
3,,,
9,,,
5,,,
4,,,
15,,,
6,,,
3,,,
6,,,
2,,,
2,,,
2,,,
2,,,
2,,,
2,,,
2,,,
2,,,
4,,,
2,,,
2,,,
4,,,
2,,,
4,,,
4,,,
2,,,
7,,,
3,,,
3,,,
3,,,
4,,,
4,,,
2,,,
2,,,
5,,,
2,,,
3,,,
2,,,
15,,,
6,,,
3,,,
2,,,
2,,,
5,,,
2,,,
3,,,
2,,,
2,,,
3,,,
4,,,
3,,,
4,,,
6,,,
2,,,
3,,,
3,,,
4,,,
2,,,
2,,,
2,,,
4,,,
3,,,
4,,,
5,,,
2,,,
3,,,
2,,,
4,,,
2,,,
2,,,
2,,,
4,,,
3,,,
3,,,
3,,,
3,,,
4,,,
3,,,
4,,,
3,,,
2,,,
2,,,
2,,,
3,,,
3,,,
3,,,
2,,,
2,,,
4,,,
13,,,
2,,,
3,,,
3,,,
2,,,
3,,,
3,,,
2,,,
4,,,
3,,,
4,,,
26,,,
3,,,
5,,,
2,,,
3,,,
2,,,
4,,,
3,,,
2,,,
3,,,
4,,,
2,,,
3,,,
3,,,
12,,,
2,,,
5,,,
4,,,
2,,,
4,,,
2,,,
3,,,
2,,,
4,,,
2,,,
2,,,
2,,,
3,,,
2,,,
3,,,
3,,,
3,,,
13,,,
4,,,
5,,,
2,,,
4,,,
4,,,
3,,,
4,,,
3,,,
2,,,
3,,,
2,,,
3,,,
3,,,
4,,,
2,,,
3,,,
6,,,
2,,,
3,,,
4,,,
4,,,
3,,,
11,,,
4,,,
2,,,
5,,,
23,,,
6,,,
3,,,
4,,,
2,,,
4,,,
16,,,
3,,,
5,,,
2,,,
7,,,
2,,,
6,,,
2,,,
5,,,
3,,,
2,,,
3,,,
12,,,
4,,,
3,,,
3,,,
3,,,
2,,,
2,,,
3,,,
2,,,
2,,,
3,,,
2,,,
4,,,
2,,,
4,,,
4,,,
9,,,
2,,,
2,,,
3,,,
2,,,
5,,,
3,,,
2,,,
0,,,
18,,,
3,,,
3,,,
2,,,
2,,,
4,,,
6,,,
10,,,
2,,,
4,,,
3,,,
3,,,
2,,,
5,,,
4,,,
47,,,
2,,,
2,,,
2,,,
5,,,
2,,,
3,,,
5,,,
5,,,
11,,,
2,,,
2,,,
3,,,
3,,,
2,,,
6,,,
2,,,
2,,,
2,,,
5,,,
2,,,
5,,,
2,,,
3,,,
2,,,
2,,,
2,,,
3,,,
2,,,
15,,,
3,,,
2,,,
6,,,
3,,,
3,,,
3,,,
3,,,
3,,,
12,,,
2,,,
2,,,
2,,,
4,,,
4,,,
4,,,
3,,,
2,,,
6,,,
3,,,
2,,,
2,,,
4,,,
2,,,
2,,,
2,,,
3,,,
2,,,
49,,,
3,,,
3,,,
2,,,
5,,,
2,,,
6,,,
2,,,
2,,,
2,,,
3,,,
2,,,
3,,,
2,,,
4,,,
4,,,
6,,,
2,,,
2,,,
2,,,
6,,,
2,,,
4,,,
4,,,
2,,,
4,,,
4,,,
2,,,
3,,,
4,,,
3,,,
5,,,
2,,,
4,,,
2,,,
2,,,
2,,,
2,,,
2,,,
7,,,
4,,,
4,,,
2,,,
3,,,
3,,,
4,,,
3,,,
2,,,
2,,,
4,,,
2,,,
2,,,
3,,,
4,,,
19,,,
4,,,
4,,,
3,,,
2,,,
3,,,
4,,,
12,,,
7,,,
2,,,
4,,,
2,,,
4,,,
2,,,
3,,,
2,,,
4,,,
2,,,
3,,,
3,,,
2,,,
3,,,
2,,,
3,,,
4,,,
2,,,
3,,,
4,,,
2,,,
3,,,
7,,,
4,,,
2,,,
2,,,
2,,,
2,,,
2,,,
5,,,
3,,,
4,,,
2,,,
2,,,
2,,,
2,,,
3,,,
2,,,
3,,,
2,,,
2,,,
2,,,
4,,,
2,,,
2,,,
4,,,
2,,,
2,,,
2,,,
2,,,
2,,,
5,,,
14,,,
2,,,
2,,,
2,,,
12,,,
2,,,
8,,,
2,,,
4,,,
3,,,
3,,,
14,,,
2,,,
2,,,
2,,,
2,,,
2,,,
2,,,
2,,,
2,,,
2,,,
3,,,
2,,,
4,,,
2,,,
2,,,
3,,,
2,,,
2,,,
2,,,
2,,,
3,,,
2,,,
2,,,
2,,,
2,,,
2,,,
2,,,
3,,,
3,,,
5,,,
2,,,
6,,,
2,,,
4,,,
4,,,
3,,,
2,,,
3,,,
2,,,
4,,,
2,,,
3,,,
2,,,
2,,,
6,,,
9,,,
3,,,
3,,,
2,,,
11,,,
4,,,
3,,,
2,,,
5,,,
2,,,
4,,,
2,,,
2,,,
3,,,
2,,,
2,,,
2,,,
2,,,
2,,,
19,,,
2,,,
7,,,
2,,,
3,,,
3,,,
3,,,
3,,,
2,,,
2,,,
3,,,
2,,,
2,,,
4,,,
2,,,
3,,,
2,,,
2,,,
3,,,
3,,,
3,,,
2,,,
13,,,
3,,,
3,,,
11,,,
7,,,
10,,,
3,,,
4,,,
4,,,
11,,,
3,,,
3,,,
3,,,
2,,,
2,,,
4,,,
3,,,
3,,,
11,,,
2,,,
2,,,
2,,,
2,,,
3,,,
2,,,
4,,,
2,,,
2,,,
14,,,
2,,,
5,,,
3,,,
2,,,
2,,,
4,,,
2,,,
2,,,
2,,,
3,,,
4,,,
12,,,
2,,,
2,,,
2,,,
3,,,
9,,,
2,,,
2,,,
4,,,
2,,,
2,,,
5,,,
4,,,
3,,,
7,,,
2,,,
4,,,
2,,,
2,,,
3,,,
4,,,
2,,,
5,,,
2,,,
2,,,
3,,,
11,,,
15,,,
2,,,
2,,,
2,,,
4,,,
2,,,
2,,,
4,,,
2,,,
2,,,
2,,,
2,,,
2,,,
5,,,
4,,,
3,,,
2,,,
4,,,
3,,,
4,,,
4,,,
4,,,
3,,,
15,,,
8,,,
10,,,
5,,,
3,,,
4,,,
4,,,
4,,,
3,,,
3,,,
3,,,
4,,,
4,,,
5,,,
5,,,
3,,,
2,,,
10,,,
15,,,
2,,,
3,,,
3,,,
5,,,
3,,,
3,,,
4,,,
7,,,
3,,,
2,,,
2,,,
3,,,
3,,,
3,,,
12,,,
3,,,
2,,,
2,,,
5,,,
2,,,
2,,,
2,,,
2,,,
4,,,
3,,,
2,,,
2,,,
2,,,
3,,,
2,,,
2,,,
2,,,
2,,,
4,,,
3,,,
2,,,
2,,,
2,,,
2,,,
2,,,
2,,,
2,,,
3,,,
4,,,
3,,,
2,,,
2,,,
3,,,
10,,,
58,,,
2,,,
2,,,
2,,,
2,,,
2,,,
2,,,
3,,,
3,,,
2,,,
4,,,
8,,,
4,,,
3,,,
3,,,
5,,,
10,,,
2,,,
2,,,
2,,,
3,,,
2,,,
4,,,
2,,,
2,,,
4,,,
2,,,
3,,,
3,,,
2,,,
2,,,
2,,,
3,,,
4,,,
2,,,
3,,,
2,,,
2,,,
4,,,
4,,,
2,,,
3,,,
2,,,
6,,,
3,,,
22,,,
2,,,
2,,,
10,,,
2,,,
2,,,
13,,,
3,,,
4,,,
2,,,
2,,,
10,,,
3,,,
2,,,
2,,,
3,,,
3,,,
10,,,
2,,,
2,,,
3,,,
2,,,
4,,,
3,,,
3,,,
3,,,
10,,,
3,,,
2,,,
3,,,
3,,,
2,,,
2,,,
2,,,
3,,,
2,,,
4,,,
3,,,
3,,,
2,,,
4,,,
2,,,
2,,,
2,,,
2,,,
2,,,
4,,,
5,,,
5,,,
11,,,
2,,,
2,,,
2,,,
2,,,
2,,,
4,,,
3,,,
5,,,
2,,,
4,,,
3,,,
2,,,
3,,,
10,,,
11,,,
3,,,
2,,,
4,,,
2,,,
2,,,
4,,,
3,,,
2,,,
10,,,
2,,,
2,,,
2,,,
4,,,
4,,,
12,,,
3,,,
2,,,
2,,,
4,,,
15,,,
3,,,
4,,,
2,,,
2,,,
4,,,
2,,,
2,,,
3,,,
4,,,
2,,,
3,,,
3,,,
12,,,
2,,,
2,,,
4,,,
3,,,
2,,,
4,,,
2,,,
3,,,
3,,,
3,,,
2,,,
3,,,
2,,,
3,,,
2,,,
2,,,
2,,,
2,,,
2,,,
2,,,
2,,,
51,,,
2,,,
5,,,
2,,,
16,,,
2,,,
2,,,
2,,,
2,,,
3,,,
4,,,
2,,,
4,,,
1,,,
3,,,
2,,,
2,,,
3,,,
3,,,
2,,,
2,,,
4,,,
2,,,
4,,,
2,,,
4,,,
2,,,
2,,,
2,,,
2,,,
2,,,
2,,,
2,,,
2,,,
2,,,
2,,,
2,,,
2,,,
2,,,
2,,,
2,,,
2,,,
2,,,
2,,,
11,,,
3,,,
2,,,
5,,,
4,,,
6,,,
4,,,
3,,,
5,,,
5,,,
3,,,
13,,,
3,,,
2,,,
2,,,
5,,,
3,,,
3,,,
2,,,
2,,,
4,,,
2,,,
2,,,
2,,,
5,,,
5,,,
2,,,
3,,,
2,,,
2,,,
2,,,
2,,,
2,,,
2,,,
3,,,
3,,,
2,,,
16,,,
2,,,
2,,,
3,,,
2,,,
2,,,
3,,,
5,,,
11,,,
5,,,
2,,,
2,,,
2,,,
2,,,
4,,,
3,,,
2,,,
60,,,
6,,,
2,,,
3,,,
3,,,
3,,,
3,,,
11,,,
2,,,
3,,,
2,,,
2,,,
3,,,
2,,,
2,,,
2,,,
2,,,
2,,,
5,,,
2,,,
10,,,
2,,,
2,,,
11,,,
2,,,
5,,,
3,,,
2,,,
4,,,
2,,,
2,,,
3,,,
2,,,
2,,,
2,,,
2,,,
3,,,
7,,,
2,,,
2,,,
12,,,
6,,,
2,,,
2,,,
5,,,
2,,,
2,,,
2,,,
15,,,
4,,,
2,,,
2,,,
10,,,
9,,,
3,,,
11,,,
4,,,
2,,,
2,,,
2,,,
4,,,
2,,,
2,,,
15,,,
3,,,
3,,,
2,,,
3,,,
2,,,
2,,,
3,,,
2,,,
4,,,
3,,,
3,,,
2,,,
2,,,
2,,,
2,,,
4,,,
4,,,
3,,,
2,,,
4,,,
2,,,
2,,,
17,,,
3,,,
2,,,
3,,,
3,,,
2,,,
2,,,
3,,,
4,,,
2,,,
4,,,
8,,,
2,,,
2,,,
2,,,
5,,,
2,,,
2,,,
3,,,
2,,,
2,,,
2,,,
4,,,
2,,,
4,,,
2,,,
4,,,
2,,,
2,,,
3,,,
2,,,
3,,,
2,,,
2,,,
3,,,
10,,,
2,,,
2,,,
2,,,
2,,,
3,,,
2,,,
6,,,
2,,,
2,,,
3,,,
2,,,
2,,,
2,,,
7,,,
2,,,
2,,,
2,,,
2,,,
2,,,
2,,,
2,,,
3,,,
5,,,
4,,,
3,,,
15,,,
4,,,
3,,,
2,,,
3,,,
2,,,
2,,,
2,,,
2,,,
4,,,
51,,,
2,,,
2,,,
2,,,
3,,,
58,,,
3,,,
2,,,
2,,,
2,,,
2,,,
2,,,
2,,,
2,,,
2,,,
3,,,
2,,,
2,,,
4,,,
4,,,
4,,,
2,,,
2,,,
2,,,
2,,,
2,,,
4,,,
3,,,
5,,,
2,,,
2,,,
4,,,
2,,,
2,,,
3,,,
4,,,
3,,,
3,,,
2,,,
2,,,
2,,,
2,,,
2,,,
3,,,
5,,,
3,,,
2,,,
3,,,
2,,,
2,,,
2,,,
2,,,
2,,,
4,,,
2,,,
4,,,
3,,,
2,,,
2,,,
2,,,
2,,,
2,,,
2,,,
4,,,
11,,,
3,,,
2,,,
2,,,
2,,,
2,,,
2,,,
2,,,
1,,,
13,,,
10,,,
2,,,
4,,,
4,,,
2,,,
2,,,
3,,,
2,,,
2,,,
3,,,
2,,,
3,,,
10,,,
4,,,
2,,,
5,,,
2,,,
2,,,
2,,,
2,,,
4,,,
2,,,
3,,,
3,,,
2,,,
17,,,
51,,,
4,,,
5,,,
2,,,
2,,,
15,,,
3,,,
3,,,
3,,,
5,,,
4,,,
4,,,
4,,,
5,,,
2,,,
3,,,
2,,,
15,,,
10,,,
10,,,
3,,,
3,,,
2,,,
3,,,
4,,,
2,,,
2,,,
3,,,
2,,,
3,,,
2,,,
10,,,
2,,,
5,,,
6,,,
6,,,
4,,,
2,,,
2,,,
12,,,
2,,,
2,,,
15,,,
2,,,
2,,,
1,,,
2,,,
2,,,
2,,,
3,,,
2,,,
2,,,
2,,,
2,,,
3,,,
4,,,
4,,,
2,,,
2,,,
3,,,
2,,,
6,,,
5,,,
2,,,
3,,,
3,,,
5,,,
9,,,
3,,,
4,,,
15,,,
3,,,
2,,,
11,,,
2,,,
2,,,
2,,,
2,,,
3,,,
2,,,
6,,,
4,,,
4,,,
2,,,
3,,,
2,,,
2,,,
3,,,
3,,,
2,,,
2,,,
2,,,
4,,,
11,,,
2,,,
4,,,
4,,,
2,,,
8,,,
3,,,
2,,,
2,,,
2,,,
3,,,
3,,,
4,,,
2,,,
2,,,
11,,,
2,,,
2,,,
2,,,
4,,,
2,,,
2,,,
3,,,
3,,,
2,,,
9,,,
2,,,
4,,,
3,,,
2,,,
2,,,
2,,,
2,,,
2,,,
2,,,
2,,,
2,,,
2,,,
2,,,
2,,,
3,,,
3,,,
2,,,
4,,,
2,,,
2,,,
2,,,
2,,,
2,,,
2,,,
2,,,
2,,,
2,,,
2,,,
2,,,
2,,,
22,,,
3,,,
2,,,
2,,,
2,,,
2,,,
4,,,
10,,,
2,,,
2,,,
3,,,
2,,,
3,,,
3,,,
2,,,
10,,,
5,,,
2,,,
2,,,
3,,,
1,,,
3,,,
3,,,
2,,,
3,,,
2,,,
4,,,
2,,,
2,,,
3,,,
2,,,
2,,,
3,,,
3,,,
2,,,
3,,,
3,,,
2,,,
2,,,
2,,,
4,,,
8,,,
11,,,
2,,,
2,,,
2,,,
2,,,
3,,,
9,,,
2,,,
2,,,
3,,,
2,,,
2,,,
3,,,
2,,,
2,,,
4,,,
2,,,
2,,,
2,,,
2,,,
2,,,
10,,,
3,,,
5,,,
2,,,
2,,,
2,,,
2,,,
2,,,
2,,,
2,,,
2,,,
2,,,
2,,,
2,,,
3,,,
3,,,
4,,,
2,,,
15,,,
2,,,
3,,,
3,,,
3,,,
3,,,
3,,,
3,,,
2,,,
4,,,
3,,,
2,,,
2,,,
11,,,
2,,,
11,,,
3,,,
2,,,
2,,,
4,,,
2,,,
2,,,
9,,,
2,,,
2,,,
16,,,
2,,,
3,,,
3,,,
4,,,
3,,,
2,,,
2,,,
3,,,
2,,,
3,,,
2,,,
4,,,
3,,,
2,,,
4,,,
2,,,
4,,,
10,,,
4,,,
2,,,
4,,,
2,,,
4,,,
2,,,
4,,,
2,,,
2,,,
8,,,
2,,,
2,,,
2,,,
3,,,
2,,,
2,,,
2,,,
2,,,
16,,,
3,,,
4,,,
2,,,
12,,,
2,,,
3,,,
12,,,
3,,,
3,,,
2,,,
2,,,
2,,,
4,,,
2,,,
2,,,
4,,,
2,,,
4,,,
12,,,
2,,,
11,,,
2,,,
2,,,
2,,,
2,,,
4,,,
2,,,
2,,,
8,,,
2,,,
2,,,
3,,,
2,,,
10,,,
2,,,
2,,,
4,,,
2,,,
2,,,
3,,,
4,,,
2,,,
10,,,
2,,,
3,,,
2,,,
3,,,
2,,,
2,,,
3,,,
4,,,
2,,,
4,,,
2,,,
11,,,
4,,,
3,,,
2,,,
2,,,
2,,,
2,,,
16,,,
2,,,
11,,,
2,,,
17,,,
5,,,
16,,,
2,,,
11,,,
2,,,
4,,,
2,,,
4,,,
2,,,
2,,,
5,,,
3,,,
3,,,
4,,,
2,,,
2,,,
14,,,
3,,,
2,,,
8,,,
3,,,
4,,,
2,,,
2,,,
16,,,
4,,,
16,,,
2,,,
4,,,
2,,,
3,,,
10,,,
6,,,
4,,,
12,,,
51,,,
12,,,
2,,,
3,,,
2,,,
3,,,
2,,,
2,,,
3,,,
3,,,
2,,,
1,,,
12,,,
2,,,
8,,,
2,,,
3,,,
2,,,
2,,,
2,,,
2,,,
6,,,
2,,,
2,,,
13,,,
6,,,
2,,,
16,,,
2,,,
2,,,
2,,,
2,,,
2,,,
2,,,
3,,,
2,,,
2,,,
4,,,
4,,,
2,,,
3,,,
2,,,
2,,,
2,,,
3,,,
4,,,
2,,,
4,,,
2,,,
2,,,
2,,,
3,,,
2,,,
3,,,
2,,,
15,,,
4,,,
2,,,
2,,,
4,,,
3,,,
4,,,
5,,,
17,,,
2,,,
4,,,
3,,,
2,,,
2,,,
3,,,
3,,,
2,,,
2,,,
3,,,
2,,,
4,,,
2,,,
2,,,
4,,,
2,,,
2,,,
2,,,
4,,,
2,,,
5,,,
10,,,
2,,,
4,,,
2,,,
2,,,
2,,,
11,,,
2,,,
14,,,
3,,,
2,,,
4,,,
8,,,
3,,,
2,,,
2,,,
5,,,
3,,,
11,,,
2,,,
2,,,
11,,,
2,,,
3,,,
2,,,
2,,,
2,,,
2,,,
2,,,
3,,,
2,,,
1,,,
4,,,
4,,,
2,,,
2,,,
2,,,
2,,,
2,,,
3,,,
2,,,
2,,,
2,,,
2,,,
1,,,
2,,,
2,,,
14,,,
2,,,
2,,,
1,,,
3,,,
4,,,
2,,,
2,,,
3,,,
4,,,
2,,,
2,,,
2,,,
2,,,
2,,,
2,,,
2,,,
4,,,
3,,,
4,,,
2,,,
2,,,
3,,,
5,,,
4,,,
9,,,
5,,,
2,,,
5,,,
2,,,
3,,,
2,,,
13,,,
2,,,
10,,,
2,,,
2,,,
2,,,
2,,,
3,,,
4,,,
2,,,
3,,,
3,,,
3,,,
2,,,
2,,,
2,,,
3,,,
2,,,
3,,,
2,,,
2,,,
2,,,
2,,,
2,,,
2,,,
3,,,
2,,,
2,,,
4,,,
4,,,
4,,,
3,,,
4,,,
2,,,
2,,,
2,,,
2,,,
2,,,
2,,,
4,,,
2,,,
2,,,
2,,,
4,,,
2,,,
3,,,
3,,,
3,,,
2,,,
14,,,
4,,,
2,,,
2,,,
2,,,
4,,,
3,,,
11,,,
3,,,
4,,,
4,,,
17,,,
2,,,
3,,,
2,,,
3,,,
2,,,
11,,,
5,,,
15,,,
3,,,
2,,,
15,,,
3,,,
2,,,
3,,,
2,,,
2,,,
2,,,
2,,,
2,,,
3,,,
24,,,
3,,,
3,,,
3,,,
11,,,
4,,,
2,,,
2,,,
2,,,
2,,,
2,,,
2,,,
2,,,
2,,,
3,,,
2,,,
2,,,
2,,,
2,,,
3,,,
2,,,
2,,,
2,,,
3,,,
2,,,
2,,,
16,,,
5,,,
12,,,
3,,,
2,,,
2,,,
2,,,
14,,,
4,,,
4,,,
10,,,
4,,,
2,,,
3,,,
2,,,
2,,,
3,,,
3,,,
4,,,
2,,,
2,,,
2,,,
15,,,
2,,,
2,,,
4,,,
4,,,
3,,,
16,,,
4,,,
4,,,
2,,,
2,,,
2,,,
3,,,
2,,,
2,,,
3,,,
2,,,
10,,,
2,,,
2,,,
3,,,
2,,,
2,,,
12,,,
3,,,
4,,,
3,,,
4,,,
2,,,
2,,,
2,,,
11,,,
4,,,
2,,,
2,,,
3,,,
3,,,
4,,,
3,,,
2,,,
3,,,
3,,,
13,,,
2,,,
2,,,
2,,,
2,,,
4,,,
2,,,
3,,,
1,,,
3,,,
2,,,
3,,,
2,,,
9,,,
3,,,
3,,,
15,,,
3,,,
3,,,
4,,,
2,,,
3,,,
2,,,
2,,,
2,,,
2,,,
2,,,
2,,,
2,,,
11,,,
4,,,
12,,,
2,,,
2,,,
4,,,
2,,,
3,,,
4,,,
3,,,
3,,,
2,,,
2,,,
2,,,
2,,,
3,,,
3,,,
2,,,
2,,,
63,,,
3,,,
2,,,
1,,,
2,,,
4,,,
2,,,
9,,,
2,,,
3,,,
2,,,
2,,,
3,,,
2,,,
2,,,
3,,,
3,,,
10,,,
2,,,
4,,,
2,,,
2,,,
3,,,
13,,,
19,,,
2,,,
3,,,
3,,,
2,,,
2,,,
11,,,
2,,,
5,,,
2,,,
4,,,
3,,,
3,,,
9,,,
4,,,
3,,,
3,,,
2,,,
2,,,
2,,,
2,,,
2,,,
2,,,
11,,,
2,,,
2,,,
2,,,
15,,,
2,,,
2,,,
2,,,
2,,,
2,,,
2,,,
2,,,
2,,,
4,,,
2,,,
3,,,
2,,,
3,,,
3,,,
2,,,
2,,,
2,,,
2,,,
15,,,
12,,,
3,,,
8,,,
4,,,
2,,,
2,,,
4,,,
2,,,
2,,,
3,,,
3,,,
2,,,
3,,,
2,,,
2,,,
2,,,
4,,,
2,,,
2,,,
2,,,
4,,,
2,,,
2,,,
3,,,
2,,,
4,,,
4,,,
2,,,
2,,,
2,,,
4,,,
2,,,
3,,,
2,,,
3,,,
3,,,
4,,,
2,,,
11,,,
2,,,
4,,,
25,,,
2,,,
2,,,
1,,,
4,,,
2,,,
2,,,
2,,,
57,,,
7,,,
2,,,
1,,,
4,,,
3,,,
3,,,
3,,,
2,,,
2,,,
2,,,
3,,,
2,,,
12,,,
2,,,
3,,,
2,,,
3,,,
4,,,
4,,,
3,,,
2,,,
2,,,
3,,,
4,,,
2,,,
4,,,
3,,,
3,,,
3,,,
2,,,
4,,,
4,,,
4,,,
2,,,
2,,,
9,,,
2,,,
2,,,
3,,,
4,,,
10,,,
2,,,
2,,,
4,,,
2,,,
2,,,
3,,,
2,,,
2,,,
2,,,
2,,,
2,,,
2,,,
2,,,
2,,,
5,,,
3,,,
2,,,
2,,,
5,,,
3,,,
2,,,
3,,,
16,,,
2,,,
4,,,
2,,,
2,,,
4,,,
3,,,
2,,,
4,,,
2,,,
2,,,
2,,,
3,,,
2,,,
3,,,
2,,,
2,,,
2,,,
2,,,
2,,,
10,,,
11,,,
3,,,
2,,,
2,,,
2,,,
2,,,
3,,,
3,,,
2,,,
2,,,
2,,,
2,,,
2,,,
2,,,
4,,,
4,,,
2,,,
3,,,
2,,,
4,,,
2,,,
3,,,
4,,,
2,,,
3,,,
4,,,
3,,,
3,,,
3,,,
15,,,
2,,,
2,,,
5,,,
2,,,
2,,,
2,,,
2,,,
5,,,
2,,,
2,,,
2,,,
8,,,
3,,,
4,,,
3,,,
2,,,
2,,,
15,,,
4,,,
4,,,
10,,,
3,,,
2,,,
2,,,
2,,,
2,,,
2,,,
3,,,
2,,,
2,,,
2,,,
2,,,
3,,,
3,,,
2,,,
3,,,
2,,,
10,,,
3,,,
6,,,
2,,,
2,,,
2,,,
2,,,
2,,,
2,,,
3,,,
2,,,
2,,,
2,,,
2,,,
2,,,
2,,,
2,,,
2,,,
2,,,
11,,,
2,,,
11,,,
2,,,
2,,,
2,,,
3,,,
2,,,
3,,,
2,,,
3,,,
2,,,
2,,,
2,,,
2,,,
3,,,
2,,,
2,,,
2,,,
2,,,
5,,,
2,,,
2,,,
1,,,
4,,,
2,,,
2,,,
2,,,
2,,,
2,,,
2,,,
2,,,
2,,,
2,,,
2,,,
2,,,
4,,,
2,,,
2,,,
2,,,
2,,,
2,,,
15,,,
2,,,
2,,,
2,,,
2,,,
2,,,
2,,,
2,,,
5,,,
16,,,
16,,,
2,,,
2,,,
2,,,
2,,,
2,,,
4,,,
15,,,
5,,,
2,,,
11,,,
2,,,
2,,,
4,,,
15,,,
2,,,
2,,,
2,,,
4,,,
3,,,
12,,,
2,,,
4,,,
2,,,
2,,,
4,,,
4,,,
3,,,
2,,,
2,,,
2,,,
4,,,
2,,,
3,,,
3,,,
2,,,
2,,,
2,,,
3,,,
8,,,
3,,,
15,,,
2,,,
2,,,
2,,,
2,,,
3,,,
4,,,
3,,,
4,,,
4,,,
3,,,
2,,,
3,,,
3,,,
2,,,
4,,,
2,,,
13,,,
5,,,
3,,,
2,,,
7,,,
3,,,
2,,,
13,,,
2,,,
3,,,
5,,,
4,,,
3,,,
3,,,
3,,,
5,,,
2,,,
3,,,
3,,,
12,,,
3,,,
2,,,
15,,,
2,,,
2,,,
2,,,
3,,,
15,,,
26,,,
2,,,
2,,,
2,,,
5,,,
3,,,
4,,,
2,,,
3,,,
2,,,
2,,,
2,,,
4,,,
4,,,
3,,,
10,,,
10,,,
3,,,
4,,,
10,,,
3,,,
3,,,
11,,,
2,,,
5,,,
0,,,
3,,,
3,,,
4,,,
16,,,
10,,,
3,,,
5,,,
3,,,
2,,,
4,,,
11,,,
3,,,
2,,,
2,,,
11,,,
4,,,
2,,,
2,,,
2,,,
2,,,
2,,,
2,,,
2,,,
2,,,
2,,,
2,,,
2,,,
2,,,
2,,,
2,,,
2,,,
2,,,
2,,,
2,,,
2,,,
2,,,
2,,,
3,,,
2,,,
2,,,
2,,,
2,,,
3,,,
2,,,
11,,,
2,,,
3,,,
2,,,
3,,,
4,,,
2,,,
2,,,
3,,,
2,,,
3,,,
2,,,
2,,,
2,,,
2,,,
3,,,
2,,,
3,,,
3,,,
2,,,
2,,,
4,,,
2,,,
2,,,
2,,,
2,,,
2,,,
2,,,
3,,,
3,,,
3,,,
2,,,
2,,,
2,,,
2,,,
3,,,
2,,,
2,,,
2,,,
2,,,
2,,,
3,,,
3,,,
4,,,
3,,,
12,,,
2,,,
2,,,
2,,,
2,,,
11,,,
10,,,
2,,,
3,,,
2,,,
10,,,
2,,,
3,,,
2,,,
3,,,
12,,,
2,,,
3,,,
3,,,
2,,,
2,,,
4,,,
10,,,
2,,,
2,,,
3,,,
4,,,
38,,,
4,,,
5,,,
11,,,
3,,,
7,,,
3,,,
3,,,
12,,,
16,,,
3,,,
10,,,
3,,,
3,,,
3,,,
2,,,
5,,,
2,,,
10,,,
3,,,
3,,,
3,,,
3,,,
2,,,
15,,,
2,,,
2,,,
3,,,
3,,,
2,,,
4,,,
4,,,
4,,,
3,,,
3,,,
2,,,
2,,,
2,,,
10,,,
5,,,
5,,,
3,,,
11,,,
3,,,
2,,,
2,,,
9,,,
2,,,
2,,,
3,,,
5,,,
2,,,
2,,,
3,,,
3,,,
4,,,
2,,,
2,,,
2,,,
2,,,
2,,,
2,,,
2,,,
2,,,
2,,,
2,,,
2,,,
2,,,
2,,,
4,,,
2,,,
3,,,
5,,,
5,,,
1,,,
2,,,
2,,,
2,,,
4,,,
4,,,
2,,,
2,,,
2,,,
2,,,
15,,,
2,,,
2,,,
2,,,
2,,,
4,,,
16,,,
3,,,
2,,,
2,,,
2,,,
2,,,
3,,,
10,,,
2,,,
2,,,
3,,,
2,,,
3,,,
15,,,
2,,,
2,,,
3,,,
4,,,
2,,,
12,,,
3,,,
1,,,
4,,,
2,,,
2,,,
2,,,
2,,,
4,,,
2,,,
2,,,
2,,,
3,,,
3,,,
2,,,
2,,,
2,,,
3,,,
27,,,
2,,,
2,,,
4,,,
4,,,
11,,,
3,,,
2,,,
2,,,
2,,,
2,,,
2,,,
4,,,
3,,,
4,,,
2,,,
2,,,
4,,,
2,,,
4,,,
4,,,
3,,,
3,,,
2,,,
2,,,
4,,,
2,,,
2,,,
2,,,
3,,,
2,,,
7,,,
3,,,
15,,,
2,,,
2,,,
2,,,
3,,,
2,,,
2,,,
2,,,
2,,,
2,,,
2,,,
3,,,
2,,,
2,,,
2,,,
2,,,
2,,,
4,,,
3,,,
62,,,
3,,,
16,,,
2,,,
2,,,
2,,,
2,,,
3,,,
2,,,
3,,,
4,,,
2,,,
16,,,
2,,,
11,,,
2,,,
2,,,
4,,,
2,,,
2,,,
2,,,
2,,,
5,,,
2,,,
5,,,
2,,,
4,,,
4,,,
2,,,
4,,,
3,,,
2,,,
11,,,
4,,,
2,,,
4,,,
2,,,
3,,,
3,,,
3,,,
2,,,
4,,,
2,,,
2,,,
2,,,
2,,,
4,,,
3,,,
2,,,
6,,,
3,,,
2,,,
2,,,
3,,,
3,,,
5,,,
5,,,
5,,,
2,,,
3,,,
2,,,
14,,,
2,,,
2,,,
4,,,
3,,,
3,,,
8,,,
12,,,
4,,,
4,,,
3,,,
7,,,
5,,,
3,,,
3,,,
3,,,
6,,,
39,,,
2,,,
10,,,
3,,,
3,,,
9,,,
15,,,
3,,,
3,,,
2,,,
2,,,
2,,,
2,,,
15,,,
2,,,
2,,,
4,,,
4,,,
4,,,
6,,,
2,,,
6,,,
4,,,
4,,,
3,,,
4,,,
2,,,
3,,,
2,,,
4,,,
10,,,
3,,,
2,,,
2,,,
4,,,
2,,,
2,,,
3,,,
3,,,
4,,,
2,,,
4,,,
2,,,
3,,,
2,,,
2,,,
2,,,
2,,,
3,,,
3,,,
3,,,
2,,,
10,,,
2,,,
2,,,
4,,,
2,,,
2,,,
3,,,
3,,,
2,,,
2,,,
5,,,
3,,,
2,,,
3,,,
2,,,
2,,,
2,,,
2,,,
6,,,
3,,,
4,,,
4,,,
2,,,
2,,,
3,,,
10,,,
2,,,
4,,,
3,,,
2,,,
2,,,
2,,,
2,,,
3,,,
2,,,
2,,,
2,,,
3,,,
2,,,
2,,,
3,,,
2,,,
2,,,
2,,,
2,,,
2,,,
2,,,
4,,,
4,,,
2,,,
16,,,
2,,,
4,,,
2,,,
3,,,
2,,,
4,,,
3,,,
2,,,
2,,,
2,,,
2,,,
2,,,
2,,,
2,,,
3,,,
3,,,
9,,,
1,,,
2,,,
2,,,
2,,,
3,,,
3,,,
2,,,
5,,,
2,,,
2,,,
2,,,
2,,,
2,,,
2,,,
3,,,
2,,,
2,,,
3,,,
2,,,
2,,,
2,,,
2,,,
3,,,
10,,,
3,,,
3,,,
2,,,
2,,,
2,,,
4,,,
2,,,
2,,,
2,,,
3,,,
6,,,
15,,,
3,,,
2,,,
2,,,
2,,,
2,,,
2,,,
2,,,
2,,,
2,,,
2,,,
2,,,
2,,,
2,,,
2,,,
2,,,
2,,,
2,,,
2,,,
9,,,
3,,,
2,,,
2,,,
4,,,
5,,,
2,,,
2,,,
4,,,
5,,,
3,,,
3,,,
2,,,
4,,,
5,,,
2,,,
2,,,
2,,,
2,,,
2,,,
14,,,
2,,,
2,,,
4,,,
3,,,
3,,,
2,,,
2,,,
3,,,
3,,,
2,,,
2,,,
2,,,
4,,,
2,,,
3,,,
4,,,
4,,,
3,,,
2,,,
8,,,
3,,,
2,,,
2,,,
11,,,
3,,,
2,,,
2,,,
3,,,
3,,,
2,,,
2,,,
4,,,
2,,,
2,,,
2,,,
2,,,
9,,,
2,,,
5,,,
5,,,
2,,,
4,,,
11,,,
2,,,
4,,,
3,,,
2,,,
2,,,
2,,,
3,,,
4,,,
2,,,
3,,,
2,,,
4,,,
2,,,
2,,,
2,,,
2,,,
2,,,
2,,,
2,,,
4,,,
3,,,
2,,,
4,,,
3,,,
2,,,
4,,,
14,,,
15,,,
2,,,
27,,,
4,,,
2,,,
2,,,
2,,,
2,,,
3,,,
2,,,
2,,,
2,,,
2,,,
6,,,
3,,,
4,,,
2,,,
15,,,
2,,,
2,,,
5,,,
14,,,
3,,,
9,,,
2,,,
2,,,
3,,,
2,,,
4,,,
2,,,
1,,,
2,,,
3,,,
2,,,
3,,,
2,,,
2,,,
2,,,
2,,,
3,,,
2,,,
2,,,
2,,,
4,,,
3,,,
10,,,
3,,,
24,,,
12,,,
2,,,
2,,,
3,,,
2,,,
2,,,
3,,,
2,,,
2,,,
3,,,
16,,,
3,,,
4,,,
4,,,
6,,,
3,,,
15,,,
19,,,
3,,,
2,,,
4,,,
2,,,
2,,,
2,,,
2,,,
2,,,
5,,,
2,,,
3,,,
2,,,
3,,,
2,,,
2,,,
2,,,
4,,,
12,,,
2,,,
3,,,
4,,,
11,,,
2,,,
10,,,
3,,,
2,,,
2,,,
3,,,
2,,,
4,,,
4,,,
2,,,
2,,,
2,,,
2,,,
11,,,
2,,,
2,,,
4,,,
3,,,
2,,,
2,,,
3,,,
2,,,
13,,,
2,,,
2,,,
2,,,
2,,,
4,,,
2,,,
2,,,
2,,,
3,,,
2,,,
4,,,
2,,,
2,,,
3,,,
2,,,
2,,,
2,,,
4,,,
3,,,
2,,,
3,,,
4,,,
3,,,
2,,,
2,,,
3,,,
2,,,
3,,,
2,,,
4,,,
4,,,
5,,,
2,,,
2,,,
15,,,
3,,,
2,,,
2,,,
10,,,
3,,,
3,,,
3,,,
4,,,
2,,,
4,,,
2,,,
2,,,
2,,,
3,,,
4,,,
3,,,
2,,,
3,,,
3,,,
2,,,
2,,,
2,,,
2,,,
3,,,
2,,,
10,,,
4,,,
11,,,
3,,,
2,,,
4,,,
2,,,
2,,,
2,,,
4,,,
2,,,
4,,,
2,,,
4,,,
4,,,
3,,,
2,,,
4,,,
2,,,
2,,,
2,,,
3,,,
3,,,
11,,,
3,,,
2,,,
2,,,
2,,,
3,,,
3,,,
4,,,
2,,,
2,,,
3,,,
3,,,
2,,,
3,,,
3,,,
2,,,
4,,,
3,,,
12,,,
3,,,
2,,,
2,,,
13,,,
2,,,
3,,,
9,,,
2,,,
3,,,
2,,,
5,,,
2,,,
3,,,
3,,,
2,,,
11,,,
4,,,
4,,,
3,,,
2,,,
2,,,
4,,,
2,,,
2,,,
2,,,
2,,,
2,,,
3,,,
2,,,
2,,,
3,,,
2,,,
2,,,
2,,,
3,,,
2,,,
3,,,
3,,,
3,,,
2,,,
2,,,
3,,,
2,,,
2,,,
2,,,
15,,,
3,,,
3,,,
2,,,
2,,,
2,,,
3,,,
2,,,
3,,,
4,,,
12,,,
2,,,
3,,,
2,,,
2,,,
3,,,
2,,,
2,,,
2,,,
2,,,
4,,,
3,,,
2,,,
2,,,
4,,,
2,,,
2,,,
11,,,
3,,,
2,,,
11,,,
2,,,
2,,,
3,,,
2,,,
2,,,
2,,,
3,,,
5,,,
2,,,
4,,,
2,,,
4,,,
3,,,
2,,,
3,,,
3,,,
2,,,
2,,,
4,,,
2,,,
4,,,
4,,,
4,,,
4,,,
3,,,
10,,,
70,,,
17,,,
2,,,
4,,,
17,,,
41,,,
3,,,
5,,,
9,,,
2,,,
2,,,
5,,,
5,,,
5,,,
2,,,
4,,,
3,,,
10,,,
4,,,
4,,,
4,,,
11,,,
2,,,
2,,,
12,,,
3,,,
3,,,
2,,,
2,,,
3,,,
3,,,
3,,,
3,,,
2,,,
2,,,
2,,,
3,,,
2,,,
2,,,
2,,,
2,,,
3,,,
2,,,
3,,,
5,,,
3,,,
2,,,
2,,,
4,,,
2,,,
2,,,
2,,,
2,,,
10,,,
4,,,
3,,,
2,,,
3,,,
11,,,
4,,,
2,,,
2,,,
2,,,
2,,,
2,,,
17,,,
4,,,
3,,,
3,,,
3,,,
2,,,
2,,,
2,,,
2,,,
2,,,
4,,,
15,,,
3,,,
2,,,
2,,,
2,,,
13,,,
4,,,
2,,,
2,,,
2,,,
2,,,
2,,,
3,,,
1,,,
11,,,
3,,,
2,,,
3,,,
Ping Roundtrip: 0 ms
Ping Roundtrip: 0 ms
Ping Roundtrip: 0 ms
Ping Roundtrip: 0 ms
Ping Roundtrip: 2 ms
Ping Roundtrip: 1 ms
Ping Roundtrip: 4 ms
Ping Roundtrip: 3 ms
Ping Roundtrip: 4 ms
Ping Roundtrip: 8 ms
Ping Roundtrip: 3 ms
Ping Roundtrip: 3 ms
Ping Roundtrip: 4 ms
Ping Roundtrip: 5 ms
Ping Roundtrip: 4 ms
Ping Roundtrip: 3 ms
Ping Roundtrip: 3 ms
Ping Roundtrip: 4 ms
Ping Roundtrip: 3 ms
Ping Roundtrip: 3 ms
Ping Roundtrip: 4 ms
Ping Roundtrip: 4 ms
Ping Roundtrip: 3 ms
Ping Roundtrip: 3 ms
Ping Roundtrip: 2 ms
Ping Roundtrip: 9 ms
Ping Roundtrip: 4 ms
Ping Roundtrip: 1 ms
Ping Roundtrip: 8 ms
Ping Roundtrip: 3 ms
Ping Roundtrip: 3 ms
Ping Roundtrip: 4 ms
Ping Roundtrip: 4 ms
Ping Roundtrip: 4 ms
Ping Roundtrip: 4 ms
Ping Roundtrip: 3 ms
Ping Roundtrip: 1 ms
Ping Roundtrip: 8 ms
Ping Roundtrip: 3 ms
Ping Roundtrip: 4 ms
Ping Roundtrip: 3 ms
Ping Roundtrip: 0 ms
Ping Roundtrip: 8 ms
Ping Roundtrip: 4 ms
Ping Roundtrip: 4 ms
Ping Roundtrip: 19 ms
Ping Roundtrip: 22 ms
Ping Roundtrip: 23 ms
Ping Roundtrip: 22 ms
Ping Roundtrip: 23 ms
Ping Roundtrip: 22 ms
Ping Roundtrip: 0 ms
Ping Roundtrip: 0 ms
Ping Roundtrip: 1 ms
Ping Roundtrip: 2 ms
Ping Roundtrip: 3 ms
Ping Roundtrip: 3 ms
Ping Roundtrip: 3 ms
Ping Roundtrip: 3 ms
Ping Roundtrip: 4 ms
Ping Roundtrip: 3 ms
Ping Roundtrip: 3 ms
Ping Roundtrip: 1 ms
Ping Roundtrip: 3 ms
Ping Roundtrip: 3 ms
Ping Roundtrip: 3 ms
Ping Roundtrip: 1 ms
Ping Roundtrip: 1 ms
Ping Roundtrip: 3 ms
Ping Roundtrip: 4 ms
Ping Roundtrip: 6 ms
Ping Roundtrip: 1 ms
Ping Roundtrip: 1 ms
Ping Roundtrip: 1 ms
Ping Roundtrip: 1 ms
Ping Roundtrip: 1 ms
Ping Roundtrip: 1 ms
Ping Roundtrip: 1 ms
Ping Roundtrip: 1 ms
Ping Roundtrip: 3 ms
Ping Roundtrip: 3 ms
Ping Roundtrip: 4 ms
Ping Roundtrip: 0 ms
Ping Roundtrip: 0 ms
Ping Roundtrip: 0 ms
Ping Roundtrip: 0 ms
Ping Roundtrip: 0 ms
Ping Roundtrip: 0 ms
Ping Roundtrip: 0 ms
Ping Roundtrip: 0 ms
Ping Roundtrip: 0 ms
Ping Roundtrip: 0 ms
Ping Roundtrip: 0 ms
Ping Roundtrip: 0 ms
Ping Roundtrip: 0 ms
Ping Roundtrip: 0 ms
Ping Roundtrip: 0 ms
Ping Roundtrip: 0 ms
Ping Roundtrip: 0 ms
Ping Roundtrip: 0 ms
Ping Roundtrip: 0 ms
Ping Roundtrip: 0 ms
Ping Roundtrip: 0 ms
Ping Roundtrip: 0 ms
Ping Roundtrip: 0 ms
Ping Roundtrip: 0 ms
Ping Roundtrip: 0 ms
Ping Roundtrip: 0 ms
Ping Roundtrip: 0 ms
Ping Roundtrip: 0 ms
Ping Roundtrip: 0 ms
Ping Roundtrip: 0 ms
Ping Roundtrip: 0 ms
Ping Roundtrip: 0 ms
Ping Roundtrip: 0 ms
Ping Roundtrip: 0 ms
Ping Roundtrip: 0 ms
Ping Roundtrip: 0 ms
Ping Roundtrip: 0 ms
Ping Roundtrip: 0 ms
Ping Roundtrip: 0 ms
Ping Roundtrip: 0 ms
Ping Roundtrip: 0 ms
Ping Roundtrip: 0 ms
Ping Roundtrip: 0 ms
Ping Roundtrip: 0 ms
Ping Roundtrip: 0 ms
Ping Roundtrip: 0 ms
Ping Roundtrip: 0 ms
Ping Roundtrip: 0 ms
Ping Roundtrip: 0 ms
Ping Roundtrip: 0 ms
Ping Roundtrip: 0 ms
Ping Roundtrip: 0 ms
Ping Roundtrip: 0 ms
Ping Roundtrip: 400 ms
Ping Roundtrip: 88 ms
Ping Roundtrip: 50 ms
Ping Roundtrip: 3 ms
Ping Roundtrip: 1 ms
Ping Roundtrip: 1 ms
Ping Roundtrip: 1 ms
Ping Roundtrip: 1 ms
Ping Roundtrip: 8 ms
Ping Roundtrip: 1 ms
Ping Roundtrip: 1 ms
Ping Roundtrip: 1 ms
Ping Roundtrip: 26 ms
Ping Roundtrip: 1 ms
Ping Roundtrip: 2 ms
Ping Roundtrip: 1 ms
Ping Roundtrip: 17 ms
Ping Roundtrip: 7 ms
Ping Roundtrip: 88 ms
Ping Roundtrip: 3 ms
Ping Roundtrip: 1 ms
Ping Roundtrip: 1 ms
Ping Roundtrip: 1 ms
Ping Roundtrip: 6 ms
Ping Roundtrip: 1 ms
Ping Roundtrip: 3 ms
Ping Roundtrip: 3 ms
Ping Roundtrip: 3 ms
Ping Roundtrip: 1 ms
Ping Roundtrip: 1 ms
Ping Roundtrip: 39 ms
Ping Roundtrip: 3 ms
Ping Roundtrip: 3 ms
Ping Roundtrip: 3 ms
Ping Roundtrip: 1 ms
Ping Roundtrip: 1 ms
Ping Roundtrip: 9 ms
Ping Roundtrip: 3 ms
Ping Roundtrip: 3 ms
Ping Roundtrip: 72 ms
Ping Roundtrip: 3 ms
Ping Roundtrip: 1 ms
Ping Roundtrip: 1 ms
Ping Roundtrip: 11 ms
Ping Roundtrip: 1 ms
Ping Roundtrip: 1 ms
Ping Roundtrip: 1 ms
Ping Roundtrip: 1 ms
Ping Roundtrip: 2 ms
Ping Roundtrip: 1 ms
Ping Roundtrip: 1 ms
Ping Roundtrip: 2 ms
Ping Roundtrip: 2 ms
Ping Roundtrip: 1 ms
Ping Roundtrip: 2 ms
Ping Roundtrip: 1 ms
Ping Roundtrip: 1 ms
Ping Roundtrip: 1 ms
Ping Roundtrip: 2 ms
Ping Roundtrip: 1 ms
Ping Roundtrip: 3 ms
Ping Roundtrip: 1 ms
Ping Roundtrip: 3 ms
Ping Roundtrip: 44 ms
Ping Roundtrip: 1 ms
Ping Roundtrip: 2 ms
Ping Roundtrip: 2 ms
Ping Roundtrip: 1 ms
Ping Roundtrip: 3 ms
Ping Roundtrip: 3 ms
Ping Roundtrip: 1 ms
Ping Roundtrip: 1 ms
Ping Roundtrip: 2 ms
Ping Roundtrip: 2 ms
Ping Roundtrip: 2 ms
Ping Roundtrip: 2 ms
Ping Roundtrip: 1 ms
Ping Roundtrip: 88 ms
Ping Roundtrip: 4 ms
Ping Roundtrip: 4 ms
Ping Roundtrip: 4 ms
Ping Roundtrip: 52 ms
Ping Roundtrip: 2 ms
Ping Roundtrip: 1 ms
Ping Roundtrip: 2 ms
Ping Roundtrip: 1 ms
Ping Roundtrip: 13 ms
Ping Roundtrip: 13 ms
Ping Roundtrip: 3 ms
Ping Roundtrip: 3 ms
Ping Roundtrip: 1 ms
Ping Roundtrip: 2 ms
Ping Roundtrip: 2 ms
Ping Roundtrip: 1 ms
Ping Roundtrip: 34 ms
Ping Roundtrip: 14 ms
Ping Roundtrip: 1 ms
Ping Roundtrip: 50 ms
Ping Roundtrip: 1 ms
Ping Roundtrip: 1 ms
Ping Roundtrip: 2 ms
Ping Roundtrip: 1 ms
Ping Roundtrip: 9 ms
Ping Roundtrip: 25 ms
Ping Roundtrip: 3 ms
Ping Roundtrip: 2 ms
Ping Roundtrip: 1 ms
Ping Roundtrip: 3 ms
Ping Roundtrip: 3 ms
Ping Roundtrip: 1 ms
Ping Roundtrip: 1 ms
Ping Roundtrip: 1 ms
Ping Roundtrip: 1 ms
Ping Roundtrip: 1 ms
Ping Roundtrip: 3 ms
Ping Roundtrip: 1 ms
Ping Roundtrip: 1 ms
Ping Roundtrip: 3 ms
Ping Roundtrip: 2 ms
Ping Roundtrip: 1 ms
Ping Roundtrip: 3 ms
Ping Roundtrip: 38 ms
Ping Roundtrip: 1 ms
Ping Roundtrip: 3 ms
Ping Roundtrip: 1 ms
Ping Roundtrip: 1 ms
Ping Roundtrip: 3 ms
Ping Roundtrip: 2 ms
Ping Roundtrip: 1 ms
Ping Roundtrip: 3 ms
Ping Roundtrip: 1 ms
Ping Roundtrip: 1 ms
Ping Roundtrip: 3 ms
Ping Roundtrip: 1 ms
Ping Roundtrip: 1 ms
Ping Roundtrip: 2 ms
Ping Roundtrip: 15 ms
Ping Roundtrip: 7 ms
Ping Roundtrip: 3 ms
Ping Roundtrip: 3 ms
Ping Roundtrip: 2 ms
Ping Roundtrip: 3 ms
Ping Roundtrip: 5 ms
Ping Roundtrip: 42 ms
Ping Roundtrip: 3 ms
Ping Roundtrip: 18 ms
Ping Roundtrip: 8 ms
Ping Roundtrip: 62 ms
Ping Roundtrip: 6 ms
Ping Roundtrip: 9 ms
Ping Roundtrip: 4 ms
Ping Roundtrip: 7 ms
Ping Roundtrip: 8 ms
Ping Roundtrip: 7 ms
Ping Roundtrip: 7 ms
Ping Roundtrip: 6 ms
Ping Roundtrip: 4 ms
Ping Roundtrip: 3 ms
Ping Roundtrip: 9 ms
Ping Roundtrip: 2 ms
Ping Roundtrip: 3 ms
Ping Roundtrip: 3 ms
Ping Roundtrip: 3 ms
Ping Roundtrip: 4 ms
Ping Roundtrip: 3 ms
Ping Roundtrip: 3 ms
Ping Roundtrip: 3 ms
Ping Roundtrip: 7 ms
Ping Roundtrip: 2 ms
Ping Roundtrip: 7 ms
Ping Roundtrip: 4 ms
Ping Roundtrip: 12 ms
Ping Roundtrip: 2 ms
Ping Roundtrip: 3 ms
Ping Roundtrip: 15 ms
Ping Roundtrip: 3 ms
Ping Roundtrip: 3 ms
Ping Roundtrip: 3 ms
Ping Roundtrip: 2 ms
Ping Roundtrip: 8 ms
Ping Roundtrip: 3 ms
Ping Roundtrip: 2 ms
Ping Roundtrip: 8 ms
Ping Roundtrip: 3 ms
Ping Roundtrip: 3 ms
Ping Roundtrip: 147 ms
Ping Roundtrip: 3 ms
Ping Roundtrip: 3 ms
Ping Roundtrip: 3 ms
Ping Roundtrip: 4 ms
Ping Roundtrip: 28 ms
Ping Roundtrip: 3 ms
Ping Roundtrip: 2 ms
Ping Roundtrip: 2 ms
Ping Roundtrip: 8 ms
Ping Roundtrip: 11 ms
